{
  "ticker": "AA",
  "valuation": {
    "PE_valuation": 9.992757, 
    "DFC_valuation": -1215.194815
  },
  "ratios": {
    "ROIC": 0.000000,
    "PB": 0.000000
  },
  "ownerEarnings": 813000000,
  "growth_rate_revenue": 3.256971,
  "growth_rate_net_income": -14.345528
}
