{
  "ticker": "AAM-PA",
  "valuation": {
    "PE_valuation": 62.037576, 
    "DFC_valuation": 2564.697237
  },
  "ratios": {
    "ROIC": 1.721509,
    "PB": 20.180167
  },
  "ownerEarnings": -1640843000,
  "growth_rate_revenue": -123.450906,
  "growth_rate_net_income": -258.012329
}
