{
  "ticker": "AAT",
  "valuation": {
    "PE_valuation": 50.118760, 
    "DFC_valuation": 207.445925
  },
  "ratios": {
    "ROIC": 3.902851,
    "PB": 1.654111
  },
  "ownerEarnings": 400545000,
  "growth_rate_revenue": 21.202385,
  "growth_rate_net_income": 397.128415
}
