{
  "ticker": "ABC",
  "valuation": {
    "PE_valuation": 1310.615058, 
    "DFC_valuation": 56475.090394
  },
  "ratios": {
    "ROIC": 33.372814,
    "PB": -97.357051
  },
  "ownerEarnings": 3390005000,
  "growth_rate_revenue": 23.068116,
  "growth_rate_net_income": 53.978114
}
