{
  "ticker": "ABCB",
  "valuation": {
    "PE_valuation": 505.227749, 
    "DFC_valuation": 236516.954854
  },
  "ratios": {
    "ROIC": 8.027778,
    "PB": 1.021057
  },
  "ownerEarnings": 558866000,
  "growth_rate_revenue": 29.406507,
  "growth_rate_net_income": 32.162354
}
