{
  "ticker": "ABCM",
  "valuation": {
    "PE_valuation": -100.877987, 
    "DFC_valuation": -2099.528816
  },
  "ratios": {
    "ROIC": -0.526746,
    "PB": 4.046240
  },
  "ownerEarnings": 73200000,
  "growth_rate_revenue": 76.955775,
  "growth_rate_net_income": 83.747693
}
