{
  "ticker": "ABEV",
  "valuation": {
    "PE_valuation": 110.350187, 
    "DFC_valuation": 2558.386638
  },
  "ratios": {
    "ROIC": 20.808481,
    "PB": 2.801499
  },
  "ownerEarnings": 36678600000,
  "growth_rate_revenue": 27.768002,
  "growth_rate_net_income": 43.310024
}
