{
  "ticker": "ABG",
  "valuation": {
    "PE_valuation": 3122.446885, 
    "DFC_valuation": 286818.447879
  },
  "ratios": {
    "ROIC": 14.078575,
    "PB": 1.376804
  },
  "ownerEarnings": 1060600000,
  "growth_rate_revenue": 300.230351,
  "growth_rate_net_income": 515.762791
}
