{
  "ticker": "ABIO",
  "valuation": {
    "PE_valuation": 0.000002, 
    "DFC_valuation": -19.169788
  },
  "ratios": {
    "ROIC": -19.493427,
    "PB": 661.993271
  },
  "ownerEarnings": -9939000,
  "growth_rate_revenue": 418.226419,
  "growth_rate_net_income": 71.178182
}
