{
  "ticker": "ABMD",
  "valuation": {
    "PE_valuation": 4516.464732, 
    "DFC_valuation": 932634.850864
  },
  "ratios": {
    "ROIC": 17.758804,
    "PB": 10.013265
  },
  "ownerEarnings": 511892000,
  "growth_rate_revenue": -9.118934,
  "growth_rate_net_income": -55.582137
}
