{
  "ticker": "ABNB",
  "valuation": {
    "PE_valuation": -473.054021, 
    "DFC_valuation": 823.941206
  },
  "ratios": {
    "ROIC": 20.775598,
    "PB": 9.470986
  },
  "ownerEarnings": 995000000,
  "growth_rate_revenue": 40.495605,
  "growth_rate_net_income": 918.384334
}
