{
  "ticker": "ABR-PD",
  "valuation": {
    "PE_valuation": 138.020292, 
    "DFC_valuation": 117155.475502
  },
  "ratios": {
    "ROIC": 4.985158,
    "PB": 0.742607
  },
  "ownerEarnings": 1324824000,
  "growth_rate_revenue": 131.614406,
  "growth_rate_net_income": 152.080946
}
