{
  "ticker": "ABST",
  "valuation": {
    "PE_valuation": -516.548235, 
    "DFC_valuation": 785950.978645
  },
  "ratios": {
    "ROIC": -2.126997,
    "PB": 136.229621
  },
  "ownerEarnings": 27892000,
  "growth_rate_revenue": 64.340094,
  "growth_rate_net_income": -22.145706
}
