{
  "ticker": "ABT",
  "valuation": {
    "PE_valuation": 358.381796, 
    "DFC_valuation": -799.008943
  },
  "ratios": {
    "ROIC": 15.248859,
    "PB": 5.126287
  },
  "ownerEarnings": 9020999190,
  "growth_rate_revenue": 16.128271,
  "growth_rate_net_income": 19.684859
}
