{
  "ticker": "ABTX",
  "valuation": {
    "PE_valuation": 127.948573, 
    "DFC_valuation": 1101.406336
  },
  "ratios": {
    "ROIC": 0.000000,
    "PB": 1.055421
  },
  "ownerEarnings": 137296000,
  "growth_rate_revenue": 40.495276,
  "growth_rate_net_income": 60.121930
}
