{
  "ticker": "ACBI",
  "valuation": {
    "PE_valuation": 20.028486, 
    "DFC_valuation": 399.349297
  },
  "ratios": {
    "ROIC": 0.000000,
    "PB": 1.003485
  },
  "ownerEarnings": 55146000,
  "growth_rate_revenue": 30.746363,
  "growth_rate_net_income": -545.130357
}
