{
  "ticker": "ACEV",
  "valuation": {
    "PE_valuation": -0.000000, 
    "DFC_valuation": -16903.208349
  },
  "ratios": {
    "ROIC": 1417.382230,
    "PB": -3323.652743
  },
  "ownerEarnings": 38518000,
  "growth_rate_revenue": 0.000000,
  "growth_rate_net_income": 0.000000
}
