{
  "ticker": "ACGLN",
  "valuation": {
    "PE_valuation": 4747.923624, 
    "DFC_valuation": 127861803.655370
  },
  "ratios": {
    "ROIC": 10.210920,
    "PB": 1.792513
  },
  "ownerEarnings": 1876110000,
  "growth_rate_revenue": 281.270661,
  "growth_rate_net_income": -227.510047
}
