{
  "ticker": "ACLS",
  "valuation": {
    "PE_valuation": 116.660807, 
    "DFC_valuation": 497.924857
  },
  "ratios": {
    "ROIC": 24.965573,
    "PB": 3.929965
  },
  "ownerEarnings": 193370000,
  "growth_rate_revenue": 17.868597,
  "growth_rate_net_income": 166.662113
}
