{
  "ticker": "ACM",
  "valuation": {
    "PE_valuation": 28.490621, 
    "DFC_valuation": 1404.852235
  },
  "ratios": {
    "ROIC": 4.715894,
    "PB": 5.202884
  },
  "ownerEarnings": 918611000,
  "growth_rate_revenue": 25.104222,
  "growth_rate_net_income": 47.616084
}
