{
  "ticker": "ACMR",
  "valuation": {
    "PE_valuation": 55.612534, 
    "DFC_valuation": -1689.570176
  },
  "ratios": {
    "ROIC": 5.855014,
    "PB": 0.676751
  },
  "ownerEarnings": 135421000,
  "growth_rate_revenue": 53.817109,
  "growth_rate_net_income": -551.266118
}
