{
  "ticker": "ACN",
  "valuation": {
    "PE_valuation": 566.756196, 
    "DFC_valuation": 1939.071835
  },
  "ratios": {
    "ROIC": 21.201127,
    "PB": 7.946651
  },
  "ownerEarnings": 7473734000,
  "growth_rate_revenue": 8.777775,
  "growth_rate_net_income": 26.223642
}
