{
  "ticker": "ACOR",
  "valuation": {
    "PE_valuation": 277.281188, 
    "DFC_valuation": -59161.609288
  },
  "ratios": {
    "ROIC": -28.856464,
    "PB": 0.162081
  },
  "ownerEarnings": -48845000,
  "growth_rate_revenue": 356.541748,
  "growth_rate_net_income": 18.131864
}
