{
  "ticker": "ACRE",
  "valuation": {
    "PE_valuation": 27.584100, 
    "DFC_valuation": 1043.993100
  },
  "ratios": {
    "ROIC": 3.814230,
    "PB": 0.711379
  },
  "ownerEarnings": 157868000,
  "growth_rate_revenue": 121.812081,
  "growth_rate_net_income": 402.871408
}
