{
  "ticker": "ACT",
  "valuation": {
    "PE_valuation": 0.000000, 
    "DFC_valuation": 224.681203
  },
  "ratios": {
    "ROIC": 15.374205,
    "PB": 0.957752
  },
  "ownerEarnings": 791057000,
  "growth_rate_revenue": 0.000000,
  "growth_rate_net_income": 0.000000
}
