{
  "ticker": "ADC",
  "valuation": {
    "PE_valuation": 548.843686, 
    "DFC_valuation": 34790.329463
  },
  "ratios": {
    "ROIC": 2.545882,
    "PB": 1.205295
  },
  "ownerEarnings": 395952000,
  "growth_rate_revenue": 23.652254,
  "growth_rate_net_income": 262.894882
}
