{
  "ticker": "ADM",
  "valuation": {
    "PE_valuation": 478.548760, 
    "DFC_valuation": 5334.991208
  },
  "ratios": {
    "ROIC": 13.313811,
    "PB": 2.091457
  },
  "ownerEarnings": 7489000000,
  "growth_rate_revenue": 12.396636,
  "growth_rate_net_income": 18.638223
}
