{
  "ticker": "ADMP",
  "valuation": {
    "PE_valuation": 237.843604, 
    "DFC_valuation": -1801.456694
  },
  "ratios": {
    "ROIC": 20383.978956,
    "PB": -2197.510165
  },
  "ownerEarnings": -22110502,
  "growth_rate_revenue": inf,
  "growth_rate_net_income": 42.820454
}
