{
  "ticker": "ADMS",
  "valuation": {
    "PE_valuation": 4.272529, 
    "DFC_valuation": -126.902729
  },
  "ratios": {
    "ROIC": 173.634755,
    "PB": -3.046925
  },
  "ownerEarnings": -36505000,
  "growth_rate_revenue": -24.651368,
  "growth_rate_net_income": -108.648763
}
