{
  "ticker": "ADOM",
  "valuation": {
    "PE_valuation": -0.000000, 
    "DFC_valuation": -74.060457
  },
  "ratios": {
    "ROIC": 0.000000,
    "PB": 0.000000
  },
  "ownerEarnings": -45149652,
  "growth_rate_revenue": 840.392572,
  "growth_rate_net_income": 728.132245
}
