{
  "ticker": "ADP",
  "valuation": {
    "PE_valuation": 868.477352, 
    "DFC_valuation": 6750.520570
  },
  "ratios": {
    "ROIC": 31.150113,
    "PB": 25.911807
  },
  "ownerEarnings": 4312000000,
  "growth_rate_revenue": 10.174609,
  "growth_rate_net_income": 21.026586
}
