{
  "ticker": "ADRA-WT",
  "valuation": {
    "PE_valuation": 2508.555002, 
    "DFC_valuation": -2307948724.874996
  },
  "ratios": {
    "ROIC": -2.460695,
    "PB": 0.001020
  },
  "ownerEarnings": -8152392000,
  "growth_rate_revenue": 103.409482,
  "growth_rate_net_income": 509.076332
}
