{
  "ticker": "ADT",
  "valuation": {
    "PE_valuation": -128.101050, 
    "DFC_valuation": 795.661328
  },
  "ratios": {
    "ROIC": 3.146772,
    "PB": 2.007923
  },
  "ownerEarnings": 3475000000,
  "growth_rate_revenue": 129.775183,
  "growth_rate_net_income": 114.695136
}
