{
  "ticker": "ADTN",
  "valuation": {
    "PE_valuation": 13.062959, 
    "DFC_valuation": -609.117937
  },
  "ratios": {
    "ROIC": -0.418189,
    "PB": 1.177912
  },
  "ownerEarnings": 113214000,
  "growth_rate_revenue": 42.353481,
  "growth_rate_net_income": 33.665490
}
