{
  "ticker": "ADVM",
  "valuation": {
    "PE_valuation": 0.010543, 
    "DFC_valuation": -75.391145
  },
  "ratios": {
    "ROIC": -39.787782,
    "PB": 0.317134
  },
  "ownerEarnings": -161617000,
  "growth_rate_revenue": 453.601962,
  "growth_rate_net_income": 187.172791
}
