{
  "ticker": "ADVWW",
  "valuation": {
    "PE_valuation": 8.176545, 
    "DFC_valuation": 10.328374
  },
  "ratios": {
    "ROIC": 3.630440,
    "PB": 0.589743
  },
  "ownerEarnings": 2174839000,
  "growth_rate_revenue": 21.743747,
  "growth_rate_net_income": -795.663206
}
