{
  "ticker": "AE",
  "valuation": {
    "PE_valuation": 127.766524, 
    "DFC_valuation": 6277.932318
  },
  "ratios": {
    "ROIC": 2.243872,
    "PB": 1.042363
  },
  "ownerEarnings": 34316000,
  "growth_rate_revenue": 2.068136,
  "growth_rate_net_income": 9.704350
}
