{
  "ticker": "AEE",
  "valuation": {
    "PE_valuation": 102.123744, 
    "DFC_valuation": -451.618254
  },
  "ratios": {
    "ROIC": 5.087442,
    "PB": 2.186613
  },
  "ownerEarnings": 6619000000,
  "growth_rate_revenue": 4.367308,
  "growth_rate_net_income": 4.460842
}
