{
  "ticker": "AEHL",
  "valuation": {
    "PE_valuation": 39.279477, 
    "DFC_valuation": -29560.418390
  },
  "ratios": {
    "ROIC": -71.931713,
    "PB": 325.263400
  },
  "ownerEarnings": -13405000,
  "growth_rate_revenue": 1180.870512,
  "growth_rate_net_income": 1702.814543
}
