{
  "ticker": "AEHR",
  "valuation": {
    "PE_valuation": -3.294967, 
    "DFC_valuation": 20.786289
  },
  "ratios": {
    "ROIC": 15.102152,
    "PB": 12.135724
  },
  "ownerEarnings": 11137000,
  "growth_rate_revenue": -14.044180,
  "growth_rate_net_income": 832.168382
}
