{
  "ticker": "AEI",
  "valuation": {
    "PE_valuation": 19.897229, 
    "DFC_valuation": -219.077049
  },
  "ratios": {
    "ROIC": -5.408381,
    "PB": 0.108830
  },
  "ownerEarnings": 41336782,
  "growth_rate_revenue": 4.996212,
  "growth_rate_net_income": 710.368274
}
