{
  "ticker": "AES",
  "valuation": {
    "PE_valuation": -52.958801, 
    "DFC_valuation": -43770.540286
  },
  "ratios": {
    "ROIC": 25.418074,
    "PB": 7.755203
  },
  "ownerEarnings": 10642000000,
  "growth_rate_revenue": 39.055626,
  "growth_rate_net_income": 70.222054
}
