{
  "ticker": "AFAC",
  "valuation": {
    "PE_valuation": 0.000000, 
    "DFC_valuation": -1.224552
  },
  "ratios": {
    "ROIC": -389.434103,
    "PB": -21282.020002
  },
  "ownerEarnings": 7985001,
  "growth_rate_revenue": 0.000000,
  "growth_rate_net_income": 0.000000
}
