{
  "ticker": "AFMD",
  "valuation": {
    "PE_valuation": 32.992947, 
    "DFC_valuation": -3233.175666
  },
  "ratios": {
    "ROIC": -51.329859,
    "PB": 1.081213
  },
  "ownerEarnings": -107170000,
  "growth_rate_revenue": 84.770872,
  "growth_rate_net_income": 1937.650383
}
