{
  "ticker": "AGFY",
  "valuation": {
    "PE_valuation": 9738.742261, 
    "DFC_valuation": -194208.408786
  },
  "ratios": {
    "ROIC": -776.068138,
    "PB": -0.149816
  },
  "ownerEarnings": -129619000,
  "growth_rate_revenue": 45294925.202608,
  "growth_rate_net_income": 246.235864
}
