{
  "ticker": "AGI",
  "valuation": {
    "PE_valuation": 1017.934740, 
    "DFC_valuation": -83249273.631769
  },
  "ratios": {
    "ROIC": 1.924731,
    "PB": 1.458852
  },
  "ownerEarnings": 588400000,
  "growth_rate_revenue": 0.0,
  "growth_rate_net_income": 137.499086
}
