{
  "ticker": "AGRO",
  "valuation": {
    "PE_valuation": 18.886406, 
    "DFC_valuation": 297.961239
  },
  "ratios": {
    "ROIC": 7.132918,
    "PB": 0.810374
  },
  "ownerEarnings": 797845000,
  "growth_rate_revenue": 37.573602,
  "growth_rate_net_income": 4052.600287
}
