{
  "ticker": "AGYS",
  "valuation": {
    "PE_valuation": -3.803952, 
    "DFC_valuation": 67.991802
  },
  "ratios": {
    "ROIC": 6.681301,
    "PB": 14.074159
  },
  "ownerEarnings": 9837000,
  "growth_rate_revenue": 14.366355,
  "growth_rate_net_income": 285.121799
}
