{
  "ticker": "AHL-PC",
  "valuation": {
    "PE_valuation": 0.000000, 
    "DFC_valuation": -1175.941089
  },
  "ratios": {
    "ROIC": 2.346956,
    "PB": 0.000000
  },
  "ownerEarnings": 85100000,
  "growth_rate_revenue": 148.804927,
  "growth_rate_net_income": -7.129380
}
