{
  "ticker": "AHT-PD",
  "valuation": {
    "PE_valuation": 42.907684, 
    "DFC_valuation": 15556.937314
  },
  "ratios": {
    "ROIC": 2.058466,
    "PB": -1.020655
  },
  "ownerEarnings": 471960000,
  "growth_rate_revenue": 67.418789,
  "growth_rate_net_income": -187.174330
}
