{
  "ticker": "AI",
  "valuation": {
    "PE_valuation": 244.490129, 
    "DFC_valuation": -152.996275
  },
  "ratios": {
    "ROIC": -31.168875,
    "PB": 2.201357
  },
  "ownerEarnings": -452433000,
  "growth_rate_revenue": 7.870034,
  "growth_rate_net_income": 68.288037
}
