{
  "ticker": "AIMC",
  "valuation": {
    "PE_valuation": 109.264535, 
    "DFC_valuation": 187.903484
  },
  "ratios": {
    "ROIC": 5.214440,
    "PB": 1.942531
  },
  "ownerEarnings": 382800000,
  "growth_rate_revenue": 13.322402,
  "growth_rate_net_income": 64.044062
}
