{
  "ticker": "AIMD",
  "valuation": {
    "PE_valuation": 42.358911, 
    "DFC_valuation": -15.315168
  },
  "ratios": {
    "ROIC": -39.010532,
    "PB": 1.220850
  },
  "ownerEarnings": -14907790,
  "growth_rate_revenue": 480.082715,
  "growth_rate_net_income": 151.072251
}
