{
  "ticker": "AIN",
  "valuation": {
    "PE_valuation": 99.460853, 
    "DFC_valuation": 7.978700
  },
  "ratios": {
    "ROIC": 9.703788,
    "PB": 3.693088
  },
  "ownerEarnings": 320526000,
  "growth_rate_revenue": 16.327295,
  "growth_rate_net_income": 21.022936
}
