{
  "ticker": "AIRI",
  "valuation": {
    "PE_valuation": 24.422320, 
    "DFC_valuation": -1777.945777
  },
  "ratios": {
    "ROIC": -0.079846,
    "PB": 0.814493
  },
  "ownerEarnings": 6401000,
  "growth_rate_revenue": 58.890639,
  "growth_rate_net_income": 28.050840
}
