{
  "ticker": "AIRT",
  "valuation": {
    "PE_valuation": -115.397138, 
    "DFC_valuation": 9607.626344
  },
  "ratios": {
    "ROIC": 2.839171,
    "PB": 5.991041
  },
  "ownerEarnings": 25115000,
  "growth_rate_revenue": 26.474587,
  "growth_rate_net_income": -311.928893
}
