{
  "ticker": "AIU",
  "valuation": {
    "PE_valuation": -0.099424, 
    "DFC_valuation": 5.473542
  },
  "ratios": {
    "ROIC": 825.572307,
    "PB": 9650.665415
  },
  "ownerEarnings": 693753000,
  "growth_rate_revenue": 34.923754,
  "growth_rate_net_income": -86.941712
}
