{
  "ticker": "AIV",
  "valuation": {
    "PE_valuation": 6.410746, 
    "DFC_valuation": -23.630694
  },
  "ratios": {
    "ROIC": -12.369168,
    "PB": 1.941569
  },
  "ownerEarnings": -273805000,
  "growth_rate_revenue": 87.854876,
  "growth_rate_net_income": 75.435082
}
