{
  "ticker": "AJRD",
  "valuation": {
    "PE_valuation": 12.888300, 
    "DFC_valuation": -481.669872
  },
  "ratios": {
    "ROIC": 10.597953,
    "PB": 8.297024
  },
  "ownerEarnings": 267200000,
  "growth_rate_revenue": -8.572502,
  "growth_rate_net_income": 98.891369
}
