{
  "ticker": "AKAM",
  "valuation": {
    "PE_valuation": 103482.678538, 
    "DFC_valuation": 22719000609.027161
  },
  "ratios": {
    "ROIC": 6.482068,
    "PB": 3.075832
  },
  "ownerEarnings": 1427145000,
  "growth_rate_revenue": 1531.507213,
  "growth_rate_net_income": 1933.873286
}
