{
  "ticker": "AKO-A",
  "valuation": {
    "PE_valuation": 22655.134473, 
    "DFC_valuation": -29461.273970
  },
  "ratios": {
    "ROIC": 9.430715,
    "PB": 2.269022
  },
  "ownerEarnings": 492872789000,
  "growth_rate_revenue": -0.978047,
  "growth_rate_net_income": -18.013050
}
