{
  "ticker": "AL-PA",
  "valuation": {
    "PE_valuation": -17.298901, 
    "DFC_valuation": -4712.171518
  },
  "ratios": {
    "ROIC": 1.896696,
    "PB": 0.645269
  },
  "ownerEarnings": 6142416000,
  "growth_rate_revenue": 45.464177,
  "growth_rate_net_income": 68.386984
}
