{
  "ticker": "ALC",
  "valuation": {
    "PE_valuation": -22.019632, 
    "DFC_valuation": 45.572516
  },
  "ratios": {
    "ROIC": 1.931362,
    "PB": 1.711921
  },
  "ownerEarnings": 2335000000,
  "growth_rate_revenue": 6.399186,
  "growth_rate_net_income": -110.034499
}
