{
  "ticker": "ALG",
  "valuation": {
    "PE_valuation": 809.939249, 
    "DFC_valuation": 17635.540162
  },
  "ratios": {
    "ROIC": 0.000000,
    "PB": 0.000000
  },
  "ownerEarnings": 145848000,
  "growth_rate_revenue": 27.033430,
  "growth_rate_net_income": 24.563180
}
