{
  "ticker": "ALGM",
  "valuation": {
    "PE_valuation": 37.299969, 
    "DFC_valuation": 39.524625
  },
  "ratios": {
    "ROIC": 17.584138,
    "PB": 9.502174
  },
  "ownerEarnings": 239325000,
  "growth_rate_revenue": -15.655118,
  "growth_rate_net_income": 103.552944
}
