{
  "ticker": "ALJJ",
  "valuation": {
    "PE_valuation": 61.388260, 
    "DFC_valuation": 5550465.237852
  },
  "ratios": {
    "ROIC": -7.373937,
    "PB": 3.567807
  },
  "ownerEarnings": 7708000,
  "growth_rate_revenue": 1626.173710,
  "growth_rate_net_income": 272.289305
}
