{
  "ticker": "ALK",
  "valuation": {
    "PE_valuation": 125.860400, 
    "DFC_valuation": -55314.869289
  },
  "ratios": {
    "ROIC": 0.000000,
    "PB": 0.000000
  },
  "ownerEarnings": 2322000000,
  "growth_rate_revenue": 25.296084,
  "growth_rate_net_income": 19.982285
}
