{
  "ticker": "ALL-PB",
  "valuation": {
    "PE_valuation": -38.953522, 
    "DFC_valuation": 1201.353778
  },
  "ratios": {
    "ROIC": -4.242149,
    "PB": 2.104419
  },
  "ownerEarnings": 185000000,
  "growth_rate_revenue": 5.375525,
  "growth_rate_net_income": 7.888634
}
