{
  "ticker": "ALLY",
  "valuation": {
    "PE_valuation": 18.069942, 
    "DFC_valuation": 566.543208
  },
  "ratios": {
    "ROIC": 2.910834,
    "PB": 0.605503
  },
  "ownerEarnings": 2795000000,
  "growth_rate_revenue": 17.563784,
  "growth_rate_net_income": 21.382590
}
