{
  "ticker": "ALOT",
  "valuation": {
    "PE_valuation": 44.119528, 
    "DFC_valuation": -297.016464
  },
  "ratios": {
    "ROIC": 1.116513,
    "PB": 1.147578
  },
  "ownerEarnings": 1988000,
  "growth_rate_revenue": 28.006031,
  "growth_rate_net_income": 36.929563
}
