{
  "ticker": "ALRS",
  "valuation": {
    "PE_valuation": 24.460891, 
    "DFC_valuation": 374.194714
  },
  "ratios": {
    "ROIC": 6.805589,
    "PB": 1.219608
  },
  "ownerEarnings": 83308000,
  "growth_rate_revenue": 12.243432,
  "growth_rate_net_income": 35.187683
}
