{
  "ticker": "ALSN",
  "valuation": {
    "PE_valuation": 34.367321, 
    "DFC_valuation": 316.982505
  },
  "ratios": {
    "ROIC": 14.786988,
    "PB": 5.431900
  },
  "ownerEarnings": 761000000,
  "growth_rate_revenue": 1.255802,
  "growth_rate_net_income": 149.329857
}
