{
  "ticker": "ALTA",
  "valuation": {
    "PE_valuation": 35.576405, 
    "DFC_valuation": 235.703328
  },
  "ratios": {
    "ROIC": 2.867197,
    "PB": 1.414017
  },
  "ownerEarnings": 151758000,
  "growth_rate_revenue": 18.195896,
  "growth_rate_net_income": 22.507571
}
