{
  "ticker": "ALTM",
  "valuation": {
    "PE_valuation": 0.000000, 
    "DFC_valuation": 383.694389
  },
  "ratios": {
    "ROIC": 14.671679,
    "PB": 0.000000
  },
  "ownerEarnings": 1241560000,
  "growth_rate_revenue": 0.000000,
  "growth_rate_net_income": 0.000000
}
