{
  "ticker": "ALTR",
  "valuation": {
    "PE_valuation": 182.712654, 
    "DFC_valuation": 36.064690
  },
  "ratios": {
    "ROIC": -3.885719,
    "PB": 6.342572
  },
  "ownerEarnings": -74310000,
  "growth_rate_revenue": 12.500241,
  "growth_rate_net_income": -328.679941
}
