{
  "ticker": "ALYA",
  "valuation": {
    "PE_valuation": 4.325916, 
    "DFC_valuation": 51.251719
  },
  "ratios": {
    "ROIC": -2.088512,
    "PB": 1.375123
  },
  "ownerEarnings": 54765000,
  "growth_rate_revenue": 120.586545,
  "growth_rate_net_income": 103.562867
}
