{
  "ticker": "AMBI",
  "valuation": {
    "PE_valuation": 0.000000, 
    "DFC_valuation": 1613.660212
  },
  "ratios": {
    "ROIC": 10.669252,
    "PB": 7.376043
  },
  "ownerEarnings": 530765000,
  "growth_rate_revenue": 0.000000,
  "growth_rate_net_income": 0.000000
}
