{
  "ticker": "AMC",
  "valuation": {
    "PE_valuation": 35.423413, 
    "DFC_valuation": -134.923652
  },
  "ratios": {
    "ROIC": 20.275667,
    "PB": -2.032035
  },
  "ownerEarnings": 732500000,
  "growth_rate_revenue": 5.158993,
  "growth_rate_net_income": -217.934007
}
