{
  "ticker": "AMD",
  "valuation": {
    "PE_valuation": 287.264570, 
    "DFC_valuation": 36218.901299
  },
  "ratios": {
    "ROIC": 1.171201,
    "PB": 4.256776
  },
  "ownerEarnings": -166000000,
  "growth_rate_revenue": 23.949382,
  "growth_rate_net_income": -139.298735
}
