{
  "ticker": "AME",
  "valuation": {
    "PE_valuation": 442.273139, 
    "DFC_valuation": 2505.068374
  },
  "ratios": {
    "ROIC": 9.642278,
    "PB": 4.302095
  },
  "ownerEarnings": 1098117000,
  "growth_rate_revenue": 7.853368,
  "growth_rate_net_income": 3.607824
}
