{
  "ticker": "AMH",
  "valuation": {
    "PE_valuation": 3176.884850, 
    "DFC_valuation": 551540.611565
  },
  "ratios": {
    "ROIC": 1.730952,
    "PB": 1.620635
  },
  "ownerEarnings": 769150000,
  "growth_rate_revenue": 814.003627,
  "growth_rate_net_income": 323.282449
}
