{
  "ticker": "AMNB",
  "valuation": {
    "PE_valuation": 283.304988, 
    "DFC_valuation": 33228.599902
  },
  "ratios": {
    "ROIC": 9.063495,
    "PB": 1.227150
  },
  "ownerEarnings": 51416000,
  "growth_rate_revenue": 142.604449,
  "growth_rate_net_income": 21.015773
}
