{
  "ticker": "AMOT",
  "valuation": {
    "PE_valuation": 94.936619, 
    "DFC_valuation": -375.548317
  },
  "ratios": {
    "ROIC": 4.587267,
    "PB": 2.495741
  },
  "ownerEarnings": 69379000,
  "growth_rate_revenue": 5.324951,
  "growth_rate_net_income": 94.692842
}
