{
  "ticker": "AMPI-UN",
  "valuation": {
    "PE_valuation": 0.000000, 
    "DFC_valuation": -1.555653
  },
  "ratios": {
    "ROIC": -1545.703199,
    "PB": -21613.598815
  },
  "ownerEarnings": 2349573,
  "growth_rate_revenue": 0.000000,
  "growth_rate_net_income": 0.000000
}
