{
  "ticker": "AMPY",
  "valuation": {
    "PE_valuation": -0.584984, 
    "DFC_valuation": 656.858127
  },
  "ratios": {
    "ROIC": 92.938167,
    "PB": -74.054991
  },
  "ownerEarnings": 402312000,
  "growth_rate_revenue": 120.509575,
  "growth_rate_net_income": -294.854352
}
