{
  "ticker": "AMRK",
  "valuation": {
    "PE_valuation": 22.686469, 
    "DFC_valuation": -151.386792
  },
  "ratios": {
    "ROIC": 18.618937,
    "PB": 1.505254
  },
  "ownerEarnings": 167513000,
  "growth_rate_revenue": 0.065593,
  "growth_rate_net_income": -3.818424
}
