{
  "ticker": "AMRN",
  "valuation": {
    "PE_valuation": 46.659400, 
    "DFC_valuation": -1099.534557
  },
  "ratios": {
    "ROIC": -15.295100,
    "PB": 0.815338
  },
  "ownerEarnings": -106414000,
  "growth_rate_revenue": 11.980394,
  "growth_rate_net_income": 0.109207
}
