{
  "ticker": "AMST",
  "valuation": {
    "PE_valuation": 53.606900, 
    "DFC_valuation": -16707.635097
  },
  "ratios": {
    "ROIC": -68.214096,
    "PB": 1.465431
  },
  "ownerEarnings": -3251083,
  "growth_rate_revenue": 313.511055,
  "growth_rate_net_income": 17.383855
}
