{
  "ticker": "AMX",
  "valuation": {
    "PE_valuation": 5436.953754, 
    "DFC_valuation": 5656613853.034941
  },
  "ratios": {
    "ROIC": 17.485570,
    "PB": 3.170283
  },
  "ownerEarnings": 406494991153,
  "growth_rate_revenue": 70.792203,
  "growth_rate_net_income": -167.544321
}
