{
  "ticker": "ANAB",
  "valuation": {
    "PE_valuation": 72.631389, 
    "DFC_valuation": -201.953628
  },
  "ratios": {
    "ROIC": -38.263896,
    "PB": 3.330116
  },
  "ownerEarnings": -121068000,
  "growth_rate_revenue": 26.172019,
  "growth_rate_net_income": 68.286698
}
