{
  "ticker": "ANIK",
  "valuation": {
    "PE_valuation": -280.134165, 
    "DFC_valuation": -3830.834700
  },
  "ratios": {
    "ROIC": -4.453730,
    "PB": 1.509319
  },
  "ownerEarnings": -8509000,
  "growth_rate_revenue": 234.276060,
  "growth_rate_net_income": -31.640512
}
