{
  "ticker": "ANPC",
  "valuation": {
    "PE_valuation": 267.435397, 
    "DFC_valuation": -55.369725
  },
  "ratios": {
    "ROIC": -238.129901,
    "PB": -4.512994
  },
  "ownerEarnings": -68013000,
  "growth_rate_revenue": 32.460917,
  "growth_rate_net_income": 40.960372
}
