{
  "ticker": "ANTM",
  "valuation": {
    "PE_valuation": 1550.007921, 
    "DFC_valuation": 23027.758593
  },
  "ratios": {
    "ROIC": 9.961768,
    "PB": 3.390883
  },
  "ownerEarnings": 9433000000,
  "growth_rate_revenue": 16.374612,
  "growth_rate_net_income": 120.568764
}
