{
  "ticker": "AON",
  "valuation": {
    "PE_valuation": 863.478797, 
    "DFC_valuation": 5095.396762
  },
  "ratios": {
    "ROIC": 0.000000,
    "PB": 0.000000
  },
  "ownerEarnings": 3674000000,
  "growth_rate_revenue": 19.650490,
  "growth_rate_net_income": 11.045957
}
