{
  "ticker": "AONC",
  "valuation": {
    "PE_valuation": 0.000000, 
    "DFC_valuation": -52.114275
  },
  "ratios": {
    "ROIC": -1378.134705,
    "PB": -6.744804
  },
  "ownerEarnings": -996387002,
  "growth_rate_revenue": 0.000000,
  "growth_rate_net_income": 0.000000
}
