{
  "ticker": "APD",
  "valuation": {
    "PE_valuation": 617.819731, 
    "DFC_valuation": -1463.117295
  },
  "ratios": {
    "ROIC": 7.795551,
    "PB": 4.401611
  },
  "ownerEarnings": 7547500000,
  "growth_rate_revenue": 12.041992,
  "growth_rate_net_income": 810.600919
}
