{
  "ticker": "APEI",
  "valuation": {
    "PE_valuation": -881.212794, 
    "DFC_valuation": 2885.982888
  },
  "ratios": {
    "ROIC": 17.465399,
    "PB": 0.662737
  },
  "ownerEarnings": 537983000,
  "growth_rate_revenue": 55.450363,
  "growth_rate_net_income": 359.679880
}
