{
  "ticker": "APEN",
  "valuation": {
    "PE_valuation": 46.272819, 
    "DFC_valuation": -22479.596186
  },
  "ratios": {
    "ROIC": 252.286546,
    "PB": 12.434218
  },
  "ownerEarnings": -21207000,
  "growth_rate_revenue": 223.012889,
  "growth_rate_net_income": -26.174387
}
