{
  "ticker": "APM",
  "valuation": {
    "PE_valuation": 42.658089, 
    "DFC_valuation": -974.041462
  },
  "ratios": {
    "ROIC": -46.222639,
    "PB": 0.124949
  },
  "ownerEarnings": -28442867,
  "growth_rate_revenue": 15.771494,
  "growth_rate_net_income": -182.526849
}
