{
  "ticker": "APRN",
  "valuation": {
    "PE_valuation": 114.795138, 
    "DFC_valuation": -255.329264
  },
  "ratios": {
    "ROIC": -86.358161,
    "PB": 0.894516
  },
  "ownerEarnings": -85991000,
  "growth_rate_revenue": 106.522646,
  "growth_rate_net_income": 65.084592
}
