{
  "ticker": "AQUA",
  "valuation": {
    "PE_valuation": 29.190122, 
    "DFC_valuation": 43.730513
  },
  "ratios": {
    "ROIC": 6.349781,
    "PB": 5.641562
  },
  "ownerEarnings": 332495000,
  "growth_rate_revenue": 7.764030,
  "growth_rate_net_income": -422.752191
}
