{
  "ticker": "AR",
  "valuation": {
    "PE_valuation": -369.115119, 
    "DFC_valuation": 1061105.351447
  },
  "ratios": {
    "ROIC": 24.493754,
    "PB": 1.409447
  },
  "ownerEarnings": 6764150000,
  "growth_rate_revenue": 162.742312,
  "growth_rate_net_income": -953.187976
}
