{
  "ticker": "ARDX",
  "valuation": {
    "PE_valuation": 5.822062, 
    "DFC_valuation": -125.454613
  },
  "ratios": {
    "ROIC": -44.117527,
    "PB": 4.599525
  },
  "ownerEarnings": -69389000,
  "growth_rate_revenue": 123.704174,
  "growth_rate_net_income": 243.583703
}
