{
  "ticker": "ARGO",
  "valuation": {
    "PE_valuation": 356.385497, 
    "DFC_valuation": 51253.889943
  },
  "ratios": {
    "ROIC": -9.537502,
    "PB": 0.733432
  },
  "ownerEarnings": -132563000,
  "growth_rate_revenue": 40.275987,
  "growth_rate_net_income": 135.390443
}
