{
  "ticker": "ARGX",
  "valuation": {
    "PE_valuation": 14596.512371, 
    "DFC_valuation": -4870332.960312
  },
  "ratios": {
    "ROIC": -24.667646,
    "PB": 7.321781
  },
  "ownerEarnings": -716508000,
  "growth_rate_revenue": 78.290917,
  "growth_rate_net_income": 66.874046
}
