{
  "ticker": "ARI",
  "valuation": {
    "PE_valuation": -5.342082, 
    "DFC_valuation": 81417.837817
  },
  "ratios": {
    "ROIC": -0.183184,
    "PB": 0.642238
  },
  "ownerEarnings": 424768000,
  "growth_rate_revenue": 920.875660,
  "growth_rate_net_income": -81.893967
}
