{
  "ticker": "ARLO",
  "valuation": {
    "PE_valuation": 4.624750, 
    "DFC_valuation": -47.582352
  },
  "ratios": {
    "ROIC": -42.960443,
    "PB": 3.489107
  },
  "ownerEarnings": -95365000,
  "growth_rate_revenue": 31.220278,
  "growth_rate_net_income": -323.228581
}
