{
  "ticker": "ARNC",
  "valuation": {
    "PE_valuation": 12.298377, 
    "DFC_valuation": 17.154927
  },
  "ratios": {
    "ROIC": 10.881953,
    "PB": 1.615458
  },
  "ownerEarnings": 1406000000,
  "growth_rate_revenue": 4.875179,
  "growth_rate_net_income": 41.076776
}
