{
  "ticker": "AROC",
  "valuation": {
    "PE_valuation": 17.703936, 
    "DFC_valuation": -55.434703
  },
  "ratios": {
    "ROIC": -0.739529,
    "PB": 1.599250
  },
  "ownerEarnings": 269184000,
  "growth_rate_revenue": 63.482198,
  "growth_rate_net_income": -303.067592
}
