{
  "ticker": "ASH",
  "valuation": {
    "PE_valuation": 30.390809, 
    "DFC_valuation": 42.039805
  },
  "ratios": {
    "ROIC": 3.856502,
    "PB": 1.351426
  },
  "ownerEarnings": 564000000,
  "growth_rate_revenue": 2.299629,
  "growth_rate_net_income": 25.519478
}
