{
  "ticker": "ASML",
  "valuation": {
    "PE_valuation": 4878.413940, 
    "DFC_valuation": 149922.481590
  },
  "ratios": {
    "ROIC": 40.499129,
    "PB": 18.048209
  },
  "ownerEarnings": 8452000000,
  "growth_rate_revenue": 50.035079,
  "growth_rate_net_income": 101.111322
}
