{
  "ticker": "ASPC",
  "valuation": {
    "PE_valuation": -0.000000, 
    "DFC_valuation": -4.037630
  },
  "ratios": {
    "ROIC": -1000597.149542,
    "PB": -11926073.625248
  },
  "ownerEarnings": -2103788,
  "growth_rate_revenue": 0.000000,
  "growth_rate_net_income": 0.000000
}
