{
  "ticker": "ASPS",
  "valuation": {
    "PE_valuation": 5.984608, 
    "DFC_valuation": -150.528823
  },
  "ratios": {
    "ROIC": -27.478624,
    "PB": -1.270568
  },
  "ownerEarnings": -14213000,
  "growth_rate_revenue": 46.247037,
  "growth_rate_net_income": 97.202577
}
