{
  "ticker": "ASTE",
  "valuation": {
    "PE_valuation": -3.690644, 
    "DFC_valuation": -11041.183491
  },
  "ratios": {
    "ROIC": -0.303412,
    "PB": 1.478179
  },
  "ownerEarnings": 84200000,
  "growth_rate_revenue": 45.546484,
  "growth_rate_net_income": 111.176002
}
