{
  "ticker": "ATEC",
  "valuation": {
    "PE_valuation": 57.875078, 
    "DFC_valuation": -2826.185524
  },
  "ratios": {
    "ROIC": -33.301154,
    "PB": -34.773964
  },
  "ownerEarnings": -62025000,
  "growth_rate_revenue": 63.312269,
  "growth_rate_net_income": -1047.541785
}
