{
  "ticker": "ATEN",
  "valuation": {
    "PE_valuation": 10.481615, 
    "DFC_valuation": 434.666796
  },
  "ratios": {
    "ROIC": 21.058196,
    "PB": 7.145465
  },
  "ownerEarnings": 53787000,
  "growth_rate_revenue": 25.668899,
  "growth_rate_net_income": -352.112699
}
