{
  "ticker": "ATER",
  "valuation": {
    "PE_valuation": 10.870860, 
    "DFC_valuation": -40.393721
  },
  "ratios": {
    "ROIC": -47.921806,
    "PB": 0.502665
  },
  "ownerEarnings": 51921000,
  "growth_rate_revenue": 60.529365,
  "growth_rate_net_income": 93.815034
}
