{
  "ticker": "ATEST-L",
  "valuation": {
    "PE_valuation": 56.219133, 
    "DFC_valuation": 270.408591
  },
  "ratios": {
    "ROIC": -8.300024,
    "PB": 3.471578
  },
  "ownerEarnings": -108347000,
  "growth_rate_revenue": 58.524556,
  "growth_rate_net_income": 93.411399
}
