{
  "ticker": "ATGE",
  "valuation": {
    "PE_valuation": 91.827211, 
    "DFC_valuation": 1397.829941
  },
  "ratios": {
    "ROIC": 5.978715,
    "PB": 1.055199
  },
  "ownerEarnings": 373005000,
  "growth_rate_revenue": 8.288983,
  "growth_rate_net_income": -215.000667
}
