{
  "ticker": "ATH-PA",
  "valuation": {
    "PE_valuation": 0.000000, 
    "DFC_valuation": 748391.233044
  },
  "ratios": {
    "ROIC": 0.000000,
    "PB": 0.000000
  },
  "ownerEarnings": 3918000000,
  "growth_rate_revenue": 66.249187,
  "growth_rate_net_income": 16.940836
}
