{
  "ticker": "ATHM",
  "valuation": {
    "PE_valuation": 1640.993199, 
    "DFC_valuation": 13874.398763
  },
  "ratios": {
    "ROIC": 1.890466,
    "PB": 11.209149
  },
  "ownerEarnings": -457945000,
  "growth_rate_revenue": 86.043298,
  "growth_rate_net_income": 80.500650
}
