{
  "ticker": "ATI",
  "valuation": {
    "PE_valuation": 0.000000, 
    "DFC_valuation": -171.839198
  },
  "ratios": {
    "ROIC": 0.000000,
    "PB": 0.000000
  },
  "ownerEarnings": 937399999,
  "growth_rate_revenue": -11.229489,
  "growth_rate_net_income": -32.413475
}
