{
  "ticker": "ATLC",
  "valuation": {
    "PE_valuation": 64.495079, 
    "DFC_valuation": 3418.949403
  },
  "ratios": {
    "ROIC": 4.814639,
    "PB": 1.077857
  },
  "ownerEarnings": 255665000,
  "growth_rate_revenue": 87.985244,
  "growth_rate_net_income": 538.341671
}
