{
  "ticker": "ATNX",
  "valuation": {
    "PE_valuation": 218.591015, 
    "DFC_valuation": -2172.581550
  },
  "ratios": {
    "ROIC": -70.794842,
    "PB": -2.965901
  },
  "ownerEarnings": -45492000,
  "growth_rate_revenue": 80.739225,
  "growth_rate_net_income": 34.389447
}
