{
  "ticker": "ATR",
  "valuation": {
    "PE_valuation": 287.899215, 
    "DFC_valuation": 784.562997
  },
  "ratios": {
    "ROIC": 8.295585,
    "PB": 3.502015
  },
  "ownerEarnings": 842043000,
  "growth_rate_revenue": 15.204263,
  "growth_rate_net_income": 24.113904
}
