{
  "ticker": "ATRC",
  "valuation": {
    "PE_valuation": 26153.743580, 
    "DFC_valuation": -8859700800.514999
  },
  "ratios": {
    "ROIC": -7.895686,
    "PB": 4.444277
  },
  "ownerEarnings": -39588000,
  "growth_rate_revenue": 2341.311416,
  "growth_rate_net_income": 51.290440
}
