{
  "ticker": "ATRS",
  "valuation": {
    "PE_valuation": -42.974631, 
    "DFC_valuation": 1596.610104
  },
  "ratios": {
    "ROIC": 45.120406,
    "PB": 3.373136
  },
  "ownerEarnings": 48792000,
  "growth_rate_revenue": 8.507347,
  "growth_rate_net_income": 54.371220
}
