{
  "ticker": "ATTO",
  "valuation": {
    "PE_valuation": 12.639427, 
    "DFC_valuation": -89.869651
  },
  "ratios": {
    "ROIC": 8.968691,
    "PB": -35.224464
  },
  "ownerEarnings": 394300000,
  "growth_rate_revenue": -3.840463,
  "growth_rate_net_income": -6354.599888
}
