{
  "ticker": "ATVI",
  "valuation": {
    "PE_valuation": 1950.918382, 
    "DFC_valuation": 2275440.168579
  },
  "ratios": {
    "ROIC": 0.000000,
    "PB": 0.000000
  },
  "ownerEarnings": 1376000000,
  "growth_rate_revenue": 92.833616,
  "growth_rate_net_income": -108.612970
}
