{
  "ticker": "AUBAP",
  "valuation": {
    "PE_valuation": 814.361896, 
    "DFC_valuation": 712774.399384
  },
  "ratios": {
    "ROIC": 8.310483,
    "PB": 1.109989
  },
  "ownerEarnings": 459153000,
  "growth_rate_revenue": 165.184749,
  "growth_rate_net_income": 3.938253
}
