{
  "ticker": "AUPH",
  "valuation": {
    "PE_valuation": 228.728250, 
    "DFC_valuation": -58469.069971
  },
  "ratios": {
    "ROIC": -26.893504,
    "PB": 1.512136
  },
  "ownerEarnings": -147718000,
  "growth_rate_revenue": 154.085806,
  "growth_rate_net_income": 1048.814266
}
