{
  "ticker": "AUR",
  "valuation": {
    "PE_valuation": -0.000000, 
    "DFC_valuation": -71.739550
  },
  "ratios": {
    "ROIC": 20.028184,
    "PB": 0.775241
  },
  "ownerEarnings": 1143000000,
  "growth_rate_revenue": 0.000000,
  "growth_rate_net_income": 0.000000
}
