{
  "ticker": "AUS-UN",
  "valuation": {
    "PE_valuation": 0.000000, 
    "DFC_valuation": 1.961891
  },
  "ratios": {
    "ROIC": -250498.962512,
    "PB": -18599328.043878
  },
  "ownerEarnings": 14278180,
  "growth_rate_revenue": 0.000000,
  "growth_rate_net_income": 0.000000
}
