{
  "ticker": "AUY",
  "valuation": {
    "PE_valuation": -19271.100726, 
    "DFC_valuation": 2066756624.196105
  },
  "ratios": {
    "ROIC": 6.144324,
    "PB": 1.625823
  },
  "ownerEarnings": 3777600000,
  "growth_rate_revenue": inf,
  "growth_rate_net_income": 201.595018
}
