{
  "ticker": "AVAH",
  "valuation": {
    "PE_valuation": 81.264673, 
    "DFC_valuation": -21.628063
  },
  "ratios": {
    "ROIC": 1.860524,
    "PB": -34.666189
  },
  "ownerEarnings": 753140000,
  "growth_rate_revenue": -15.701789,
  "growth_rate_net_income": 126.911028
}
