{
  "ticker": "AVAL",
  "valuation": {
    "PE_valuation": 17810.431243, 
    "DFC_valuation": -14282.230395
  },
  "ratios": {
    "ROIC": 11.824910,
    "PB": 0.829501
  },
  "ownerEarnings": 26083903000000,
  "growth_rate_revenue": 17.530528,
  "growth_rate_net_income": 22.136152
}
