{
  "ticker": "AVAV",
  "valuation": {
    "PE_valuation": -737.370818, 
    "DFC_valuation": -76.280773
  },
  "ratios": {
    "ROIC": -2.852805,
    "PB": 4.621055
  },
  "ownerEarnings": 261158000,
  "growth_rate_revenue": 51.496190,
  "growth_rate_net_income": 235.024310
}
