{
  "ticker": "AVGO",
  "valuation": {
    "PE_valuation": 5391.105192, 
    "DFC_valuation": 77236.265987
  },
  "ratios": {
    "ROIC": 23.894940,
    "PB": 14.553892
  },
  "ownerEarnings": 17040000000,
  "growth_rate_revenue": 13.113977,
  "growth_rate_net_income": -328.347581
}
