{
  "ticker": "AVGR",
  "valuation": {
    "PE_valuation": 11.128814, 
    "DFC_valuation": -123.065994
  },
  "ratios": {
    "ROIC": -69.516406,
    "PB": 1.634849
  },
  "ownerEarnings": -14172000,
  "growth_rate_revenue": 16.134232,
  "growth_rate_net_income": 12.857158
}
