{
  "ticker": "AVNS",
  "valuation": {
    "PE_valuation": 11.642730, 
    "DFC_valuation": 88.502516
  },
  "ratios": {
    "ROIC": 3.540863,
    "PB": 0.982895
  },
  "ownerEarnings": 120400000,
  "growth_rate_revenue": -0.990502,
  "growth_rate_net_income": -464.099059
}
