{
  "ticker": "AVNT",
  "valuation": {
    "PE_valuation": 29.979772, 
    "DFC_valuation": 247.988831
  },
  "ratios": {
    "ROIC": 5.165913,
    "PB": 1.318874
  },
  "ownerEarnings": 578100000,
  "growth_rate_revenue": 18.268627,
  "growth_rate_net_income": -57.507041
}
