{
  "ticker": "AVNW",
  "valuation": {
    "PE_valuation": 14.298013, 
    "DFC_valuation": -58.576168
  },
  "ratios": {
    "ROIC": 5.841203,
    "PB": 1.722035
  },
  "ownerEarnings": 25791000,
  "growth_rate_revenue": 23.447707,
  "growth_rate_net_income": -331.602268
}
