{
  "ticker": "AVTR",
  "valuation": {
    "PE_valuation": 37.284834, 
    "DFC_valuation": 59.405901
  },
  "ratios": {
    "ROIC": 8.181200,
    "PB": 2.827261
  },
  "ownerEarnings": 1737000000,
  "growth_rate_revenue": 93.373833,
  "growth_rate_net_income": 25.425082
}
