{
  "ticker": "AVY",
  "valuation": {
    "PE_valuation": 580.234801, 
    "DFC_valuation": 2985.598371
  },
  "ratios": {
    "ROIC": 15.986925,
    "PB": 7.321228
  },
  "ownerEarnings": 1467100000,
  "growth_rate_revenue": 29.451642,
  "growth_rate_net_income": 3.521506
}
