{
  "ticker": "AWI",
  "valuation": {
    "PE_valuation": 43.281421, 
    "DFC_valuation": 125.544552
  },
  "ratios": {
    "ROIC": 13.078462,
    "PB": 6.148499
  },
  "ownerEarnings": 252900000,
  "growth_rate_revenue": 9.424880,
  "growth_rate_net_income": -11.074360
}
