{
  "ticker": "AWK",
  "valuation": {
    "PE_valuation": 391.180475, 
    "DFC_valuation": -2403.927746
  },
  "ratios": {
    "ROIC": 5.122807,
    "PB": 3.605933
  },
  "ownerEarnings": 4568000000,
  "growth_rate_revenue": 7.329905,
  "growth_rate_net_income": 6.011834
}
