{
  "ticker": "AWRE",
  "valuation": {
    "PE_valuation": 1.369729, 
    "DFC_valuation": -39.351445
  },
  "ratios": {
    "ROIC": -16.332765,
    "PB": 0.918770
  },
  "ownerEarnings": -20799000,
  "growth_rate_revenue": 72.816473,
  "growth_rate_net_income": -491.349609
}
