{
  "ticker": "AXDX",
  "valuation": {
    "PE_valuation": 82.956950, 
    "DFC_valuation": -92.509092
  },
  "ratios": {
    "ROIC": -105.345051,
    "PB": -2.620118
  },
  "ownerEarnings": -69710000,
  "growth_rate_revenue": 15.560682,
  "growth_rate_net_income": -315.241380
}
