{
  "ticker": "AXL",
  "valuation": {
    "PE_valuation": -1.122079, 
    "DFC_valuation": 182.035072
  },
  "ratios": {
    "ROIC": 6.282837,
    "PB": 1.427371
  },
  "ownerEarnings": 1110700000,
  "growth_rate_revenue": 16.927520,
  "growth_rate_net_income": 817.185622
}
