{
  "ticker": "AXR",
  "valuation": {
    "PE_valuation": 10.187426, 
    "DFC_valuation": 77.588266
  },
  "ratios": {
    "ROIC": 14.972023,
    "PB": 0.667150
  },
  "ownerEarnings": 18132000,
  "growth_rate_revenue": -10.732660,
  "growth_rate_net_income": -90.828028
}
