{
  "ticker": "AXS",
  "valuation": {
    "PE_valuation": 84.847636, 
    "DFC_valuation": 2243.991006
  },
  "ratios": {
    "ROIC": 5.243297,
    "PB": 0.990770
  },
  "ownerEarnings": 428535000,
  "growth_rate_revenue": 57.272755,
  "growth_rate_net_income": 236.502018
}
