{
  "ticker": "AXU",
  "valuation": {
    "PE_valuation": 14.326585, 
    "DFC_valuation": -117942.016145
  },
  "ratios": {
    "ROIC": -1.729141,
    "PB": 1.748895
  },
  "ownerEarnings": 50681000,
  "growth_rate_revenue": 301.882632,
  "growth_rate_net_income": 106.336604
}
