{
  "ticker": "AY",
  "valuation": {
    "PE_valuation": -2.232920, 
    "DFC_valuation": 1895.355803
  },
  "ratios": {
    "ROIC": 0.680392,
    "PB": 1.856775
  },
  "ownerEarnings": 1120810000,
  "growth_rate_revenue": 78.903465,
  "growth_rate_net_income": 783.929658
}
