{
  "ticker": "AYX",
  "valuation": {
    "PE_valuation": 243.086202, 
    "DFC_valuation": -4335.120825
  },
  "ratios": {
    "ROIC": -22.250042,
    "PB": 19.990105
  },
  "ownerEarnings": -362666000,
  "growth_rate_revenue": 77.995310,
  "growth_rate_net_income": -68.127779
}
