{
  "ticker": "AZEK",
  "valuation": {
    "PE_valuation": 15.187352, 
    "DFC_valuation": 134.623644
  },
  "ratios": {
    "ROIC": 4.812475,
    "PB": 3.123735
  },
  "ownerEarnings": 349112000,
  "growth_rate_revenue": 19.221256,
  "growth_rate_net_income": -24.825624
}
