{
  "ticker": "AZPN",
  "valuation": {
    "PE_valuation": -216.165860, 
    "DFC_valuation": 5622.968157
  },
  "ratios": {
    "ROIC": -0.827181,
    "PB": 0.828642
  },
  "ownerEarnings": 332671000,
  "growth_rate_revenue": 50.835704,
  "growth_rate_net_income": -238.716386
}
