{
  "ticker": "AZTA",
  "valuation": {
    "PE_valuation": 283.448156, 
    "DFC_valuation": -1107.980832
  },
  "ratios": {
    "ROIC": -1.165786,
    "PB": 1.311990
  },
  "ownerEarnings": 47138000,
  "growth_rate_revenue": 50.858177,
  "growth_rate_net_income": -564.051044
}
