{
  "ticker": "AZUL",
  "valuation": {
    "PE_valuation": 136.599393, 
    "DFC_valuation": 1300.583171
  },
  "ratios": {
    "ROIC": 16.402793,
    "PB": -0.197515
  },
  "ownerEarnings": 4976450000,
  "growth_rate_revenue": 66.695864,
  "growth_rate_net_income": 274.151938
}
