{
  "ticker": "BABA",
  "valuation": {
    "PE_valuation": 37900.712827, 
    "DFC_valuation": 11350752.403324
  },
  "ratios": {
    "ROIC": 6.990672,
    "PB": 1.860282
  },
  "ownerEarnings": 121530000000,
  "growth_rate_revenue": 107.549789,
  "growth_rate_net_income": 145.349077
}
