{
  "ticker": "BALY",
  "valuation": {
    "PE_valuation": 36.217270, 
    "DFC_valuation": -231.702232
  },
  "ratios": {
    "ROIC": 3.201205,
    "PB": 1.397590
  },
  "ownerEarnings": 1496522000,
  "growth_rate_revenue": 62.756012,
  "growth_rate_net_income": 282.334235
}
