{
  "ticker": "BANC",
  "valuation": {
    "PE_valuation": 889.856201, 
    "DFC_valuation": 309442.402571
  },
  "ratios": {
    "ROIC": 8.856543,
    "PB": 0.880665
  },
  "ownerEarnings": 290798000,
  "growth_rate_revenue": 313.383873,
  "growth_rate_net_income": 30.015486
}
