{
  "ticker": "BAND",
  "valuation": {
    "PE_valuation": 35.923894, 
    "DFC_valuation": -175.126209
  },
  "ratios": {
    "ROIC": -3.540481,
    "PB": 2.131849
  },
  "ownerEarnings": 15344000,
  "growth_rate_revenue": 26.060182,
  "growth_rate_net_income": -564.056140
}
