{
  "ticker": "BAX",
  "valuation": {
    "PE_valuation": -335.313012, 
    "DFC_valuation": 169.176189
  },
  "ratios": {
    "ROIC": -2.391168,
    "PB": 4.404060
  },
  "ownerEarnings": 3115000000,
  "growth_rate_revenue": 43.801810,
  "growth_rate_net_income": 12.845875
}
