{
  "ticker": "BBD",
  "valuation": {
    "PE_valuation": 83.325242, 
    "DFC_valuation": 1424.420328
  },
  "ratios": {
    "ROIC": 26.575785,
    "PB": 1.041753
  },
  "ownerEarnings": 298448152000,
  "growth_rate_revenue": 28.404486,
  "growth_rate_net_income": 25.193117
}
