{
  "ticker": "BBSI",
  "valuation": {
    "PE_valuation": 266.293240, 
    "DFC_valuation": 675.061694
  },
  "ratios": {
    "ROIC": 19.385316,
    "PB": 3.739760
  },
  "ownerEarnings": 49423000,
  "growth_rate_revenue": 31.531141,
  "growth_rate_net_income": 20.440186
}
