{
  "ticker": "BBU",
  "valuation": {
    "PE_valuation": 52.465929, 
    "DFC_valuation": -6363.824217
  },
  "ratios": {
    "ROIC": -0.888201,
    "PB": 0.021038
  },
  "ownerEarnings": 4757000000,
  "growth_rate_revenue": 61.191434,
  "growth_rate_net_income": 529.444582
}
