{
  "ticker": "BBW",
  "valuation": {
    "PE_valuation": 45.325288, 
    "DFC_valuation": 668.780315
  },
  "ratios": {
    "ROIC": 13.119128,
    "PB": 3.030374
  },
  "ownerEarnings": 46616000,
  "growth_rate_revenue": 59.628117,
  "growth_rate_net_income": 415.910768
}
