{
  "ticker": "BBY",
  "valuation": {
    "PE_valuation": 3152.904637, 
    "DFC_valuation": 2401727.309683
  },
  "ratios": {
    "ROIC": 14.867378,
    "PB": 6.850971
  },
  "ownerEarnings": 3289000000,
  "growth_rate_revenue": 70.338559,
  "growth_rate_net_income": 55.005161
}
