{
  "ticker": "BC-PA",
  "valuation": {
    "PE_valuation": 915.210299, 
    "DFC_valuation": 1451.691422
  },
  "ratios": {
    "ROIC": 0.000000,
    "PB": 0.000000
  },
  "ownerEarnings": 911500000,
  "growth_rate_revenue": 17.864202,
  "growth_rate_net_income": -64.739967
}
