{
  "ticker": "BCBP",
  "valuation": {
    "PE_valuation": 21790.255624, 
    "DFC_valuation": 6622014884.248215
  },
  "ratios": {
    "ROIC": 7.735168,
    "PB": 1.048131
  },
  "ownerEarnings": 80596000,
  "growth_rate_revenue": 3612.248162,
  "growth_rate_net_income": -86.564855
}
