{
  "ticker": "BCE",
  "valuation": {
    "PE_valuation": 52.311406, 
    "DFC_valuation": 1076.850885
  },
  "ratios": {
    "ROIC": 7.519111,
    "PB": 2.445387
  },
  "ownerEarnings": 15823000000,
  "growth_rate_revenue": 8.465966,
  "growth_rate_net_income": 5.428727
}
