{
  "ticker": "BCEI",
  "valuation": {
    "PE_valuation": 544.151223, 
    "DFC_valuation": 179474.158788
  },
  "ratios": {
    "ROIC": 26.557818,
    "PB": 0.922778
  },
  "ownerEarnings": 4165131000,
  "growth_rate_revenue": 73.771118,
  "growth_rate_net_income": -806.596251
}
