{
  "ticker": "BCML",
  "valuation": {
    "PE_valuation": 958.803028, 
    "DFC_valuation": 1587234.606045
  },
  "ratios": {
    "ROIC": 7.460472,
    "PB": 0.785426
  },
  "ownerEarnings": 43491000,
  "growth_rate_revenue": 211.673136,
  "growth_rate_net_income": 160.401523
}
