{
  "ticker": "BCPC",
  "valuation": {
    "PE_valuation": 2779.563930, 
    "DFC_valuation": 319333.032183
  },
  "ratios": {
    "ROIC": 8.152807,
    "PB": 4.167011
  },
  "ownerEarnings": 217155000,
  "growth_rate_revenue": 19.773742,
  "growth_rate_net_income": 20.833333
}
