{
  "ticker": "BCSF",
  "valuation": {
    "PE_valuation": 147.436390, 
    "DFC_valuation": -25784.347879
  },
  "ratios": {
    "ROIC": 6.291182,
    "PB": 0.688192
  },
  "ownerEarnings": 210116000,
  "growth_rate_revenue": 507.682029,
  "growth_rate_net_income": 1157.789382
}
