{
  "ticker": "BDL",
  "valuation": {
    "PE_valuation": 20.826332, 
    "DFC_valuation": -556.578412
  },
  "ratios": {
    "ROIC": 4.518257,
    "PB": 1.035633
  },
  "ownerEarnings": 32062000,
  "growth_rate_revenue": -14.473095,
  "growth_rate_net_income": -42.763158
}
