{
  "ticker": "BECN",
  "valuation": {
    "PE_valuation": 340.728616, 
    "DFC_valuation": 25133.839320
  },
  "ratios": {
    "ROIC": 9.828371,
    "PB": 1.537884
  },
  "ownerEarnings": 847500000,
  "growth_rate_revenue": 41.647362,
  "growth_rate_net_income": -535.032893
}
