{
  "ticker": "BELFA",
  "valuation": {
    "PE_valuation": 184.252832, 
    "DFC_valuation": 71960.085284
  },
  "ratios": {
    "ROIC": 14.509414,
    "PB": 0.268910
  },
  "ownerEarnings": 74332000,
  "growth_rate_revenue": 21.971673,
  "growth_rate_net_income": -40.912835
}
