{
  "ticker": "BEN",
  "valuation": {
    "PE_valuation": 387.244681, 
    "DFC_valuation": 109868.233365
  },
  "ratios": {
    "ROIC": 6.684577,
    "PB": 1.009032
  },
  "ownerEarnings": 627000000,
  "growth_rate_revenue": 51.802904,
  "growth_rate_net_income": 66.530759
}
