{
  "ticker": "BEP-PA",
  "valuation": {
    "PE_valuation": 1770.826563, 
    "DFC_valuation": -6308451.227366
  },
  "ratios": {
    "ROIC": 2.779300,
    "PB": 0.265449
  },
  "ownerEarnings": 6615000000,
  "growth_rate_revenue": 189.930216,
  "growth_rate_net_income": 182.277112
}
