{
  "ticker": "BEST",
  "valuation": {
    "PE_valuation": 1044.046208, 
    "DFC_valuation": -450.070002
  },
  "ratios": {
    "ROIC": -21.574990,
    "PB": 0.106943
  },
  "ownerEarnings": -1172842000,
  "growth_rate_revenue": 82.852405,
  "growth_rate_net_income": -12.340213
}
