{
  "ticker": "BFC",
  "valuation": {
    "PE_valuation": 566.188566, 
    "DFC_valuation": 20086.804933
  },
  "ratios": {
    "ROIC": 11.420947,
    "PB": 1.524372
  },
  "ownerEarnings": 79296000,
  "growth_rate_revenue": 89.242260,
  "growth_rate_net_income": 13.852525
}
