{
  "ticker": "BGI",
  "valuation": {
    "PE_valuation": 2.652053, 
    "DFC_valuation": -114.155928
  },
  "ratios": {
    "ROIC": -1.363347,
    "PB": -339.935902
  },
  "ownerEarnings": 18817000,
  "growth_rate_revenue": 32.553919,
  "growth_rate_net_income": -81.256549
}
