{
  "ticker": "BGNE",
  "valuation": {
    "PE_valuation": 3579.802787, 
    "DFC_valuation": -83453.442746
  },
  "ratios": {
    "ROIC": -34.290099,
    "PB": 5.174822
  },
  "ownerEarnings": -1494383000,
  "growth_rate_revenue": 5514.751627,
  "growth_rate_net_income": 266.713003
}
