{
  "ticker": "BGSF",
  "valuation": {
    "PE_valuation": 30.509334, 
    "DFC_valuation": 60.097289
  },
  "ratios": {
    "ROIC": 0.000000,
    "PB": 0.000000
  },
  "ownerEarnings": 16974000,
  "growth_rate_revenue": 51.815499,
  "growth_rate_net_income": -369.118964
}
