{
  "ticker": "BH",
  "valuation": {
    "PE_valuation": -152.393199, 
    "DFC_valuation": 59344.781989
  },
  "ratios": {
    "ROIC": -2.929311,
    "PB": 0.075629
  },
  "ownerEarnings": 59494000,
  "growth_rate_revenue": 7.963628,
  "growth_rate_net_income": 95.034053
}
