{
  "ticker": "BHC",
  "valuation": {
    "PE_valuation": 353.288884, 
    "DFC_valuation": -5106651.901051
  },
  "ratios": {
    "ROIC": 11.215866,
    "PB": -3.285202
  },
  "ownerEarnings": 4143000000,
  "growth_rate_revenue": 89.562672,
  "growth_rate_net_income": 118.621030
}
