{
  "ticker": "BHFAL",
  "valuation": {
    "PE_valuation": -0.269230, 
    "DFC_valuation": -4248.940903
  },
  "ratios": {
    "ROIC": 0.016191,
    "PB": 0.684948
  },
  "ownerEarnings": 73000000,
  "growth_rate_revenue": 23.323655,
  "growth_rate_net_income": -192.413950
}
