{
  "ticker": "BHG",
  "valuation": {
    "PE_valuation": 3101.537260, 
    "DFC_valuation": 416.540365
  },
  "ratios": {
    "ROIC": -46.825934,
    "PB": 0.568319
  },
  "ownerEarnings": -353647000,
  "growth_rate_revenue": 134.654270,
  "growth_rate_net_income": 106.924497
}
