{
  "ticker": "BHP",
  "valuation": {
    "PE_valuation": 93.577812, 
    "DFC_valuation": 714.261568
  },
  "ratios": {
    "ROIC": 22.433418,
    "PB": 7.029668
  },
  "ownerEarnings": 26571000000,
  "growth_rate_revenue": 16.103763,
  "growth_rate_net_income": 1.277394
}
