{
  "ticker": "BIF",
  "valuation": {
    "PE_valuation": 8.971644, 
    "DFC_valuation": 74.903540
  },
  "ratios": {
    "ROIC": 0.000000,
    "PB": 0.833743
  },
  "ownerEarnings": 286190573,
  "growth_rate_revenue": -3594.511047,
  "growth_rate_net_income": -1840.176490
}
