{
  "ticker": "BILI",
  "valuation": {
    "PE_valuation": 13552.276485, 
    "DFC_valuation": -1672100.511793
  },
  "ratios": {
    "ROIC": -27.534846,
    "PB": 3.708119
  },
  "ownerEarnings": -7279889000,
  "growth_rate_revenue": 219.910006,
  "growth_rate_net_income": 133.980507
}
