{
  "ticker": "BIMI",
  "valuation": {
    "PE_valuation": 29531.575542, 
    "DFC_valuation": -4367781173.676053
  },
  "ratios": {
    "ROIC": -78.946235,
    "PB": 0.809727
  },
  "ownerEarnings": -911512,
  "growth_rate_revenue": 0.0,
  "growth_rate_net_income": -28.618200
}
