{
  "ticker": "BIOL",
  "valuation": {
    "PE_valuation": 1002.515352, 
    "DFC_valuation": -368.370714
  },
  "ratios": {
    "ROIC": -119.986894,
    "PB": 0.921354
  },
  "ownerEarnings": -20339000,
  "growth_rate_revenue": 3.509199,
  "growth_rate_net_income": -5.196725
}
