{
  "ticker": "BIOR",
  "valuation": {
    "PE_valuation": 0.236624, 
    "DFC_valuation": -356.469260
  },
  "ratios": {
    "ROIC": -231.873932,
    "PB": -0.246325
  },
  "ownerEarnings": -78287000,
  "growth_rate_revenue": -756014101381616.375000,
  "growth_rate_net_income": -447.786418
}
