{
  "ticker": "BIOX",
  "valuation": {
    "PE_valuation": -3.440310, 
    "DFC_valuation": -98.409599
  },
  "ratios": {
    "ROIC": 10.034976,
    "PB": 2.778222
  },
  "ownerEarnings": 105209989,
  "growth_rate_revenue": 33.534664,
  "growth_rate_net_income": -178.115798
}
