{
  "ticker": "BKDT",
  "valuation": {
    "PE_valuation": 14.095609, 
    "DFC_valuation": -1923.302382
  },
  "ratios": {
    "ROIC": -1.297114,
    "PB": 0.892481
  },
  "ownerEarnings": 607610000,
  "growth_rate_revenue": 87.589635,
  "growth_rate_net_income": 127.142732
}
