{
  "ticker": "BKE",
  "valuation": {
    "PE_valuation": 169.728891, 
    "DFC_valuation": 3835.074585
  },
  "ratios": {
    "ROIC": 25.344868,
    "PB": 5.675609
  },
  "ownerEarnings": 296558000,
  "growth_rate_revenue": 23.878091,
  "growth_rate_net_income": 31.339103
}
