{
  "ticker": "BKKT-WT",
  "valuation": {
    "PE_valuation": -0.000000, 
    "DFC_valuation": -132.121707
  },
  "ratios": {
    "ROIC": 1098.841154,
    "PB": 0.706666
  },
  "ownerEarnings": 5331627000,
  "growth_rate_revenue": 0.000000,
  "growth_rate_net_income": 0.000000
}
