{
  "ticker": "BKNG",
  "valuation": {
    "PE_valuation": 84500.578367, 
    "DFC_valuation": 135035049.563547
  },
  "ratios": {
    "ROIC": 24.293183,
    "PB": 28.883265
  },
  "ownerEarnings": 5000000000,
  "growth_rate_revenue": 348.275590,
  "growth_rate_net_income": 168.283179
}
