{
  "ticker": "BKR",
  "valuation": {
    "PE_valuation": -1.448603, 
    "DFC_valuation": 5536.523079
  },
  "ratios": {
    "ROIC": 0.000000,
    "PB": 0.000000
  },
  "ownerEarnings": 2467000000,
  "growth_rate_revenue": 8.301413,
  "growth_rate_net_income": -1644.550764
}
