{
  "ticker": "BKU",
  "valuation": {
    "PE_valuation": 34.643738, 
    "DFC_valuation": 868.390511
  },
  "ratios": {
    "ROIC": 6.284311,
    "PB": 1.260640
  },
  "ownerEarnings": 983676000,
  "growth_rate_revenue": 13.821299,
  "growth_rate_net_income": 55.113809
}
