{
  "ticker": "BKYI",
  "valuation": {
    "PE_valuation": 687.541132, 
    "DFC_valuation": -116190.905847
  },
  "ratios": {
    "ROIC": -107.337330,
    "PB": 12.084367
  },
  "ownerEarnings": -8642253,
  "growth_rate_revenue": 268.613808,
  "growth_rate_net_income": 66.572998
}
