{
  "ticker": "BLCO",
  "valuation": {
    "PE_valuation": 0.665938, 
    "DFC_valuation": 20.060264
  },
  "ratios": {
    "ROIC": 0.449195,
    "PB": 0.771861
  },
  "ownerEarnings": 646000000,
  "growth_rate_revenue": -22.007842,
  "growth_rate_net_income": 201.813497
}
