{
  "ticker": "BLCT",
  "valuation": {
    "PE_valuation": -0.000000, 
    "DFC_valuation": -890.435848
  },
  "ratios": {
    "ROIC": 264.187241,
    "PB": 0.687067
  },
  "ownerEarnings": -299819495,
  "growth_rate_revenue": 0.000000,
  "growth_rate_net_income": 0.000000
}
