{
  "ticker": "BLD",
  "valuation": {
    "PE_valuation": 0.000000, 
    "DFC_valuation": 1565.424839
  },
  "ratios": {
    "ROIC": 0.000000,
    "PB": 0.000000
  },
  "ownerEarnings": 5169136000,
  "growth_rate_revenue": 12.020224,
  "growth_rate_net_income": 145.672282
}
