{
  "ticker": "BLFS",
  "valuation": {
    "PE_valuation": -9528.599069, 
    "DFC_valuation": -3918151.632033
  },
  "ratios": {
    "ROIC": 20.815154,
    "PB": -3.131258
  },
  "ownerEarnings": 65475000,
  "growth_rate_revenue": 1481.779661,
  "growth_rate_net_income": 88.382470
}
