{
  "ticker": "BLKB",
  "valuation": {
    "PE_valuation": -854.081979, 
    "DFC_valuation": 1219.095980
  },
  "ratios": {
    "ROIC": -0.954245,
    "PB": 4.079610
  },
  "ownerEarnings": 89337000,
  "growth_rate_revenue": 11.170788,
  "growth_rate_net_income": -694.194473
}
