{
  "ticker": "BLMN",
  "valuation": {
    "PE_valuation": 12.692091, 
    "DFC_valuation": 93.187684
  },
  "ratios": {
    "ROIC": 6.977212,
    "PB": 6.798653
  },
  "ownerEarnings": 844966000,
  "growth_rate_revenue": 5.390605,
  "growth_rate_net_income": 29.323773
}
