{
  "ticker": "BLUE",
  "valuation": {
    "PE_valuation": 14.833360, 
    "DFC_valuation": -416.147176
  },
  "ratios": {
    "ROIC": -37.835510,
    "PB": 2.769685
  },
  "ownerEarnings": -319940000,
  "growth_rate_revenue": 1424.800736,
  "growth_rate_net_income": 112.873047
}
