{
  "ticker": "BN",
  "valuation": {
    "PE_valuation": 129.073117, 
    "DFC_valuation": 109320.547277
  },
  "ratios": {
    "ROIC": 5.198450,
    "PB": 1.104799
  },
  "ownerEarnings": 41172000000,
  "growth_rate_revenue": 159.354369,
  "growth_rate_net_income": 23.869183
}
