{
  "ticker": "BNED",
  "valuation": {
    "PE_valuation": 2.680690, 
    "DFC_valuation": 63.394570
  },
  "ratios": {
    "ROIC": -7.615819,
    "PB": 0.625833
  },
  "ownerEarnings": 11220000,
  "growth_rate_revenue": 1.840388,
  "growth_rate_net_income": 1534.065907
}
