{
  "ticker": "BNL",
  "valuation": {
    "PE_valuation": 37.477465, 
    "DFC_valuation": 135.549643
  },
  "ratios": {
    "ROIC": 3.857412,
    "PB": 0.890132
  },
  "ownerEarnings": 447424000,
  "growth_rate_revenue": 34.250729,
  "growth_rate_net_income": 36.183062
}
