{
  "ticker": "BOCH",
  "valuation": {
    "PE_valuation": 51.500736, 
    "DFC_valuation": 1851.631423
  },
  "ratios": {
    "ROIC": -7.940263,
    "PB": 0.928317
  },
  "ownerEarnings": 16843000,
  "growth_rate_revenue": 92.713399,
  "growth_rate_net_income": 1.592177
}
