{
  "ticker": "BON",
  "valuation": {
    "PE_valuation": 17.804293, 
    "DFC_valuation": -53.109697
  },
  "ratios": {
    "ROIC": 15.292080,
    "PB": 0.610895
  },
  "ownerEarnings": 10099551,
  "growth_rate_revenue": 5.109478,
  "growth_rate_net_income": 264.342938
}
