{
  "ticker": "BOOT",
  "valuation": {
    "PE_valuation": 188.667522, 
    "DFC_valuation": -297.068479
  },
  "ratios": {
    "ROIC": 10.898604,
    "PB": 2.941922
  },
  "ownerEarnings": 333110000,
  "growth_rate_revenue": 31.093155,
  "growth_rate_net_income": 251.700861
}
