{
  "ticker": "BOSC",
  "valuation": {
    "PE_valuation": 3.365812, 
    "DFC_valuation": -35.915701
  },
  "ratios": {
    "ROIC": 9.243967,
    "PB": 0.696669
  },
  "ownerEarnings": 5261000,
  "growth_rate_revenue": 104.769484,
  "growth_rate_net_income": 155.134843
}
