{
  "ticker": "BOTJ",
  "valuation": {
    "PE_valuation": 65.169592, 
    "DFC_valuation": 1104.323400
  },
  "ratios": {
    "ROIC": 15.119824,
    "PB": 1.125842
  },
  "ownerEarnings": 15010000,
  "growth_rate_revenue": 36.298304,
  "growth_rate_net_income": 31.869166
}
