{
  "ticker": "BP",
  "valuation": {
    "PE_valuation": -9.850769, 
    "DFC_valuation": 253.621162
  },
  "ratios": {
    "ROIC": -2.996454,
    "PB": 1.636366
  },
  "ownerEarnings": 83338000000,
  "growth_rate_revenue": -3.440741,
  "growth_rate_net_income": 48.949537
}
