{
  "ticker": "BPOP",
  "valuation": {
    "PE_valuation": 279.746299, 
    "DFC_valuation": 3698.793891
  },
  "ratios": {
    "ROIC": 25.755636,
    "PB": 1.217505
  },
  "ownerEarnings": 1900296000,
  "growth_rate_revenue": 21.860884,
  "growth_rate_net_income": 23.329715
}
