{
  "ticker": "BRDG",
  "valuation": {
    "PE_valuation": 0.000000, 
    "DFC_valuation": 471.280748
  },
  "ratios": {
    "ROIC": 27.873746,
    "PB": 3.645363
  },
  "ownerEarnings": -135478000,
  "growth_rate_revenue": 0.000000,
  "growth_rate_net_income": 0.000000
}
