{
  "ticker": "BRK-B",
  "valuation": {
    "PE_valuation": -1216.216218, 
    "DFC_valuation": 1975336995.775500
  },
  "ratios": {
    "ROIC": 4.524485,
    "PB": 1.440857
  },
  "ownerEarnings": 4305000000,
  "growth_rate_revenue": 7.316792,
  "growth_rate_net_income": 18.322654
}
