{
  "ticker": "BRK-A",
  "valuation": {
    "PE_valuation": -1530464.028900, 
    "DFC_valuation": 1193709082.987443
  },
  "ratios": {
    "ROIC": -5.797743,
    "PB": 1.457529
  },
  "ownerEarnings": -5549000000,
  "growth_rate_revenue": 7.316792,
  "growth_rate_net_income": 18.322654
}
