{
  "ticker": "BRKS",
  "valuation": {
    "PE_valuation": 232.940640, 
    "DFC_valuation": 2235.030976
  },
  "ratios": {
    "ROIC": -1.287102,
    "PB": 5.737569
  },
  "ownerEarnings": 102013000,
  "growth_rate_revenue": 50.858177,
  "growth_rate_net_income": -564.051044
}
