{
  "ticker": "BRN",
  "valuation": {
    "PE_valuation": 0.030445, 
    "DFC_valuation": -70.011530
  },
  "ratios": {
    "ROIC": -17.350064,
    "PB": 1.401546
  },
  "ownerEarnings": 11012000,
  "growth_rate_revenue": 36.103256,
  "growth_rate_net_income": 127.858735
}
