{
  "ticker": "BRO",
  "valuation": {
    "PE_valuation": 1496.544939, 
    "DFC_valuation": 668318.505710
  },
  "ratios": {
    "ROIC": 0.000000,
    "PB": 0.000000
  },
  "ownerEarnings": 781100000,
  "growth_rate_revenue": 13.266606,
  "growth_rate_net_income": 41.754050
}
