{
  "ticker": "BROG",
  "valuation": {
    "PE_valuation": 1607.488922, 
    "DFC_valuation": 4801108.194475
  },
  "ratios": {
    "ROIC": 12.647251,
    "PB": 4.481568
  },
  "ownerEarnings": 92269877,
  "growth_rate_revenue": 10003.822533,
  "growth_rate_net_income": -255.345626
}
