{
  "ticker": "BRY",
  "valuation": {
    "PE_valuation": 9.069921, 
    "DFC_valuation": 232.792158
  },
  "ratios": {
    "ROIC": 13.062911,
    "PB": 0.784694
  },
  "ownerEarnings": 373445000,
  "growth_rate_revenue": 32.689538,
  "growth_rate_net_income": -672.348631
}
