{
  "ticker": "BSBR",
  "valuation": {
    "PE_valuation": 50.693652, 
    "DFC_valuation": 595339.775380
  },
  "ratios": {
    "ROIC": 26.984666,
    "PB": 0.993515
  },
  "ownerEarnings": 155127754000,
  "growth_rate_revenue": 50.196005,
  "growth_rate_net_income": 99.942816
}
