{
  "ticker": "BSX-PA",
  "valuation": {
    "PE_valuation": 127.048030, 
    "DFC_valuation": 7032.025441
  },
  "ratios": {
    "ROIC": 3.707608,
    "PB": 3.766316
  },
  "ownerEarnings": 3257000000,
  "growth_rate_revenue": 63.601385,
  "growth_rate_net_income": 492.921605
}
