{
  "ticker": "BSY",
  "valuation": {
    "PE_valuation": 41.637575, 
    "DFC_valuation": 1299.948249
  },
  "ratios": {
    "ROIC": 7.637797,
    "PB": 19.954636
  },
  "ownerEarnings": 236841000,
  "growth_rate_revenue": -12.601568,
  "growth_rate_net_income": -10.881809
}
