{
  "ticker": "BTCM",
  "valuation": {
    "PE_valuation": 3203.564307, 
    "DFC_valuation": -202.576951
  },
  "ratios": {
    "ROIC": -390.013630,
    "PB": 0.337297
  },
  "ownerEarnings": -51561000,
  "growth_rate_revenue": 30.151418,
  "growth_rate_net_income": 522.720399
}
