{
  "ticker": "BTCT",
  "valuation": {
    "PE_valuation": -0.021770, 
    "DFC_valuation": -42.570443
  },
  "ratios": {
    "ROIC": 40.983195,
    "PB": 0.127491
  },
  "ownerEarnings": 147001000,
  "growth_rate_revenue": -30.011760,
  "growth_rate_net_income": -118.755489
}
