{
  "ticker": "BTE",
  "valuation": {
    "PE_valuation": -9.853795, 
    "DFC_valuation": 967979.179793
  },
  "ratios": {
    "ROIC": 22.801892,
    "PB": 1.124222
  },
  "ownerEarnings": 2068852000,
  "growth_rate_revenue": 245.029247,
  "growth_rate_net_income": 54.514371
}
