{
  "ticker": "BTRS",
  "valuation": {
    "PE_valuation": -0.000000, 
    "DFC_valuation": -4.623423
  },
  "ratios": {
    "ROIC": -52988.140955,
    "PB": 3668.692081
  },
  "ownerEarnings": -76375000,
  "growth_rate_revenue": 0.000000,
  "growth_rate_net_income": 0.000000
}
