{
  "ticker": "BURU",
  "valuation": {
    "PE_valuation": -0.000000, 
    "DFC_valuation": -106.901734
  },
  "ratios": {
    "ROIC": -208.260954,
    "PB": -154.491433
  },
  "ownerEarnings": -27616643,
  "growth_rate_revenue": 0.000000,
  "growth_rate_net_income": 0.000000
}
