{
  "ticker": "BV",
  "valuation": {
    "PE_valuation": -2.075834, 
    "DFC_valuation": 18.913175
  },
  "ratios": {
    "ROIC": 10.831144,
    "PB": 0.582275
  },
  "ownerEarnings": 302000000,
  "growth_rate_revenue": 3.736692,
  "growth_rate_net_income": -210.298528
}
