{
  "ticker": "BVH",
  "valuation": {
    "PE_valuation": 146.827422, 
    "DFC_valuation": -91780.524742
  },
  "ratios": {
    "ROIC": 5.519454,
    "PB": 2.867361
  },
  "ownerEarnings": 157940000,
  "growth_rate_revenue": 167.279679,
  "growth_rate_net_income": 428.985751
}
