{
  "ticker": "BVN",
  "valuation": {
    "PE_valuation": -36.728816, 
    "DFC_valuation": -5269.511412
  },
  "ratios": {
    "ROIC": 3.549716,
    "PB": 0.628879
  },
  "ownerEarnings": 467924000,
  "growth_rate_revenue": 22.465039,
  "growth_rate_net_income": 30.118838
}
