{
  "ticker": "BWAY",
  "valuation": {
    "PE_valuation": 60.032063, 
    "DFC_valuation": -460.829793
  },
  "ratios": {
    "ROIC": -28.010949,
    "PB": 0.837119
  },
  "ownerEarnings": -14522000,
  "growth_rate_revenue": 99.690500,
  "growth_rate_net_income": 24.781363
}
