{
  "ticker": "BWFG",
  "valuation": {
    "PE_valuation": 364.984669, 
    "DFC_valuation": 37893.754751
  },
  "ratios": {
    "ROIC": 13.971752,
    "PB": 0.933412
  },
  "ownerEarnings": 89795000,
  "growth_rate_revenue": 76.797857,
  "growth_rate_net_income": -95.721139
}
