{
  "ticker": "BWMX",
  "valuation": {
    "PE_valuation": 727.409895, 
    "DFC_valuation": 7650.602400
  },
  "ratios": {
    "ROIC": 14.360953,
    "PB": 3.999923
  },
  "ownerEarnings": 2566102000,
  "growth_rate_revenue": 70.285726,
  "growth_rate_net_income": 113.417565
}
