{
  "ticker": "BWNB",
  "valuation": {
    "PE_valuation": 0.854306, 
    "DFC_valuation": -40.751633
  },
  "ratios": {
    "ROIC": 12.541379,
    "PB": -817.386338
  },
  "ownerEarnings": 98000000,
  "growth_rate_revenue": -24.125700,
  "growth_rate_net_income": -139.888243
}
