{
  "ticker": "BWXT",
  "valuation": {
    "PE_valuation": 78.604202, 
    "DFC_valuation": 36.326556
  },
  "ratios": {
    "ROIC": 12.987246,
    "PB": 7.097656
  },
  "ownerEarnings": 572771000,
  "growth_rate_revenue": 82.599487,
  "growth_rate_net_income": 25.892486
}
