{
  "ticker": "BXC",
  "valuation": {
    "PE_valuation": 47.674836, 
    "DFC_valuation": 538.329821
  },
  "ratios": {
    "ROIC": 0.000000,
    "PB": 0.000000
  },
  "ownerEarnings": 394285000,
  "growth_rate_revenue": 10.433545,
  "growth_rate_net_income": 104.877756
}
