{
  "ticker": "BXP",
  "valuation": {
    "PE_valuation": 336.412319, 
    "DFC_valuation": 32278.864048
  },
  "ratios": {
    "ROIC": 1.654670,
    "PB": 1.720329
  },
  "ownerEarnings": 1280334000,
  "growth_rate_revenue": 47.105353,
  "growth_rate_net_income": 85.041286
}
