{
  "ticker": "BYND",
  "valuation": {
    "PE_valuation": 2936.918765, 
    "DFC_valuation": -15311.790285
  },
  "ratios": {
    "ROIC": -32.637609,
    "PB": -3.847702
  },
  "ownerEarnings": -249557000,
  "growth_rate_revenue": 140.199343,
  "growth_rate_net_income": 131.081819
}
