{
  "ticker": "BZFD",
  "valuation": {
    "PE_valuation": 0.555787, 
    "DFC_valuation": -15.650274
  },
  "ratios": {
    "ROIC": -15.841800,
    "PB": 0.498502
  },
  "ownerEarnings": 65837000,
  "growth_rate_revenue": -15.473156,
  "growth_rate_net_income": -263.995760
}
