{
  "ticker": "BZUN",
  "valuation": {
    "PE_valuation": -834.606886, 
    "DFC_valuation": 208.311166
  },
  "ratios": {
    "ROIC": 0.469914,
    "PB": 0.546791
  },
  "ownerEarnings": 796234000,
  "growth_rate_revenue": 45.100799,
  "growth_rate_net_income": 81.143817
}
