{
  "ticker": "CAAP",
  "valuation": {
    "PE_valuation": -1.317547, 
    "DFC_valuation": 99.255757
  },
  "ratios": {
    "ROIC": 9.490720,
    "PB": 1.960657
  },
  "ownerEarnings": 446375000,
  "growth_rate_revenue": -7.705016,
  "growth_rate_net_income": 1466.926013
}
