{
  "ticker": "CACC",
  "valuation": {
    "PE_valuation": 3853.455972, 
    "DFC_valuation": 3608364.044700
  },
  "ratios": {
    "ROIC": 0.000000,
    "PB": 0.000000
  },
  "ownerEarnings": 252700000,
  "growth_rate_revenue": 69.050571,
  "growth_rate_net_income": 24.485080
}
