{
  "ticker": "CACO",
  "valuation": {
    "PE_valuation": 0.000000, 
    "DFC_valuation": 53.664079
  },
  "ratios": {
    "ROIC": 232.152080,
    "PB": 111.374732
  },
  "ownerEarnings": 23482619,
  "growth_rate_revenue": 0.000000,
  "growth_rate_net_income": 0.000000
}
