{
  "ticker": "CAG",
  "valuation": {
    "PE_valuation": 27.407087, 
    "DFC_valuation": 73.525320
  },
  "ratios": {
    "ROIC": 4.118753,
    "PB": 1.894437
  },
  "ownerEarnings": 1943300000,
  "growth_rate_revenue": 34.937332,
  "growth_rate_net_income": 31.141626
}
