{
  "ticker": "CAH",
  "valuation": {
    "PE_valuation": 433.860131, 
    "DFC_valuation": 7491116.563827
  },
  "ratios": {
    "ROIC": 5.184035,
    "PB": -8.657583
  },
  "ownerEarnings": 2467000000,
  "growth_rate_revenue": 31.569036,
  "growth_rate_net_income": 31.736900
}
