{
  "ticker": "CAJ",
  "valuation": {
    "PE_valuation": 5136.960894, 
    "DFC_valuation": 7644.165776
  },
  "ratios": {
    "ROIC": 6.494791,
    "PB": 0.941009
  },
  "ownerEarnings": 677108000000,
  "growth_rate_revenue": 17.227078,
  "growth_rate_net_income": 51.393661
}
