{
  "ticker": "CALM",
  "valuation": {
    "PE_valuation": 1540.269174, 
    "DFC_valuation": 7863.651450
  },
  "ratios": {
    "ROIC": 45.520531,
    "PB": 1.436101
  },
  "ownerEarnings": 914176000,
  "growth_rate_revenue": 6.702277,
  "growth_rate_net_income": -153.329935
}
