{
  "ticker": "CAMP",
  "valuation": {
    "PE_valuation": 900.672225, 
    "DFC_valuation": -575.886912
  },
  "ratios": {
    "ROIC": 0.000000,
    "PB": 0.000000
  },
  "ownerEarnings": 76708000,
  "growth_rate_revenue": 5.612134,
  "growth_rate_net_income": -406.432749
}
