{
  "ticker": "CAN",
  "valuation": {
    "PE_valuation": 101.420202, 
    "DFC_valuation": -10.492125
  },
  "ratios": {
    "ROIC": 10.157682,
    "PB": 0.504095
  },
  "ownerEarnings": -106991823,
  "growth_rate_revenue": 362.364012,
  "growth_rate_net_income": 1125.736051
}
