{
  "ticker": "CAR",
  "valuation": {
    "PE_valuation": 0.000000, 
    "DFC_valuation": 1053787.639565
  },
  "ratios": {
    "ROIC": 0.000000,
    "PB": 0.000000
  },
  "ownerEarnings": 7641000000,
  "growth_rate_revenue": 50.598796,
  "growth_rate_net_income": 22.534931
}
