{
  "ticker": "CARG",
  "valuation": {
    "PE_valuation": 297.827705, 
    "DFC_valuation": 2577.475713
  },
  "ratios": {
    "ROIC": 8.866186,
    "PB": 2.259480
  },
  "ownerEarnings": 81013000,
  "growth_rate_revenue": 56.883577,
  "growth_rate_net_income": 12.114724
}
