{
  "ticker": "CASH",
  "valuation": {
    "PE_valuation": 551.248989, 
    "DFC_valuation": -150909.765645
  },
  "ratios": {
    "ROIC": 23.133130,
    "PB": 1.897912
  },
  "ownerEarnings": 646050000,
  "growth_rate_revenue": 22.131383,
  "growth_rate_net_income": 17.179407
}
