{
  "ticker": "CASY",
  "valuation": {
    "PE_valuation": 2278.217062, 
    "DFC_valuation": 111113.843762
  },
  "ratios": {
    "ROIC": 11.215541,
    "PB": 3.262766
  },
  "ownerEarnings": 1292996000,
  "growth_rate_revenue": 19.541130,
  "growth_rate_net_income": 13.786521
}
