{
  "ticker": "CATC",
  "valuation": {
    "PE_valuation": 107.040605, 
    "DFC_valuation": 322.853031
  },
  "ratios": {
    "ROIC": 0.000000,
    "PB": 0.000000
  },
  "ownerEarnings": 33926000,
  "growth_rate_revenue": 2.721879,
  "growth_rate_net_income": 50.039919
}
