{
  "ticker": "CBD",
  "valuation": {
    "PE_valuation": -94.623862, 
    "DFC_valuation": -1169.670170
  },
  "ratios": {
    "ROIC": 0.382851,
    "PB": 0.387314
  },
  "ownerEarnings": 5568000000,
  "growth_rate_revenue": 37.252069,
  "growth_rate_net_income": -153.976952
}
