{
  "ticker": "CBIO",
  "valuation": {
    "PE_valuation": 0.217783, 
    "DFC_valuation": -55.743908
  },
  "ratios": {
    "ROIC": 41.598151,
    "PB": -0.767226
  },
  "ownerEarnings": -54560000,
  "growth_rate_revenue": 564.816542,
  "growth_rate_net_income": 29.483254
}
