{
  "ticker": "CBLI",
  "valuation": {
    "PE_valuation": 1.239696, 
    "DFC_valuation": -4.154102
  },
  "ratios": {
    "ROIC": 148.431586,
    "PB": 21.241757
  },
  "ownerEarnings": -2885961,
  "growth_rate_revenue": 257.175461,
  "growth_rate_net_income": 541.754082
}
