{
  "ticker": "CBNK",
  "valuation": {
    "PE_valuation": 37.952090, 
    "DFC_valuation": 373.917320
  },
  "ratios": {
    "ROIC": 14.031540,
    "PB": 1.473736
  },
  "ownerEarnings": 63202000,
  "growth_rate_revenue": 32.213042,
  "growth_rate_net_income": 41.521676
}
