{
  "ticker": "CBZ",
  "valuation": {
    "PE_valuation": 244.330739, 
    "DFC_valuation": 7893.946765
  },
  "ratios": {
    "ROIC": 8.963013,
    "PB": 3.381964
  },
  "ownerEarnings": 166696000,
  "growth_rate_revenue": 114.730785,
  "growth_rate_net_income": 128.133700
}
