{
  "ticker": "CCAP",
  "valuation": {
    "PE_valuation": 427.105124, 
    "DFC_valuation": 22094.464212
  },
  "ratios": {
    "ROIC": 3.596519,
    "PB": 0.577550
  },
  "ownerEarnings": 76354000,
  "growth_rate_revenue": 1555.651518,
  "growth_rate_net_income": -83.000042
}
