{
  "ticker": "CCB",
  "valuation": {
    "PE_valuation": 218.742407, 
    "DFC_valuation": 6455.721451
  },
  "ratios": {
    "ROIC": 0.000000,
    "PB": 0.000000
  },
  "ownerEarnings": 44900000,
  "growth_rate_revenue": 29.748532,
  "growth_rate_net_income": 62.809452
}
