{
  "ticker": "CCBG",
  "valuation": {
    "PE_valuation": 119.227219, 
    "DFC_valuation": 2766.244273
  },
  "ratios": {
    "ROIC": 9.048074,
    "PB": 1.398186
  },
  "ownerEarnings": 66506000,
  "growth_rate_revenue": 90.082639,
  "growth_rate_net_income": 14.687405
}
