{
  "ticker": "CCCC",
  "valuation": {
    "PE_valuation": 12.743332, 
    "DFC_valuation": -159.135675
  },
  "ratios": {
    "ROIC": -28.279733,
    "PB": 0.996715
  },
  "ownerEarnings": -150162000,
  "growth_rate_revenue": -7.121065,
  "growth_rate_net_income": 47.076220
}
