{
  "ticker": "CCEP",
  "valuation": {
    "PE_valuation": 185.821482, 
    "DFC_valuation": 1790.790233
  },
  "ratios": {
    "ROIC": 8.094159,
    "PB": 3.179522
  },
  "ownerEarnings": 3217000000,
  "growth_rate_revenue": 15.337178,
  "growth_rate_net_income": 5.616797
}
