{
  "ticker": "CCG",
  "valuation": {
    "PE_valuation": -0.000000, 
    "DFC_valuation": -1769.782938
  },
  "ratios": {
    "ROIC": 9.352594,
    "PB": -76.632255
  },
  "ownerEarnings": -124497000,
  "growth_rate_revenue": 0.000000,
  "growth_rate_net_income": 0.000000
}
