{
  "ticker": "CCI",
  "valuation": {
    "PE_valuation": 5254.308326, 
    "DFC_valuation": 25115970.670775
  },
  "ratios": {
    "ROIC": 0.000000,
    "PB": 0.000000
  },
  "ownerEarnings": 6257000000,
  "growth_rate_revenue": 148.107983,
  "growth_rate_net_income": 134.617940
}
