{
  "ticker": "CCIV",
  "valuation": {
    "PE_valuation": -0.000000, 
    "DFC_valuation": -112910.066895
  },
  "ratios": {
    "ROIC": -39.763859,
    "PB": 2.635377
  },
  "ownerEarnings": -2980057000,
  "growth_rate_revenue": 0.000000,
  "growth_rate_net_income": 0.000000
}
