{
  "ticker": "CCLDO",
  "valuation": {
    "PE_valuation": 30.093697, 
    "DFC_valuation": 0.000000
  },
  "ratios": {
    "ROIC": 3.251600,
    "PB": 0.417527
  },
  "ownerEarnings": 17942000,
  "growth_rate_revenue": 27.706726,
  "growth_rate_net_income": 549.431214
}
