{
  "ticker": "CCO",
  "valuation": {
    "PE_valuation": 0.575266, 
    "DFC_valuation": -23.104725
  },
  "ratios": {
    "ROIC": 2.436900,
    "PB": -0.152654
  },
  "ownerEarnings": 1122937000,
  "growth_rate_revenue": 13.372364,
  "growth_rate_net_income": 357.744860
}
