{
  "ticker": "CCRN",
  "valuation": {
    "PE_valuation": -134.887583, 
    "DFC_valuation": 2704.653833
  },
  "ratios": {
    "ROIC": 32.180714,
    "PB": 2.150849
  },
  "ownerEarnings": 255125000,
  "growth_rate_revenue": 39.074470,
  "growth_rate_net_income": 59.640979
}
