{
  "ticker": "CCSI",
  "valuation": {
    "PE_valuation": 8.198044, 
    "DFC_valuation": 124.689245
  },
  "ratios": {
    "ROIC": 19.428648,
    "PB": -4.232937
  },
  "ownerEarnings": 203131000,
  "growth_rate_revenue": -21.189560,
  "growth_rate_net_income": -40.273261
}
