{
  "ticker": "CDLX",
  "valuation": {
    "PE_valuation": 344.870165, 
    "DFC_valuation": -239.943575
  },
  "ratios": {
    "ROIC": -29.625697,
    "PB": 0.912841
  },
  "ownerEarnings": 209620000,
  "growth_rate_revenue": 26.231236,
  "growth_rate_net_income": 86.544104
}
