{
  "ticker": "CDNA",
  "valuation": {
    "PE_valuation": 224.427336, 
    "DFC_valuation": -867.695860
  },
  "ratios": {
    "ROIC": -15.420782,
    "PB": 1.411892
  },
  "ownerEarnings": -100933000,
  "growth_rate_revenue": 24.498033,
  "growth_rate_net_income": -444.651891
}
