{
  "ticker": "CDW",
  "valuation": {
    "PE_valuation": 2412.064052, 
    "DFC_valuation": 246200.290441
  },
  "ratios": {
    "ROIC": 16.502787,
    "PB": 15.058951
  },
  "ownerEarnings": 1634300000,
  "growth_rate_revenue": 56.410578,
  "growth_rate_net_income": 52.661979
}
