{
  "ticker": "CECE",
  "valuation": {
    "PE_valuation": 735.372445, 
    "DFC_valuation": 18318348.552968
  },
  "ratios": {
    "ROIC": 7.880374,
    "PB": 1.899266
  },
  "ownerEarnings": 50760000,
  "growth_rate_revenue": 975.055627,
  "growth_rate_net_income": -74.842125
}
