{
  "ticker": "CEIX",
  "valuation": {
    "PE_valuation": 53.888407, 
    "DFC_valuation": 870.129100
  },
  "ratios": {
    "ROIC": 44.678517,
    "PB": 1.941548
  },
  "ownerEarnings": 1448047000,
  "growth_rate_revenue": -3.354808,
  "growth_rate_net_income": 14.473305
}
