{
  "ticker": "CENTA",
  "valuation": {
    "PE_valuation": 115.197898, 
    "DFC_valuation": 12086.700281
  },
  "ratios": {
    "ROIC": 5.428725,
    "PB": 1.593489
  },
  "ownerEarnings": 286512000,
  "growth_rate_revenue": 42.796105,
  "growth_rate_net_income": 220.653409
}
