{
  "ticker": "CEQP-P",
  "valuation": {
    "PE_valuation": 342.298446, 
    "DFC_valuation": 4405562.712620
  },
  "ratios": {
    "ROIC": 0.643456,
    "PB": 1.359485
  },
  "ownerEarnings": 515300000,
  "growth_rate_revenue": 187.087418,
  "growth_rate_net_income": 283.278533
}
