{
  "ticker": "CETXW",
  "valuation": {
    "PE_valuation": 0.096237, 
    "DFC_valuation": -114.171723
  },
  "ratios": {
    "ROIC": -12.898790,
    "PB": 0.022065
  },
  "ownerEarnings": -15509372,
  "growth_rate_revenue": 70.390783,
  "growth_rate_net_income": -281.543604
}
