{
  "ticker": "CFB",
  "valuation": {
    "PE_valuation": 0.469132, 
    "DFC_valuation": 103.000860
  },
  "ratios": {
    "ROIC": 12.138050,
    "PB": 1.070617
  },
  "ownerEarnings": 175014000,
  "growth_rate_revenue": -1.386404,
  "growth_rate_net_income": 178.155962
}
