{
  "ticker": "CFG-PD",
  "valuation": {
    "PE_valuation": 32.124830, 
    "DFC_valuation": 590.603982
  },
  "ratios": {
    "ROIC": 7.304873,
    "PB": 0.790989
  },
  "ownerEarnings": 4776000000,
  "growth_rate_revenue": 1.224887,
  "growth_rate_net_income": -177.368336
}
