{
  "ticker": "CFG-PE",
  "valuation": {
    "PE_valuation": 0.000000, 
    "DFC_valuation": 590.603982
  },
  "ratios": {
    "ROIC": 0.000000,
    "PB": 0.000000
  },
  "ownerEarnings": 4776000000,
  "growth_rate_revenue": 1.224887,
  "growth_rate_net_income": -177.368336
}
