{
  "ticker": "CFXA",
  "valuation": {
    "PE_valuation": 241.407279, 
    "DFC_valuation": 4296.623515
  },
  "ratios": {
    "ROIC": 1.777988,
    "PB": 1.031952
  },
  "ownerEarnings": 521613000,
  "growth_rate_revenue": 15.099722,
  "growth_rate_net_income": 16185.114953
}
