{
  "ticker": "CG",
  "valuation": {
    "PE_valuation": 34.822609, 
    "DFC_valuation": -276.282405
  },
  "ratios": {
    "ROIC": 9.454520,
    "PB": 1.754001
  },
  "ownerEarnings": 2240900000,
  "growth_rate_revenue": 27.922260,
  "growth_rate_net_income": 100.768015
}
