{
  "ticker": "CGC",
  "valuation": {
    "PE_valuation": 7063748.402941, 
    "DFC_valuation": -1704368021910.177490
  },
  "ratios": {
    "ROIC": 76.463318,
    "PB": 10.699898
  },
  "ownerEarnings": 6713355000,
  "growth_rate_revenue": inf,
  "growth_rate_net_income": 595.408170
}
