{
  "ticker": "CGNT",
  "valuation": {
    "PE_valuation": -975.187771, 
    "DFC_valuation": -7982.586281
  },
  "ratios": {
    "ROIC": -52.885169,
    "PB": 1.326087
  },
  "ownerEarnings": -110196000,
  "growth_rate_revenue": 12.263578,
  "growth_rate_net_income": 36.899280
}
