{
  "ticker": "CGNX",
  "valuation": {
    "PE_valuation": 570.206865, 
    "DFC_valuation": 102652.890444
  },
  "ratios": {
    "ROIC": 13.868723,
    "PB": 5.679392
  },
  "ownerEarnings": 212161000,
  "growth_rate_revenue": 42.113342,
  "growth_rate_net_income": 53.263077
}
