{
  "ticker": "CGRN",
  "valuation": {
    "PE_valuation": 36.584068, 
    "DFC_valuation": -16470.935247
  },
  "ratios": {
    "ROIC": -28.350996,
    "PB": 11.207100
  },
  "ownerEarnings": -3515000,
  "growth_rate_revenue": 2007.448360,
  "growth_rate_net_income": 27.936446
}
