{
  "ticker": "CHD",
  "valuation": {
    "PE_valuation": 487.390973, 
    "DFC_valuation": 71564.724383
  },
  "ratios": {
    "ROIC": 0.000000,
    "PB": 0.000000
  },
  "ownerEarnings": 1095500000,
  "growth_rate_revenue": 16.468337,
  "growth_rate_net_income": 80.365306
}
