{
  "ticker": "CHDN",
  "valuation": {
    "PE_valuation": 1337.951153, 
    "DFC_valuation": 8307.166038
  },
  "ratios": {
    "ROIC": 7.863764,
    "PB": 14.529135
  },
  "ownerEarnings": 889600000,
  "growth_rate_revenue": 27.558938,
  "growth_rate_net_income": 15.865050
}
