{
  "ticker": "CHE",
  "valuation": {
    "PE_valuation": 986.910646, 
    "DFC_valuation": 2881.811708
  },
  "ratios": {
    "ROIC": 21.760264,
    "PB": 9.540586
  },
  "ownerEarnings": 384537600,
  "growth_rate_revenue": 13.188373,
  "growth_rate_net_income": 3.454434
}
