{
  "ticker": "CHEF",
  "valuation": {
    "PE_valuation": 89.846947, 
    "DFC_valuation": -241.983282
  },
  "ratios": {
    "ROIC": 4.053820,
    "PB": 3.074640
  },
  "ownerEarnings": 185939000,
  "growth_rate_revenue": 31.868746,
  "growth_rate_net_income": 28.723441
}
