{
  "ticker": "CHGG",
  "valuation": {
    "PE_valuation": -1774.830542, 
    "DFC_valuation": 177.083154
  },
  "ratios": {
    "ROIC": 12.059899,
    "PB": 2.886797
  },
  "ownerEarnings": 339961000,
  "growth_rate_revenue": 19.366509,
  "growth_rate_net_income": 24.105711
}
