{
  "ticker": "CHKEW",
  "valuation": {
    "PE_valuation": -92.551918, 
    "DFC_valuation": 26549415.325989
  },
  "ratios": {
    "ROIC": 41.249517,
    "PB": 1.301001
  },
  "ownerEarnings": 8489000000,
  "growth_rate_revenue": 110.858972,
  "growth_rate_net_income": -312.825835
}
