{
  "ticker": "CHMI",
  "valuation": {
    "PE_valuation": 10.236950, 
    "DFC_valuation": 19.074661
  },
  "ratios": {
    "ROIC": 5.793070,
    "PB": 0.437560
  },
  "ownerEarnings": 95964000,
  "growth_rate_revenue": 52.342170,
  "growth_rate_net_income": 132.525805
}
