{
  "ticker": "CHRS",
  "valuation": {
    "PE_valuation": 115.074122, 
    "DFC_valuation": -135009.599278
  },
  "ratios": {
    "ROIC": -82.800811,
    "PB": -4.474157
  },
  "ownerEarnings": -301756000,
  "growth_rate_revenue": 376.449587,
  "growth_rate_net_income": 81.300145
}
