{
  "ticker": "CHRW",
  "valuation": {
    "PE_valuation": 487.936154, 
    "DFC_valuation": 11690.522467
  },
  "ratios": {
    "ROIC": 24.893559,
    "PB": 8.506607
  },
  "ownerEarnings": 1271154000,
  "growth_rate_revenue": 17.736645,
  "growth_rate_net_income": 27.769603
}
