{
  "ticker": "CHSCN",
  "valuation": {
    "PE_valuation": 0.000000, 
    "DFC_valuation": 690.777838
  },
  "ratios": {
    "ROIC": 9.339388,
    "PB": 0.000000
  },
  "ownerEarnings": 1527640000,
  "growth_rate_revenue": -7.965564,
  "growth_rate_net_income": 35.250156
}
