{
  "ticker": "CHTR",
  "valuation": {
    "PE_valuation": 156848.996992, 
    "DFC_valuation": 1229006790.026922
  },
  "ratios": {
    "ROIC": 14.217825,
    "PB": 5.231304
  },
  "ownerEarnings": 38976000000,
  "growth_rate_revenue": 2621.365386,
  "growth_rate_net_income": 828141.561773
}
