{
  "ticker": "CHUY",
  "valuation": {
    "PE_valuation": 58.461990, 
    "DFC_valuation": 141.787337
  },
  "ratios": {
    "ROIC": 4.972077,
    "PB": 2.213811
  },
  "ownerEarnings": 89594000,
  "growth_rate_revenue": 36.218097,
  "growth_rate_net_income": 66.208052
}
