{
  "ticker": "CIAN",
  "valuation": {
    "PE_valuation": 0.000000, 
    "DFC_valuation": 2087.858412
  },
  "ratios": {
    "ROIC": -24.694495,
    "PB": 0.000000
  },
  "ownerEarnings": 321000000,
  "growth_rate_revenue": 0.000000,
  "growth_rate_net_income": 0.000000
}
