{
  "ticker": "CIB",
  "valuation": {
    "PE_valuation": 1729153.476062, 
    "DFC_valuation": 16779838.970581
  },
  "ratios": {
    "ROIC": 14.541352,
    "PB": 0.850831
  },
  "ownerEarnings": 26044962000000,
  "growth_rate_revenue": 18.265429,
  "growth_rate_net_income": 437.388350
}
