{
  "ticker": "CIGI",
  "valuation": {
    "PE_valuation": 1617.749214, 
    "DFC_valuation": -57.623065
  },
  "ratios": {
    "ROIC": 7.450835,
    "PB": 8.098044
  },
  "ownerEarnings": 613300000,
  "growth_rate_revenue": 89.288001,
  "growth_rate_net_income": -100.659091
}
