{
  "ticker": "CINF",
  "valuation": {
    "PE_valuation": -76.951735, 
    "DFC_valuation": 5843.954494
  },
  "ratios": {
    "ROIC": -3.911724,
    "PB": 1.543968
  },
  "ownerEarnings": -265000000,
  "growth_rate_revenue": 14.799337,
  "growth_rate_net_income": 27.799270
}
