{
  "ticker": "CINR",
  "valuation": {
    "PE_valuation": 22.885462, 
    "DFC_valuation": 172.540796
  },
  "ratios": {
    "ROIC": 10.949612,
    "PB": 0.000000
  },
  "ownerEarnings": 59800000,
  "growth_rate_revenue": 7.795844,
  "growth_rate_net_income": 41.948764
}
