{
  "ticker": "CIR",
  "valuation": {
    "PE_valuation": -9.279678, 
    "DFC_valuation": -130.887216
  },
  "ratios": {
    "ROIC": 5.500667,
    "PB": 3.065692
  },
  "ownerEarnings": 147293000,
  "growth_rate_revenue": 16.091335,
  "growth_rate_net_income": 29.435173
}
