{
  "ticker": "CIVB",
  "valuation": {
    "PE_valuation": 152.111719, 
    "DFC_valuation": 5697.449287
  },
  "ratios": {
    "ROIC": 6.157182,
    "PB": 1.046176
  },
  "ownerEarnings": 77422000,
  "growth_rate_revenue": 83.165859,
  "growth_rate_net_income": 11.618312
}
