{
  "ticker": "CKPT",
  "valuation": {
    "PE_valuation": 6.320481, 
    "DFC_valuation": -300.653677
  },
  "ratios": {
    "ROIC": 319.919830,
    "PB": -2.317380
  },
  "ownerEarnings": -56806000,
  "growth_rate_revenue": 79.316132,
  "growth_rate_net_income": 21.004595
}
