{
  "ticker": "CL",
  "valuation": {
    "PE_valuation": 88.468501, 
    "DFC_valuation": -153.415704
  },
  "ratios": {
    "ROIC": 0.000000,
    "PB": 0.000000
  },
  "ownerEarnings": 5862000000,
  "growth_rate_revenue": 6.674708,
  "growth_rate_net_income": 62.647088
}
