{
  "ticker": "CLB",
  "valuation": {
    "PE_valuation": 28.094228, 
    "DFC_valuation": 51.264118
  },
  "ratios": {
    "ROIC": 5.906838,
    "PB": 4.970470
  },
  "ownerEarnings": 62419000,
  "growth_rate_revenue": 46.359013,
  "growth_rate_net_income": 148.374395
}
