{
  "ticker": "CLMT",
  "valuation": {
    "PE_valuation": 32.112407, 
    "DFC_valuation": -4874.763592
  },
  "ratios": {
    "ROIC": 9.148518,
    "PB": -4.654836
  },
  "ownerEarnings": 1048400000,
  "growth_rate_revenue": 57.686143,
  "growth_rate_net_income": 35.002699
}
