{
  "ticker": "CLNE",
  "valuation": {
    "PE_valuation": 15.000214, 
    "DFC_valuation": 24.064223
  },
  "ratios": {
    "ROIC": -5.306850,
    "PB": 1.606345
  },
  "ownerEarnings": -42890000,
  "growth_rate_revenue": 33.575860,
  "growth_rate_net_income": 3525.763159
}
