{
  "ticker": "CLXT",
  "valuation": {
    "PE_valuation": 14.657719, 
    "DFC_valuation": -26.774142
  },
  "ratios": {
    "ROIC": -37.827679,
    "PB": 9.380112
  },
  "ownerEarnings": -21705000,
  "growth_rate_revenue": 780.893373,
  "growth_rate_net_income": 71.947647
}
