{
  "ticker": "CM",
  "valuation": {
    "PE_valuation": 79.196415, 
    "DFC_valuation": 70432.631928
  },
  "ratios": {
    "ROIC": 2.022594,
    "PB": 0.845933
  },
  "ownerEarnings": 7101000000,
  "growth_rate_revenue": 13.003211,
  "growth_rate_net_income": 12.322258
}
