{
  "ticker": "CMBM",
  "valuation": {
    "PE_valuation": 11.895591, 
    "DFC_valuation": -34.020844
  },
  "ratios": {
    "ROIC": 12.568784,
    "PB": 4.012758
  },
  "ownerEarnings": 28566000,
  "growth_rate_revenue": 16.584571,
  "growth_rate_net_income": 293.632002
}
