{
  "ticker": "CMCO",
  "valuation": {
    "PE_valuation": 61.048789, 
    "DFC_valuation": 54.788790
  },
  "ratios": {
    "ROIC": 4.498349,
    "PB": 1.274622
  },
  "ownerEarnings": 141387000,
  "growth_rate_revenue": 39.098406,
  "growth_rate_net_income": 9.419677
}
