{
  "ticker": "CMSD",
  "valuation": {
    "PE_valuation": 0.000000, 
    "DFC_valuation": -340.479877
  },
  "ratios": {
    "ROIC": 4.096579,
    "PB": 0.635255
  },
  "ownerEarnings": 4196000000,
  "growth_rate_revenue": 0.000000,
  "growth_rate_net_income": 0.000000
}
