{
  "ticker": "CNA",
  "valuation": {
    "PE_valuation": 51.224644, 
    "DFC_valuation": 579.149089
  },
  "ratios": {
    "ROIC": -3.664287,
    "PB": 1.301218
  },
  "ownerEarnings": -2541000000,
  "growth_rate_revenue": 21.430605,
  "growth_rate_net_income": 27.014760
}
