{
  "ticker": "CNC",
  "valuation": {
    "PE_valuation": 2915.647108, 
    "DFC_valuation": 17021740.018834
  },
  "ratios": {
    "ROIC": 4.907600,
    "PB": 1.960819
  },
  "ownerEarnings": 6873000000,
  "growth_rate_revenue": 48.892495,
  "growth_rate_net_income": 11.619246
}
