{
  "ticker": "CNK",
  "valuation": {
    "PE_valuation": 8.768923, 
    "DFC_valuation": -15.336605
  },
  "ratios": {
    "ROIC": 1.791883,
    "PB": 9.288675
  },
  "ownerEarnings": 773000000,
  "growth_rate_revenue": 17.826668,
  "growth_rate_net_income": 2719.135093
}
