{
  "ticker": "CNOB",
  "valuation": {
    "PE_valuation": 171.853205, 
    "DFC_valuation": 8554.546921
  },
  "ratios": {
    "ROIC": 7.985798,
    "PB": 0.724729
  },
  "ownerEarnings": 268562000,
  "growth_rate_revenue": 11.382490,
  "growth_rate_net_income": 5.953295
}
