{
  "ticker": "CNS",
  "valuation": {
    "PE_valuation": 275.940818, 
    "DFC_valuation": 1058.962338
  },
  "ratios": {
    "ROIC": 26.649799,
    "PB": 9.329771
  },
  "ownerEarnings": 172681000,
  "growth_rate_revenue": 42.657535,
  "growth_rate_net_income": 81.452061
}
