{
  "ticker": "CNTY",
  "valuation": {
    "PE_valuation": 117.269420, 
    "DFC_valuation": 38462.847371
  },
  "ratios": {
    "ROIC": 9.008644,
    "PB": 1.454976
  },
  "ownerEarnings": 115512000,
  "growth_rate_revenue": 74.093571,
  "growth_rate_net_income": -222.686213
}
