{
  "ticker": "CNX",
  "valuation": {
    "PE_valuation": 3.341082, 
    "DFC_valuation": 242.390403
  },
  "ratios": {
    "ROIC": 31.489389,
    "PB": 1.081631
  },
  "ownerEarnings": 6479383000,
  "growth_rate_revenue": 10.898021,
  "growth_rate_net_income": 15.859718
}
