{
  "ticker": "CNXC",
  "valuation": {
    "PE_valuation": 175.077515, 
    "DFC_valuation": 8.518802
  },
  "ratios": {
    "ROIC": 5.596086,
    "PB": 1.220468
  },
  "ownerEarnings": 1000572000,
  "growth_rate_revenue": 36.681490,
  "growth_rate_net_income": 75.888028
}
