{
  "ticker": "CNXN",
  "valuation": {
    "PE_valuation": 104.082265, 
    "DFC_valuation": 159.564242
  },
  "ratios": {
    "ROIC": 11.346192,
    "PB": 1.608621
  },
  "ownerEarnings": 102433000,
  "growth_rate_revenue": 24.191730,
  "growth_rate_net_income": 46.448760
}
