{
  "ticker": "COE",
  "valuation": {
    "PE_valuation": 10.006656, 
    "DFC_valuation": -16.719618
  },
  "ratios": {
    "ROIC": -154.331891,
    "PB": 5.358405
  },
  "ownerEarnings": -12596000,
  "growth_rate_revenue": 153.792604,
  "growth_rate_net_income": 175.216398
}
