{
  "ticker": "COF-PI",
  "valuation": {
    "PE_valuation": 1000.134733, 
    "DFC_valuation": 455340.537748
  },
  "ratios": {
    "ROIC": 10.596754,
    "PB": 0.746940
  },
  "ownerEarnings": 16296000000,
  "growth_rate_revenue": 54.908415,
  "growth_rate_net_income": 38.710952
}
