{
  "ticker": "COFS",
  "valuation": {
    "PE_valuation": 568.761016, 
    "DFC_valuation": 264387.311381
  },
  "ratios": {
    "ROIC": 9.949728,
    "PB": 1.289016
  },
  "ownerEarnings": 40491000,
  "growth_rate_revenue": 47.923417,
  "growth_rate_net_income": 12.061888
}
