{
  "ticker": "COHU",
  "valuation": {
    "PE_valuation": -144.139897, 
    "DFC_valuation": 5505.024033
  },
  "ratios": {
    "ROIC": 9.172131,
    "PB": 1.662400
  },
  "ownerEarnings": 132185000,
  "growth_rate_revenue": 10.095718,
  "growth_rate_net_income": 67.038100
}
