{
  "ticker": "COLIW",
  "valuation": {
    "PE_valuation": 0.000000, 
    "DFC_valuation": -2.364412
  },
  "ratios": {
    "ROIC": -332129.091636,
    "PB": -3898583.943910
  },
  "ownerEarnings": 5648973,
  "growth_rate_revenue": 0.000000,
  "growth_rate_net_income": 0.000000
}
