{
  "ticker": "COR",
  "valuation": {
    "PE_valuation": 1381.122351, 
    "DFC_valuation": 704567.687371
  },
  "ratios": {
    "ROIC": 34.413373,
    "PB": 55.266007
  },
  "ownerEarnings": 3630572000,
  "growth_rate_revenue": 23.068116,
  "growth_rate_net_income": 53.978114
}
