{
  "ticker": "COST",
  "valuation": {
    "PE_valuation": 8944.018105, 
    "DFC_valuation": 948168.561340
  },
  "ratios": {
    "ROIC": 16.540556,
    "PB": 9.640336
  },
  "ownerEarnings": 11172000000,
  "growth_rate_revenue": 30.155383,
  "growth_rate_net_income": 28.105105
}
