{
  "ticker": "COUR",
  "valuation": {
    "PE_valuation": 26.970191, 
    "DFC_valuation": 741.287321
  },
  "ratios": {
    "ROIC": 0.000000,
    "PB": 0.000000
  },
  "ownerEarnings": -293803000,
  "growth_rate_revenue": 12.038830,
  "growth_rate_net_income": 11.894261
}
