{
  "ticker": "COWNL",
  "valuation": {
    "PE_valuation": 80.715651, 
    "DFC_valuation": 3106.422204
  },
  "ratios": {
    "ROIC": 4.511151,
    "PB": 0.533622
  },
  "ownerEarnings": 568919000,
  "growth_rate_revenue": 39.586581,
  "growth_rate_net_income": 880.757702
}
