{
  "ticker": "CPAC",
  "valuation": {
    "PE_valuation": 50.883214, 
    "DFC_valuation": -18.928416
  },
  "ratios": {
    "ROIC": 19.888441,
    "PB": 1.357162
  },
  "ownerEarnings": 561127000,
  "growth_rate_revenue": 13.317981,
  "growth_rate_net_income": 34.513068
}
