{
  "ticker": "CPB",
  "valuation": {
    "PE_valuation": 0.193599, 
    "DFC_valuation": 172.791062
  },
  "ratios": {
    "ROIC": 11.526420,
    "PB": 3.740153
  },
  "ownerEarnings": 1784000000,
  "growth_rate_revenue": 9.214609,
  "growth_rate_net_income": 2218.125642
}
