{
  "ticker": "CPG",
  "valuation": {
    "PE_valuation": -683.508104, 
    "DFC_valuation": 14165015982.539230
  },
  "ratios": {
    "ROIC": 19.108915,
    "PB": 0.789083
  },
  "ownerEarnings": 3659100000,
  "growth_rate_revenue": 1241.951676,
  "growth_rate_net_income": -347.068132
}
