{
  "ticker": "CPNG",
  "valuation": {
    "PE_valuation": 10.555604, 
    "DFC_valuation": 249.168728
  },
  "ratios": {
    "ROIC": 0.000000,
    "PB": 0.000000
  },
  "ownerEarnings": 1069472000,
  "growth_rate_revenue": 27.788495,
  "growth_rate_net_income": -9.391164
}
