{
  "ticker": "CPRT",
  "valuation": {
    "PE_valuation": 792.572658, 
    "DFC_valuation": 90504.899697
  },
  "ratios": {
    "ROIC": 19.039712,
    "PB": 7.039398
  },
  "ownerEarnings": 1804798000,
  "growth_rate_revenue": 69.926864,
  "growth_rate_net_income": 88.625393
}
