{
  "ticker": "CRCT",
  "valuation": {
    "PE_valuation": 10.765799, 
    "DFC_valuation": 142.307900
  },
  "ratios": {
    "ROIC": 8.315839,
    "PB": 2.955143
  },
  "ownerEarnings": 76217000,
  "growth_rate_revenue": 130473849554.652908,
  "growth_rate_net_income": 1902311176559.847168
}
