{
  "ticker": "CRGY",
  "valuation": {
    "PE_valuation": 8.549305, 
    "DFC_valuation": -418.573702
  },
  "ratios": {
    "ROIC": 56.396020,
    "PB": 2.385268
  },
  "ownerEarnings": 3873164000,
  "growth_rate_revenue": 15.711601,
  "growth_rate_net_income": -214.289297
}
