{
  "ticker": "CRIS",
  "valuation": {
    "PE_valuation": 1.309113, 
    "DFC_valuation": -55.653345
  },
  "ratios": {
    "ROIC": -98.606880,
    "PB": 0.055170
  },
  "ownerEarnings": -59123000,
  "growth_rate_revenue": 359.387730,
  "growth_rate_net_income": 662.695503
}
