{
  "ticker": "CRK",
  "valuation": {
    "PE_valuation": -10252.200583, 
    "DFC_valuation": 628848405.295398
  },
  "ratios": {
    "ROIC": 40.252514,
    "PB": 1.420426
  },
  "ownerEarnings": 4451174000,
  "growth_rate_revenue": 277.726252,
  "growth_rate_net_income": -832.727273
}
