{
  "ticker": "CRL",
  "valuation": {
    "PE_valuation": 1268.168346, 
    "DFC_valuation": 9089.450871
  },
  "ratios": {
    "ROIC": 7.964005,
    "PB": 3.720042
  },
  "ownerEarnings": 1134873000,
  "growth_rate_revenue": 33.724803,
  "growth_rate_net_income": -126.571822
}
