{
  "ticker": "CRSR",
  "valuation": {
    "PE_valuation": 11.116250, 
    "DFC_valuation": 21.695399
  },
  "ratios": {
    "ROIC": -5.043993,
    "PB": 2.094325
  },
  "ownerEarnings": 21893000,
  "growth_rate_revenue": -10.937103,
  "growth_rate_net_income": -406.022768
}
