{
  "ticker": "CRTD",
  "valuation": {
    "PE_valuation": 117.908257, 
    "DFC_valuation": -1785470.707907
  },
  "ratios": {
    "ROIC": -875.533271,
    "PB": -1.256522
  },
  "ownerEarnings": -23134095,
  "growth_rate_revenue": 100.872178,
  "growth_rate_net_income": -4.432738
}
