{
  "ticker": "CRTO",
  "valuation": {
    "PE_valuation": 12.754396, 
    "DFC_valuation": 6094.915610
  },
  "ratios": {
    "ROIC": 0.496171,
    "PB": 1.492043
  },
  "ownerEarnings": 145332000,
  "growth_rate_revenue": 89.108436,
  "growth_rate_net_income": 681.722540
}
