{
  "ticker": "CRWD",
  "valuation": {
    "PE_valuation": 782.819852, 
    "DFC_valuation": 19995.162435
  },
  "ratios": {
    "ROIC": -9.465574,
    "PB": 16.868494
  },
  "ownerEarnings": -353452000,
  "growth_rate_revenue": 118.965500,
  "growth_rate_net_income": 42.284848
}
