{
  "ticker": "CSGP",
  "valuation": {
    "PE_valuation": 2146.745700, 
    "DFC_valuation": 277282.764574
  },
  "ratios": {
    "ROIC": 4.232359,
    "PB": 4.457684
  },
  "ownerEarnings": 419689000,
  "growth_rate_revenue": 80.081832,
  "growth_rate_net_income": 112.343731
}
