{
  "ticker": "CSGS",
  "valuation": {
    "PE_valuation": 85.500264, 
    "DFC_valuation": 215.248704
  },
  "ratios": {
    "ROIC": 10.357747,
    "PB": 4.995937
  },
  "ownerEarnings": 271151000,
  "growth_rate_revenue": 36.778671,
  "growth_rate_net_income": 617.909973
}
