{
  "ticker": "CSL",
  "valuation": {
    "PE_valuation": 1188.951281, 
    "DFC_valuation": 11346.838371
  },
  "ratios": {
    "ROIC": 17.290813,
    "PB": 4.036063
  },
  "ownerEarnings": 1243500000,
  "growth_rate_revenue": 6.866799,
  "growth_rate_net_income": 2.243473
}
