{
  "ticker": "CSTM",
  "valuation": {
    "PE_valuation": 11.960728, 
    "DFC_valuation": 70.468836
  },
  "ratios": {
    "ROIC": 18.182943,
    "PB": 2.176934
  },
  "ownerEarnings": 1130000000,
  "growth_rate_revenue": 8.957765,
  "growth_rate_net_income": -383.253066
}
