{
  "ticker": "CSTR",
  "valuation": {
    "PE_valuation": 28.955569, 
    "DFC_valuation": -236.992855
  },
  "ratios": {
    "ROIC": 13.578453,
    "PB": 1.097472
  },
  "ownerEarnings": 78183000,
  "growth_rate_revenue": 16.474822,
  "growth_rate_net_income": 127.352632
}
