{
  "ticker": "CSV",
  "valuation": {
    "PE_valuation": 230.453185, 
    "DFC_valuation": 727.914192
  },
  "ratios": {
    "ROIC": 7.472527,
    "PB": 2.983664
  },
  "ownerEarnings": 129763000,
  "growth_rate_revenue": 45.915057,
  "growth_rate_net_income": -710.049726
}
