{
  "ticker": "CTHR",
  "valuation": {
    "PE_valuation": -128.078113, 
    "DFC_valuation": -53252.274967
  },
  "ratios": {
    "ROIC": -43.844348,
    "PB": 0.729355
  },
  "ownerEarnings": -18488066,
  "growth_rate_revenue": 1025.360868,
  "growth_rate_net_income": 264.542536
}
