{
  "ticker": "CTIB",
  "valuation": {
    "PE_valuation": 0.000425, 
    "DFC_valuation": 6.406840
  },
  "ratios": {
    "ROIC": -9.009964,
    "PB": 3522.929177
  },
  "ownerEarnings": -162471000,
  "growth_rate_revenue": 27.044714,
  "growth_rate_net_income": -793.209853
}
