{
  "ticker": "CTIC",
  "valuation": {
    "PE_valuation": 3.584487, 
    "DFC_valuation": -146.191824
  },
  "ratios": {
    "ROIC": -227.127675,
    "PB": -39.216643
  },
  "ownerEarnings": -49737000,
  "growth_rate_revenue": 371.615735,
  "growth_rate_net_income": 54.250160
}
