{
  "ticker": "CTRE",
  "valuation": {
    "PE_valuation": 11.802901, 
    "DFC_valuation": 78.832195
  },
  "ratios": {
    "ROIC": -40.933556,
    "PB": 2.115374
  },
  "ownerEarnings": 334666000,
  "growth_rate_revenue": 6.171998,
  "growth_rate_net_income": 342.973469
}
