{
  "ticker": "CTS",
  "valuation": {
    "PE_valuation": 41.920640, 
    "DFC_valuation": 264.058079
  },
  "ratios": {
    "ROIC": 6.338767,
    "PB": 2.489369
  },
  "ownerEarnings": 44637000,
  "growth_rate_revenue": -0.844947,
  "growth_rate_net_income": -360.588959
}
