{
  "ticker": "CTSO",
  "valuation": {
    "PE_valuation": 880.928534, 
    "DFC_valuation": -23311439.831532
  },
  "ratios": {
    "ROIC": -45.616207,
    "PB": 1.909215
  },
  "ownerEarnings": -22942515,
  "growth_rate_revenue": 0.0,
  "growth_rate_net_income": 2355.047985
}
