{
  "ticker": "CTVA",
  "valuation": {
    "PE_valuation": 23.308509, 
    "DFC_valuation": 4.803846
  },
  "ratios": {
    "ROIC": 5.985904,
    "PB": 1.674517
  },
  "ownerEarnings": 3928000000,
  "growth_rate_revenue": 2.863684,
  "growth_rate_net_income": -45.424963
}
