{
  "ticker": "CUBB",
  "valuation": {
    "PE_valuation": 0.000000, 
    "DFC_valuation": -279.497092
  },
  "ratios": {
    "ROIC": 0.000000,
    "PB": 0.000000
  },
  "ownerEarnings": 235993000,
  "growth_rate_revenue": 34.332167,
  "growth_rate_net_income": 23.299271
}
