{
  "ticker": "CUBE",
  "valuation": {
    "PE_valuation": 272.169985, 
    "DFC_valuation": 3566.173158
  },
  "ratios": {
    "ROIC": 4.412564,
    "PB": 3.203362
  },
  "ownerEarnings": 687285000,
  "growth_rate_revenue": 30.211719,
  "growth_rate_net_income": -79.089613
}
