{
  "ticker": "CUBI-PF",
  "valuation": {
    "PE_valuation": 293.086140, 
    "DFC_valuation": -49674.597502
  },
  "ratios": {
    "ROIC": 17.172461,
    "PB": 0.000000
  },
  "ownerEarnings": 349340000,
  "growth_rate_revenue": 75.667702,
  "growth_rate_net_income": 128.108821
}
