{
  "ticker": "CVAC",
  "valuation": {
    "PE_valuation": 211.799274, 
    "DFC_valuation": -301.374883
  },
  "ratios": {
    "ROIC": -40.382370,
    "PB": 2.002455
  },
  "ownerEarnings": -139241000,
  "growth_rate_revenue": 49.135360,
  "growth_rate_net_income": 37.136066
}
