{
  "ticker": "CVCO",
  "valuation": {
    "PE_valuation": 2444.893625, 
    "DFC_valuation": 22300.327181
  },
  "ratios": {
    "ROIC": 14.228162,
    "PB": 2.878456
  },
  "ownerEarnings": 157616000,
  "growth_rate_revenue": -0.327034,
  "growth_rate_net_income": -161.646009
}
