{
  "ticker": "CVLY",
  "valuation": {
    "PE_valuation": 20.826683, 
    "DFC_valuation": 25.648675
  },
  "ratios": {
    "ROIC": 11.016446,
    "PB": 1.276045
  },
  "ownerEarnings": 42977000,
  "growth_rate_revenue": 218.943709,
  "growth_rate_net_income": 1.234551
}
