{
  "ticker": "CVNA",
  "valuation": {
    "PE_valuation": 20300.085157, 
    "DFC_valuation": -6469983.468548
  },
  "ratios": {
    "ROIC": -17.723330,
    "PB": -0.922635
  },
  "ownerEarnings": 476000000,
  "growth_rate_revenue": 189.314612,
  "growth_rate_net_income": 628.980799
}
