{
  "ticker": "CWEN",
  "valuation": {
    "PE_valuation": -1692.544487, 
    "DFC_valuation": 5414.603040
  },
  "ratios": {
    "ROIC": 2.013485,
    "PB": 0.499306
  },
  "ownerEarnings": -214000000,
  "growth_rate_revenue": 64.673493,
  "growth_rate_net_income": 57.569826
}
