{
  "ticker": "CWK",
  "valuation": {
    "PE_valuation": 13.861849, 
    "DFC_valuation": -25.569932
  },
  "ratios": {
    "ROIC": 5.560228,
    "PB": 1.690534
  },
  "ownerEarnings": 867900000,
  "growth_rate_revenue": 18.609387,
  "growth_rate_net_income": -27630.850041
}
