{
  "ticker": "CX",
  "valuation": {
    "PE_valuation": 8.138321, 
    "DFC_valuation": 2.574895
  },
  "ratios": {
    "ROIC": 0.266525,
    "PB": 0.570134
  },
  "ownerEarnings": 1387000000,
  "growth_rate_revenue": 17.773422,
  "growth_rate_net_income": 5.128898
}
