{
  "ticker": "CXW",
  "valuation": {
    "PE_valuation": 189.533144, 
    "DFC_valuation": 39760.719951
  },
  "ratios": {
    "ROIC": 4.431301,
    "PB": 0.953905
  },
  "ownerEarnings": 321130000,
  "growth_rate_revenue": 47.432292,
  "growth_rate_net_income": -739.059211
}
