{
  "ticker": "CYH",
  "valuation": {
    "PE_valuation": 7.049835, 
    "DFC_valuation": -567.867298
  },
  "ratios": {
    "ROIC": 3.576405,
    "PB": -0.407666
  },
  "ownerEarnings": 2146000000,
  "growth_rate_revenue": 31.697213,
  "growth_rate_net_income": 95.181449
}
