{
  "ticker": "CYRN",
  "valuation": {
    "PE_valuation": 177.038531, 
    "DFC_valuation": -22862.731179
  },
  "ratios": {
    "ROIC": -59.467116,
    "PB": 1.651632
  },
  "ownerEarnings": -16904000,
  "growth_rate_revenue": 269.066538,
  "growth_rate_net_income": 196.237560
}
