{
  "ticker": "CYRX",
  "valuation": {
    "PE_valuation": 1470.444329, 
    "DFC_valuation": -1423454.849139
  },
  "ratios": {
    "ROIC": -3.325890,
    "PB": 1.529096
  },
  "ownerEarnings": -32360000,
  "growth_rate_revenue": 25.640196,
  "growth_rate_net_income": 98.874615
}
