{
  "ticker": "CYTH",
  "valuation": {
    "PE_valuation": 5.697622, 
    "DFC_valuation": -154.636655
  },
  "ratios": {
    "ROIC": -2101.826060,
    "PB": 12.310489
  },
  "ownerEarnings": -16241070,
  "growth_rate_revenue": 11.707077,
  "growth_rate_net_income": -151.147565
}
