{
  "ticker": "CZNC",
  "valuation": {
    "PE_valuation": 149.425764, 
    "DFC_valuation": 7209.201655
  },
  "ratios": {
    "ROIC": 6.780152,
    "PB": 1.433085
  },
  "ownerEarnings": 50073000,
  "growth_rate_revenue": 148.752940,
  "growth_rate_net_income": 11.280356
}
