{
  "ticker": "CZR",
  "valuation": {
    "PE_valuation": 45.866673, 
    "DFC_valuation": -94.369231
  },
  "ratios": {
    "ROIC": 3.858390,
    "PB": 2.397630
  },
  "ownerEarnings": 6319000000,
  "growth_rate_revenue": 3.322066,
  "growth_rate_net_income": 7.016190
}
