{
  "ticker": "CZWI",
  "valuation": {
    "PE_valuation": 150.593207, 
    "DFC_valuation": 31015.104286
  },
  "ratios": {
    "ROIC": 7.726170,
    "PB": 0.756660
  },
  "ownerEarnings": 54023000,
  "growth_rate_revenue": 108.769625,
  "growth_rate_net_income": 11.544774
}
