{
  "ticker": "D",
  "valuation": {
    "PE_valuation": 115.843759, 
    "DFC_valuation": -1004.489949
  },
  "ratios": {
    "ROIC": 2.029574,
    "PB": 1.781471
  },
  "ownerEarnings": 16028000000,
  "growth_rate_revenue": 6.982210,
  "growth_rate_net_income": 9.037384
}
