{
  "ticker": "DADA",
  "valuation": {
    "PE_valuation": 219.068739, 
    "DFC_valuation": -239.684320
  },
  "ratios": {
    "ROIC": -29.441518,
    "PB": 1.743164
  },
  "ownerEarnings": -2318725000,
  "growth_rate_revenue": 65.077152,
  "growth_rate_net_income": 11.704254
}
