{
  "ticker": "DAL",
  "valuation": {
    "PE_valuation": 193.522580, 
    "DFC_valuation": -3855.102932
  },
  "ratios": {
    "ROIC": 0.000000,
    "PB": 0.000000
  },
  "ownerEarnings": 8774000000,
  "growth_rate_revenue": 20.397142,
  "growth_rate_net_income": 70.660476
}
