{
  "ticker": "DAN",
  "valuation": {
    "PE_valuation": -12.142048, 
    "DFC_valuation": 91.572018
  },
  "ratios": {
    "ROIC": 63.605023,
    "PB": 1.400818
  },
  "ownerEarnings": 1130000000,
  "growth_rate_revenue": 7.884317,
  "growth_rate_net_income": -7.564366
}
