{
  "ticker": "DAR",
  "valuation": {
    "PE_valuation": 331.808982, 
    "DFC_valuation": 3336.542725
  },
  "ratios": {
    "ROIC": 11.355191,
    "PB": 2.645558
  },
  "ownerEarnings": 1823346000,
  "growth_rate_revenue": -4.686596,
  "growth_rate_net_income": -181.600880
}
