{
  "ticker": "DBD",
  "valuation": {
    "PE_valuation": 84.449725, 
    "DFC_valuation": -1681.057228
  },
  "ratios": {
    "ROIC": -12.448880,
    "PB": -1.176790
  },
  "ownerEarnings": 205300000,
  "growth_rate_revenue": 3.759225,
  "growth_rate_net_income": -1.167893
}
