{
  "ticker": "DBI",
  "valuation": {
    "PE_valuation": 24.998060, 
    "DFC_valuation": 669.012550
  },
  "ratios": {
    "ROIC": 4.776737,
    "PB": 1.651747
  },
  "ownerEarnings": 171929000,
  "growth_rate_revenue": 27.642784,
  "growth_rate_net_income": 850.773227
}
