{
  "ticker": "DBX",
  "valuation": {
    "PE_valuation": -34.625341, 
    "DFC_valuation": 304.638781
  },
  "ratios": {
    "ROIC": 52.529274,
    "PB": -26.126878
  },
  "ownerEarnings": 1092500000,
  "growth_rate_revenue": 32.811240,
  "growth_rate_net_income": 137.238345
}
