{
  "ticker": "DCI",
  "valuation": {
    "PE_valuation": 4.977649, 
    "DFC_valuation": 2156.162599
  },
  "ratios": {
    "ROIC": 18.599651,
    "PB": 5.794423
  },
  "ownerEarnings": 552600000,
  "growth_rate_revenue": 14.036704,
  "growth_rate_net_income": 15.874157
}
