{
  "ticker": "DCO",
  "valuation": {
    "PE_valuation": 44.888026, 
    "DFC_valuation": 38.300871
  },
  "ratios": {
    "ROIC": 2.037706,
    "PB": 1.146888
  },
  "ownerEarnings": 42361000,
  "growth_rate_revenue": -18.023696,
  "growth_rate_net_income": -134.336325
}
