{
  "ticker": "DCP-PC",
  "valuation": {
    "PE_valuation": 481.334110, 
    "DFC_valuation": 53279.464498
  },
  "ratios": {
    "ROIC": 19.872767,
    "PB": 1344840.459158
  },
  "ownerEarnings": 1530000000,
  "growth_rate_revenue": 29.854336,
  "growth_rate_net_income": 30.629971
}
