{
  "ticker": "DDS",
  "valuation": {
    "PE_valuation": 616.468057, 
    "DFC_valuation": 8050.081971
  },
  "ratios": {
    "ROIC": 40.883607,
    "PB": 4.856427
  },
  "ownerEarnings": 1220700000,
  "growth_rate_revenue": 22.041857,
  "growth_rate_net_income": 28.031940
}
