{
  "ticker": "DEI",
  "valuation": {
    "PE_valuation": 25.489117, 
    "DFC_valuation": 154.963247
  },
  "ratios": {
    "ROIC": -1.053790,
    "PB": 1.075491
  },
  "ownerEarnings": 836616000,
  "growth_rate_revenue": 16.890178,
  "growth_rate_net_income": -171.074103
}
