{
  "ticker": "DEN",
  "valuation": {
    "PE_valuation": 2727.721597, 
    "DFC_valuation": 62552.313805
  },
  "ratios": {
    "ROIC": 39.847027,
    "PB": 2.919958
  },
  "ownerEarnings": 1382499000,
  "growth_rate_revenue": 85.303508,
  "growth_rate_net_income": 519.391237
}
