{
  "ticker": "DEO",
  "valuation": {
    "PE_valuation": 128.875199, 
    "DFC_valuation": 38.659595
  },
  "ratios": {
    "ROIC": 14.604682,
    "PB": 9.878041
  },
  "ownerEarnings": 5804000000,
  "growth_rate_revenue": 2.763404,
  "growth_rate_net_income": 35.304279
}
