{
  "ticker": "DFH",
  "valuation": {
    "PE_valuation": 18.004537, 
    "DFC_valuation": -242.645151
  },
  "ratios": {
    "ROIC": 16.371027,
    "PB": 1.271500
  },
  "ownerEarnings": 278125000,
  "growth_rate_revenue": 34.543065,
  "growth_rate_net_income": 68675203019.717102
}
