{
  "ticker": "DG",
  "valuation": {
    "PE_valuation": 2125.947716, 
    "DFC_valuation": 29282.177024
  },
  "ratios": {
    "ROIC": 7.621094,
    "PB": 9.266712
  },
  "ownerEarnings": 5051697000,
  "growth_rate_revenue": 2.885531,
  "growth_rate_net_income": 17.727046
}
