{
  "ticker": "DHI",
  "valuation": {
    "PE_valuation": 3066.778127, 
    "DFC_valuation": 3580813.576031
  },
  "ratios": {
    "ROIC": 14.824097,
    "PB": 1.613267
  },
  "ownerEarnings": 4816100000,
  "growth_rate_revenue": 62.349994,
  "growth_rate_net_income": 58.479804
}
