{
  "ticker": "DHR-PA",
  "valuation": {
    "PE_valuation": 1660.193086, 
    "DFC_valuation": 6405397.190012
  },
  "ratios": {
    "ROIC": 0.000000,
    "PB": 0.000000
  },
  "ownerEarnings": 6136000000,
  "growth_rate_revenue": 30.178591,
  "growth_rate_net_income": 73.879237
}
