{
  "ticker": "DHX",
  "valuation": {
    "PE_valuation": 3.308388, 
    "DFC_valuation": 297.714098
  },
  "ratios": {
    "ROIC": 4.210547,
    "PB": 2.204553
  },
  "ownerEarnings": 33582000,
  "growth_rate_revenue": 159.377414,
  "growth_rate_net_income": -199.212685
}
