{
  "ticker": "DIN",
  "valuation": {
    "PE_valuation": 172.216167, 
    "DFC_valuation": 1090.779059
  },
  "ratios": {
    "ROIC": 6.969276,
    "PB": -3.405680
  },
  "ownerEarnings": 260786000,
  "growth_rate_revenue": 15.193902,
  "growth_rate_net_income": 51.016850
}
