{
  "ticker": "DINO",
  "valuation": {
    "PE_valuation": 1573.755028, 
    "DFC_valuation": 600734.970093
  },
  "ratios": {
    "ROIC": 22.372904,
    "PB": 1.049271
  },
  "ownerEarnings": 3801188000,
  "growth_rate_revenue": 10.630532,
  "growth_rate_net_income": 107.428247
}
