{
  "ticker": "DIOD",
  "valuation": {
    "PE_valuation": 2797.640627, 
    "DFC_valuation": 457661.422206
  },
  "ratios": {
    "ROIC": 19.922747,
    "PB": 2.280209
  },
  "ownerEarnings": 673769000,
  "growth_rate_revenue": 10.977620,
  "growth_rate_net_income": -262.140805
}
