{
  "ticker": "DIT",
  "valuation": {
    "PE_valuation": 504.217130, 
    "DFC_valuation": 9848.924835
  },
  "ratios": {
    "ROIC": 5.702611,
    "PB": 1.155184
  },
  "ownerEarnings": 36794965,
  "growth_rate_revenue": 35.707542,
  "growth_rate_net_income": -13.010105
}
