{
  "ticker": "DJCO",
  "valuation": {
    "PE_valuation": 134.217737, 
    "DFC_valuation": 2331.442473
  },
  "ratios": {
    "ROIC": 1.834847,
    "PB": 2.019493
  },
  "ownerEarnings": -25709705,
  "growth_rate_revenue": 25.374900,
  "growth_rate_net_income": 20.315171
}
