{
  "ticker": "DK",
  "valuation": {
    "PE_valuation": 181.202305, 
    "DFC_valuation": 8392.834569
  },
  "ratios": {
    "ROIC": 9.242412,
    "PB": 2.025557
  },
  "ownerEarnings": 895200000,
  "growth_rate_revenue": 68.645886,
  "growth_rate_net_income": -139.945519
}
