{
  "ticker": "DKNG",
  "valuation": {
    "PE_valuation": 134.970871, 
    "DFC_valuation": -851.654577
  },
  "ratios": {
    "ROIC": -52.946426,
    "PB": 3.758909
  },
  "ownerEarnings": -1847986000,
  "growth_rate_revenue": 83.664854,
  "growth_rate_net_income": 162.895923
}
