{
  "ticker": "DKS",
  "valuation": {
    "PE_valuation": 625.803887, 
    "DFC_valuation": 12987.346789
  },
  "ratios": {
    "ROIC": 11.740077,
    "PB": 3.883565
  },
  "ownerEarnings": 1896576000,
  "growth_rate_revenue": 23.191738,
  "growth_rate_net_income": 83.020134
}
