{
  "ticker": "DLCAU",
  "valuation": {
    "PE_valuation": 0.000000, 
    "DFC_valuation": -4928.093412
  },
  "ratios": {
    "ROIC": -1284.695197,
    "PB": 0.000000
  },
  "ownerEarnings": 3993947000,
  "growth_rate_revenue": 0.000000,
  "growth_rate_net_income": 0.000000
}
