{
  "ticker": "DLHC",
  "valuation": {
    "PE_valuation": 32.659576, 
    "DFC_valuation": 373213.137453
  },
  "ratios": {
    "ROIC": 9.712793,
    "PB": 1.561180
  },
  "ownerEarnings": 39670000,
  "growth_rate_revenue": 20.384639,
  "growth_rate_net_income": -6.250000
}
