{
  "ticker": "DLO",
  "valuation": {
    "PE_valuation": 0.000000, 
    "DFC_valuation": 120.848755
  },
  "ratios": {
    "ROIC": 28.345520,
    "PB": 11.517835
  },
  "ownerEarnings": 150194000,
  "growth_rate_revenue": 0.000000,
  "growth_rate_net_income": 0.000000
}
