{
  "ticker": "DLPN",
  "valuation": {
    "PE_valuation": 69.462326, 
    "DFC_valuation": -17482.400805
  },
  "ratios": {
    "ROIC": -5.260262,
    "PB": 0.520260
  },
  "ownerEarnings": -78458,
  "growth_rate_revenue": 52.965912,
  "growth_rate_net_income": 194.485863
}
