{
  "ticker": "DLR-PK",
  "valuation": {
    "PE_valuation": 1625.819284, 
    "DFC_valuation": 683463.068544
  },
  "ratios": {
    "ROIC": 1.467519,
    "PB": 1.632837
  },
  "ownerEarnings": 2312667000,
  "growth_rate_revenue": 96.825344,
  "growth_rate_net_income": -6769.246011
}
