{
  "ticker": "DM",
  "valuation": {
    "PE_valuation": -0.000000, 
    "DFC_valuation": -112.415614
  },
  "ratios": {
    "ROIC": -33.821481,
    "PB": 0.811658
  },
  "ownerEarnings": 291696000,
  "growth_rate_revenue": 0.000000,
  "growth_rate_net_income": 0.000000
}
