{
  "ticker": "DMRC",
  "valuation": {
    "PE_valuation": 45.157057, 
    "DFC_valuation": -198.991463
  },
  "ratios": {
    "ROIC": -54.526849,
    "PB": 3.626382
  },
  "ownerEarnings": -59992000,
  "growth_rate_revenue": 36.241182,
  "growth_rate_net_income": 502.015452
}
