{
  "ticker": "DO",
  "valuation": {
    "PE_valuation": 7.848628, 
    "DFC_valuation": -39.428623
  },
  "ratios": {
    "ROIC": -11.008305,
    "PB": 1.538739
  },
  "ownerEarnings": 1889859000,
  "growth_rate_revenue": 16.325698,
  "growth_rate_net_income": 38.852862
}
