{
  "ticker": "DOCU",
  "valuation": {
    "PE_valuation": 171.050410, 
    "DFC_valuation": 834.100345
  },
  "ratios": {
    "ROIC": -3.578996,
    "PB": 19.735970
  },
  "ownerEarnings": -402823000,
  "growth_rate_revenue": 52.885519,
  "growth_rate_net_income": 155.214268
}
