{
  "ticker": "DOV",
  "valuation": {
    "PE_valuation": 345.076427, 
    "DFC_valuation": 9055.779649
  },
  "ratios": {
    "ROIC": 0.000000,
    "PB": 0.000000
  },
  "ownerEarnings": 1410629000,
  "growth_rate_revenue": 11.534076,
  "growth_rate_net_income": 13.628047
}
