{
  "ticker": "DPSI",
  "valuation": {
    "PE_valuation": 7.626483, 
    "DFC_valuation": 100.765050
  },
  "ratios": {
    "ROIC": 13.628225,
    "PB": 3.546864
  },
  "ownerEarnings": 6603000,
  "growth_rate_revenue": 4.551462,
  "growth_rate_net_income": -184.260532
}
