{
  "ticker": "DRCTW",
  "valuation": {
    "PE_valuation": 0.000000, 
    "DFC_valuation": 356.320961
  },
  "ratios": {
    "ROIC": 20.988549,
    "PB": 10.781456
  },
  "ownerEarnings": 12549777,
  "growth_rate_revenue": 0.000000,
  "growth_rate_net_income": 0.000000
}
