{
  "ticker": "DRD",
  "valuation": {
    "PE_valuation": 872.694427, 
    "DFC_valuation": 1842.693695
  },
  "ratios": {
    "ROIC": 17.015901,
    "PB": 2.727972
  },
  "ownerEarnings": 2260800000,
  "growth_rate_revenue": 88.715726,
  "growth_rate_net_income": 786.442036
}
