{
  "ticker": "DRRX",
  "valuation": {
    "PE_valuation": 218.437465, 
    "DFC_valuation": -191351.759897
  },
  "ratios": {
    "ROIC": -70.186569,
    "PB": 3.154229
  },
  "ownerEarnings": -35280000,
  "growth_rate_revenue": 941.822160,
  "growth_rate_net_income": 54.962011
}
