{
  "ticker": "DS-PD",
  "valuation": {
    "PE_valuation": 14.813497, 
    "DFC_valuation": -5051.976927
  },
  "ratios": {
    "ROIC": -6.604355,
    "PB": 4.098985
  },
  "ownerEarnings": 2842000,
  "growth_rate_revenue": 158.515806,
  "growth_rate_net_income": 79.066847
}
