{
  "ticker": "DSPG",
  "valuation": {
    "PE_valuation": 41.200609, 
    "DFC_valuation": 64.625781
  },
  "ratios": {
    "ROIC": -4.657936,
    "PB": 2.474197
  },
  "ownerEarnings": -15251000,
  "growth_rate_revenue": 30.253173,
  "growth_rate_net_income": 114.185606
}
