{
  "ticker": "DTC",
  "valuation": {
    "PE_valuation": -0.000000, 
    "DFC_valuation": 230.836763
  },
  "ratios": {
    "ROIC": 14.859006,
    "PB": 0.649592
  },
  "ownerEarnings": 143937000,
  "growth_rate_revenue": 0.000000,
  "growth_rate_net_income": 0.000000
}
