{
  "ticker": "DTIL",
  "valuation": {
    "PE_valuation": 14.732327, 
    "DFC_valuation": -50.592337
  },
  "ratios": {
    "ROIC": -119.740650,
    "PB": 1.730829
  },
  "ownerEarnings": -114350000,
  "growth_rate_revenue": 119.707995,
  "growth_rate_net_income": 113.964560
}
