{
  "ticker": "DUK",
  "valuation": {
    "PE_valuation": 290.486927, 
    "DFC_valuation": -2906.367277
  },
  "ratios": {
    "ROIC": 4.502595,
    "PB": 1.603978
  },
  "ownerEarnings": 24974000000,
  "growth_rate_revenue": 6.413619,
  "growth_rate_net_income": 6.282262
}
