{
  "ticker": "DUOL",
  "valuation": {
    "PE_valuation": 22315.666758, 
    "DFC_valuation": 239222206.559229
  },
  "ratios": {
    "ROIC": -11.151410,
    "PB": 5.179146
  },
  "ownerEarnings": -131518000,
  "growth_rate_revenue": 34694.010722,
  "growth_rate_net_income": -inf
}
