{
  "ticker": "DXC",
  "valuation": {
    "PE_valuation": 6.371692, 
    "DFC_valuation": 5033.712884
  },
  "ratios": {
    "ROIC": -4.152336,
    "PB": 1.498271
  },
  "ownerEarnings": 1784000000,
  "growth_rate_revenue": 19.690449,
  "growth_rate_net_income": 28.627351
}
