{
  "ticker": "DYAI",
  "valuation": {
    "PE_valuation": -0.000000, 
    "DFC_valuation": -205.895463
  },
  "ratios": {
    "ROIC": 0.000000,
    "PB": 0.000000
  },
  "ownerEarnings": -11970914,
  "growth_rate_revenue": 1950.009591,
  "growth_rate_net_income": 1091.028403
}
