{
  "ticker": "DYN",
  "valuation": {
    "PE_valuation": 0.041553, 
    "DFC_valuation": -172.419091
  },
  "ratios": {
    "ROIC": -53.633950,
    "PB": 2.387051
  },
  "ownerEarnings": -181391000,
  "growth_rate_revenue": -38.385322,
  "growth_rate_net_income": -110.783392
}
