{
  "ticker": "EA",
  "valuation": {
    "PE_valuation": 1655.270376, 
    "DFC_valuation": -163.500408
  },
  "ratios": {
    "ROIC": 0.000000,
    "PB": 0.000000
  },
  "ownerEarnings": 1572000000,
  "growth_rate_revenue": 60.509027,
  "growth_rate_net_income": 72.569530
}
