{
  "ticker": "EAR",
  "valuation": {
    "PE_valuation": 21.976744, 
    "DFC_valuation": -980.776142
  },
  "ratios": {
    "ROIC": -98.048335,
    "PB": 0.452505
  },
  "ownerEarnings": -117416000,
  "growth_rate_revenue": 91.190940,
  "growth_rate_net_income": 115.452142
}
