{
  "ticker": "EBC",
  "valuation": {
    "PE_valuation": 27.456932, 
    "DFC_valuation": -30.350195
  },
  "ratios": {
    "ROIC": 0.000000,
    "PB": 0.000000
  },
  "ownerEarnings": 52126000,
  "growth_rate_revenue": 9.120182,
  "growth_rate_net_income": 145.970643
}
