{
  "ticker": "EBON",
  "valuation": {
    "PE_valuation": 20.905394, 
    "DFC_valuation": -23.768770
  },
  "ratios": {
    "ROIC": -14.345981,
    "PB": 0.057002
  },
  "ownerEarnings": -24302276,
  "growth_rate_revenue": -28.706899,
  "growth_rate_net_income": -437.482126
}
