{
  "ticker": "EBR",
  "valuation": {
    "PE_valuation": 10.209247, 
    "DFC_valuation": -895.733010
  },
  "ratios": {
    "ROIC": 2.612354,
    "PB": 0.603725
  },
  "ownerEarnings": 43642711000,
  "growth_rate_revenue": 8.514705,
  "growth_rate_net_income": 413.376993
}
