{
  "ticker": "EBS",
  "valuation": {
    "PE_valuation": -353.710745, 
    "DFC_valuation": -6834.911097
  },
  "ratios": {
    "ROIC": -6.008763,
    "PB": 0.427824
  },
  "ownerEarnings": 89900000,
  "growth_rate_revenue": 41.864238,
  "growth_rate_net_income": -1629.288747
}
