{
  "ticker": "EBTC",
  "valuation": {
    "PE_valuation": 0.544827, 
    "DFC_valuation": 173645.573295
  },
  "ratios": {
    "ROIC": 0.000000,
    "PB": 0.000000
  },
  "ownerEarnings": 40580000,
  "growth_rate_revenue": 54.189277,
  "growth_rate_net_income": 20.484222
}
