{
  "ticker": "ECOL",
  "valuation": {
    "PE_valuation": 18.811727, 
    "DFC_valuation": 1634.099142
  },
  "ratios": {
    "ROIC": 1.097205,
    "PB": 1.592999
  },
  "ownerEarnings": 229459000,
  "growth_rate_revenue": 0.505962,
  "growth_rate_net_income": -237.649339
}
