{
  "ticker": "ECOR",
  "valuation": {
    "PE_valuation": 59.420000, 
    "DFC_valuation": -14781.388014
  },
  "ratios": {
    "ROIC": -121.389523,
    "PB": 1.068357
  },
  "ownerEarnings": -24858000,
  "growth_rate_revenue": 121.141032,
  "growth_rate_net_income": 22.395506
}
