{
  "ticker": "ECPG",
  "valuation": {
    "PE_valuation": 396.833226, 
    "DFC_valuation": 73042.649662
  },
  "ratios": {
    "ROIC": 5.593508,
    "PB": 0.981130
  },
  "ownerEarnings": 571373000,
  "growth_rate_revenue": 46.063921,
  "growth_rate_net_income": 5820.272175
}
