{
  "ticker": "ECX",
  "valuation": {
    "PE_valuation": -0.000000, 
    "DFC_valuation": -140.048264
  },
  "ratios": {
    "ROIC": -101.269484,
    "PB": -74.419325
  },
  "ownerEarnings": -1957060000,
  "growth_rate_revenue": 0.000000,
  "growth_rate_net_income": 0.000000
}
