{
  "ticker": "EDD",
  "valuation": {
    "PE_valuation": 0.000000, 
    "DFC_valuation": 152.820739
  },
  "ratios": {
    "ROIC": 10.549719,
    "PB": 0.000000
  },
  "ownerEarnings": 37486000,
  "growth_rate_revenue": 19.978976,
  "growth_rate_net_income": -1089.830168
}
