{
  "ticker": "EDN",
  "valuation": {
    "PE_valuation": 7630.915417, 
    "DFC_valuation": 1044504.347941
  },
  "ratios": {
    "ROIC": -157.714936,
    "PB": 0.495591
  },
  "ownerEarnings": -33864000000,
  "growth_rate_revenue": 18.104577,
  "growth_rate_net_income": -142.175174
}
