{
  "ticker": "EDR",
  "valuation": {
    "PE_valuation": -305.948241, 
    "DFC_valuation": 256532.689013
  },
  "ratios": {
    "ROIC": -12.039221,
    "PB": 3.371931
  },
  "ownerEarnings": 1313534000,
  "growth_rate_revenue": 9.735899,
  "growth_rate_net_income": 2296.769844
}
