{
  "ticker": "EDU",
  "valuation": {
    "PE_valuation": 542.300737, 
    "DFC_valuation": 9296.643711
  },
  "ratios": {
    "ROIC": 3.313847,
    "PB": 1.703045
  },
  "ownerEarnings": 59612000,
  "growth_rate_revenue": 46.360148,
  "growth_rate_net_income": 178.463782
}
