{
  "ticker": "EFC",
  "valuation": {
    "PE_valuation": -2.162555, 
    "DFC_valuation": 94.966423
  },
  "ratios": {
    "ROIC": 0.244519,
    "PB": 0.619062
  },
  "ownerEarnings": 67984000,
  "growth_rate_revenue": 398.343352,
  "growth_rate_net_income": -816.018985
}
