{
  "ticker": "EGAN",
  "valuation": {
    "PE_valuation": 4839.425063, 
    "DFC_valuation": 1096516335.729240
  },
  "ratios": {
    "ROIC": 1.305072,
    "PB": 3.879877
  },
  "ownerEarnings": -3750000,
  "growth_rate_revenue": 12841.409218,
  "growth_rate_net_income": 395.754806
}
