{
  "ticker": "EGHT",
  "valuation": {
    "PE_valuation": 35.770596, 
    "DFC_valuation": 1616.433408
  },
  "ratios": {
    "ROIC": -9.242131,
    "PB": 4.840040
  },
  "ownerEarnings": -87423000,
  "growth_rate_revenue": 14.195621,
  "growth_rate_net_income": -150.574597
}
