{
  "ticker": "EGP",
  "valuation": {
    "PE_valuation": 1703.301815, 
    "DFC_valuation": 37996.632888
  },
  "ratios": {
    "ROIC": 5.808286,
    "PB": 3.229500
  },
  "ownerEarnings": 367527000,
  "growth_rate_revenue": 22.347837,
  "growth_rate_net_income": -9.490362
}
