{
  "ticker": "EGY",
  "valuation": {
    "PE_valuation": 2.623009, 
    "DFC_valuation": -326.619059
  },
  "ratios": {
    "ROIC": 11.196811,
    "PB": 0.680598
  },
  "ownerEarnings": 348624000,
  "growth_rate_revenue": -21.777634,
  "growth_rate_net_income": -186.998221
}
