{
  "ticker": "EHTH",
  "valuation": {
    "PE_valuation": -810.668996, 
    "DFC_valuation": -10696.480150
  },
  "ratios": {
    "ROIC": -6.526982,
    "PB": 0.144839
  },
  "ownerEarnings": -6224000,
  "growth_rate_revenue": 58.388014,
  "growth_rate_net_income": -1071.933936
}
