{
  "ticker": "EIG",
  "valuation": {
    "PE_valuation": 23.207748, 
    "DFC_valuation": 372.051431
  },
  "ratios": {
    "ROIC": 4.510729,
    "PB": 1.292215
  },
  "ownerEarnings": 58200000,
  "growth_rate_revenue": 23.210561,
  "growth_rate_net_income": 58.176188
}
