{
  "ticker": "ELF",
  "valuation": {
    "PE_valuation": 108.419795, 
    "DFC_valuation": 218.387226
  },
  "ratios": {
    "ROIC": 13.090762,
    "PB": 10.513679
  },
  "ownerEarnings": 62563000,
  "growth_rate_revenue": 18.603054,
  "growth_rate_net_income": 97.828134
}
