{
  "ticker": "ELLO",
  "valuation": {
    "PE_valuation": 4.515357, 
    "DFC_valuation": -727114.229221
  },
  "ratios": {
    "ROIC": 0.155140,
    "PB": 1.852701
  },
  "ownerEarnings": 86353000,
  "growth_rate_revenue": 243.633658,
  "growth_rate_net_income": 12.751125
}
