{
  "ticker": "ELME",
  "valuation": {
    "PE_valuation": 50.393272, 
    "DFC_valuation": 342.285498
  },
  "ratios": {
    "ROIC": -0.109529,
    "PB": 1.231121
  },
  "ownerEarnings": 82723000,
  "growth_rate_revenue": 12.420795,
  "growth_rate_net_income": 7.031543
}
