{
  "ticker": "ELP",
  "valuation": {
    "PE_valuation": 44.581420, 
    "DFC_valuation": 2421.415946
  },
  "ratios": {
    "ROIC": 3.532741,
    "PB": 5.068158
  },
  "ownerEarnings": 3482676000,
  "growth_rate_revenue": 32.000273,
  "growth_rate_net_income": -71.512773
}
