{
  "ticker": "EME",
  "valuation": {
    "PE_valuation": 299.636762, 
    "DFC_valuation": 1759.764807
  },
  "ratios": {
    "ROIC": 14.680471,
    "PB": 3.747193
  },
  "ownerEarnings": 568462000,
  "growth_rate_revenue": 14.058279,
  "growth_rate_net_income": -30.282507
}
