{
  "ticker": "EMKR",
  "valuation": {
    "PE_valuation": 4.994156, 
    "DFC_valuation": -42.035694
  },
  "ratios": {
    "ROIC": -35.434649,
    "PB": 0.309115
  },
  "ownerEarnings": 10137000,
  "growth_rate_revenue": 63.147204,
  "growth_rate_net_income": 166.113736
}
