{
  "ticker": "ENBA",
  "valuation": {
    "PE_valuation": 302.496325, 
    "DFC_valuation": 44209.016497
  },
  "ratios": {
    "ROIC": 4.452337,
    "PB": 1.789879
  },
  "ownerEarnings": 22384000000,
  "growth_rate_revenue": -15.062893,
  "growth_rate_net_income": 25.061344
}
