{
  "ticker": "ENLT",
  "valuation": {
    "PE_valuation": 417.409969, 
    "DFC_valuation": -238638.318259
  },
  "ratios": {
    "ROIC": 2.047402,
    "PB": 0.360348
  },
  "ownerEarnings": 1804440000,
  "growth_rate_revenue": 285.126554,
  "growth_rate_net_income": 36.055064
}
