{
  "ticker": "ENOV",
  "valuation": {
    "PE_valuation": -51.870021, 
    "DFC_valuation": -458.270683
  },
  "ratios": {
    "ROIC": -42.909447,
    "PB": 0.838649
  },
  "ownerEarnings": 75014000,
  "growth_rate_revenue": 15.099722,
  "growth_rate_net_income": 16185.114953
}
