{
  "ticker": "ENPH",
  "valuation": {
    "PE_valuation": 3957.685499, 
    "DFC_valuation": 243731.933477
  },
  "ratios": {
    "ROIC": 18.575069,
    "PB": 43.439007
  },
  "ownerEarnings": 294244000,
  "growth_rate_revenue": 111.976418,
  "growth_rate_net_income": -1.455421
}
