{
  "ticker": "ENS",
  "valuation": {
    "PE_valuation": 256.675099, 
    "DFC_valuation": 2118.773625
  },
  "ratios": {
    "ROIC": 8.154458,
    "PB": 2.215555
  },
  "ownerEarnings": 474205000,
  "growth_rate_revenue": 53.384578,
  "growth_rate_net_income": 94.593853
}
