{
  "ticker": "ENSG",
  "valuation": {
    "PE_valuation": 580.113176, 
    "DFC_valuation": 23374.763177
  },
  "ratios": {
    "ROIC": 3.863648,
    "PB": 4.190054
  },
  "ownerEarnings": 322860000,
  "growth_rate_revenue": 41.610146,
  "growth_rate_net_income": 58.116460
}
