{
  "ticker": "ENTA",
  "valuation": {
    "PE_valuation": 78.643155, 
    "DFC_valuation": -567.226697
  },
  "ratios": {
    "ROIC": -51.957761,
    "PB": 1.080692
  },
  "ownerEarnings": -163027000,
  "growth_rate_revenue": 86.588726,
  "growth_rate_net_income": 129.700363
}
