{
  "ticker": "ENV",
  "valuation": {
    "PE_valuation": 227.402668, 
    "DFC_valuation": -140.579043
  },
  "ratios": {
    "ROIC": -3.755376,
    "PB": 4.513593
  },
  "ownerEarnings": 113850000,
  "growth_rate_revenue": 19.176853,
  "growth_rate_net_income": -404.824868
}
