{
  "ticker": "ENVB",
  "valuation": {
    "PE_valuation": 0.014539, 
    "DFC_valuation": -528.910385
  },
  "ratios": {
    "ROIC": -171.449190,
    "PB": 0.204997
  },
  "ownerEarnings": -27534402,
  "growth_rate_revenue": 141.331311,
  "growth_rate_net_income": 173.860890
}
