{
  "ticker": "EOG",
  "valuation": {
    "PE_valuation": 2017.581634, 
    "DFC_valuation": 136309.933565
  },
  "ratios": {
    "ROIC": 36.983706,
    "PB": 3.036891
  },
  "ownerEarnings": 18586000000,
  "growth_rate_revenue": 21.032727,
  "growth_rate_net_income": -174.706175
}
