{
  "ticker": "EOSE",
  "valuation": {
    "PE_valuation": -0.000000, 
    "DFC_valuation": -12275.424559
  },
  "ratios": {
    "ROIC": -412.948038,
    "PB": -0.696333
  },
  "ownerEarnings": -189372000,
  "growth_rate_revenue": 0.000000,
  "growth_rate_net_income": 0.000000
}
