{
  "ticker": "EPAC",
  "valuation": {
    "PE_valuation": 103.463573, 
    "DFC_valuation": 191.920388
  },
  "ratios": {
    "ROIC": 12.085618,
    "PB": 4.546617
  },
  "ownerEarnings": 78187000,
  "growth_rate_revenue": 42.185888,
  "growth_rate_net_income": -292.728115
}
