{
  "ticker": "EPC",
  "valuation": {
    "PE_valuation": 25.988926, 
    "DFC_valuation": 172.780002
  },
  "ratios": {
    "ROIC": 5.994063,
    "PB": 1.235781
  },
  "ownerEarnings": 323000000,
  "growth_rate_revenue": -3.333094,
  "growth_rate_net_income": -155.264668
}
