{
  "ticker": "EPD",
  "valuation": {
    "PE_valuation": 326.824365, 
    "DFC_valuation": 62545.397617
  },
  "ratios": {
    "ROIC": 8.804869,
    "PB": 1.966715
  },
  "ownerEarnings": 8093000000,
  "growth_rate_revenue": 68.709672,
  "growth_rate_net_income": 282.598941
}
