{
  "ticker": "EPM",
  "valuation": {
    "PE_valuation": 209.803982, 
    "DFC_valuation": 310062.431760
  },
  "ratios": {
    "ROIC": 37.964288,
    "PB": 2.890405
  },
  "ownerEarnings": 54154000,
  "growth_rate_revenue": -15.209512,
  "growth_rate_net_income": 101.841632
}
