{
  "ticker": "EPOW",
  "valuation": {
    "PE_valuation": -35.890283, 
    "DFC_valuation": -2225.139416
  },
  "ratios": {
    "ROIC": -45.556285,
    "PB": 2.177207
  },
  "ownerEarnings": 36513076,
  "growth_rate_revenue": 225.051100,
  "growth_rate_net_income": -290.150627
}
