{
  "ticker": "EPR-PC",
  "valuation": {
    "PE_valuation": 972.678810, 
    "DFC_valuation": 2981314.107591
  },
  "ratios": {
    "ROIC": 5.087161,
    "PB": 1.115169
  },
  "ownerEarnings": 619762000,
  "growth_rate_revenue": 275.216745,
  "growth_rate_net_income": 331.536023
}
