{
  "ticker": "EPRT",
  "valuation": {
    "PE_valuation": 68.828685, 
    "DFC_valuation": -569.108917
  },
  "ratios": {
    "ROIC": 4.454630,
    "PB": 1.272804
  },
  "ownerEarnings": 1014250000,
  "growth_rate_revenue": 50.974871,
  "growth_rate_net_income": 79.105689
}
