{
  "ticker": "EPSN",
  "valuation": {
    "PE_valuation": 495.965460, 
    "DFC_valuation": 362139.803434
  },
  "ratios": {
    "ROIC": 33.507694,
    "PB": 1.483130
  },
  "ownerEarnings": 47896527,
  "growth_rate_revenue": 484.533470,
  "growth_rate_net_income": 476.347245
}
