{
  "ticker": "EPZM",
  "valuation": {
    "PE_valuation": 21.903267, 
    "DFC_valuation": -222.587049
  },
  "ratios": {
    "ROIC": -290.036742,
    "PB": -12.200309
  },
  "ownerEarnings": -223853000,
  "growth_rate_revenue": 170.524724,
  "growth_rate_net_income": 475.666034
}
