{
  "ticker": "EQR",
  "valuation": {
    "PE_valuation": 311.537585, 
    "DFC_valuation": 18046.882492
  },
  "ratios": {
    "ROIC": 0.000000,
    "PB": 0.000000
  },
  "ownerEarnings": 1406580000,
  "growth_rate_revenue": 83.134078,
  "growth_rate_net_income": 182.708042
}
