{
  "ticker": "ERF",
  "valuation": {
    "PE_valuation": 162.390018, 
    "DFC_valuation": 13334.761692
  },
  "ratios": {
    "ROIC": 70.566889,
    "PB": 3.835312
  },
  "ownerEarnings": 1814450000,
  "growth_rate_revenue": 114.271355,
  "growth_rate_net_income": 65.524906
}
