{
  "ticker": "ERII",
  "valuation": {
    "PE_valuation": 122.983215, 
    "DFC_valuation": 602.392673
  },
  "ratios": {
    "ROIC": 7.886740,
    "PB": 6.215500
  },
  "ownerEarnings": 11885000,
  "growth_rate_revenue": 93.887616,
  "growth_rate_net_income": -77.074986
}
