{
  "ticker": "ERJ",
  "valuation": {
    "PE_valuation": 14.069054, 
    "DFC_valuation": 47.866189
  },
  "ratios": {
    "ROIC": 0.056861,
    "PB": 0.781844
  },
  "ownerEarnings": 678300000,
  "growth_rate_revenue": 21.222107,
  "growth_rate_net_income": 37.051665
}
