{
  "ticker": "ESE",
  "valuation": {
    "PE_valuation": 96.286655, 
    "DFC_valuation": 96.517457
  },
  "ratios": {
    "ROIC": 7.607089,
    "PB": 2.225749
  },
  "ownerEarnings": 179578000,
  "growth_rate_revenue": -4.224937,
  "growth_rate_net_income": 681.885732
}
