{
  "ticker": "ESEA",
  "valuation": {
    "PE_valuation": -134.360517, 
    "DFC_valuation": 1887.326452
  },
  "ratios": {
    "ROIC": 38.579674,
    "PB": 0.631320
  },
  "ownerEarnings": 215168192,
  "growth_rate_revenue": 59.563216,
  "growth_rate_net_income": 293.233298
}
