{
  "ticker": "ESP",
  "valuation": {
    "PE_valuation": 43.717351, 
    "DFC_valuation": 103.243999
  },
  "ratios": {
    "ROIC": 12.085696,
    "PB": 1.146018
  },
  "ownerEarnings": 3628000,
  "growth_rate_revenue": 3.064670,
  "growth_rate_net_income": 12.386437
}
