{
  "ticker": "ESQ",
  "valuation": {
    "PE_valuation": 175.765987, 
    "DFC_valuation": 220.041315
  },
  "ratios": {
    "ROIC": 0.000000,
    "PB": 0.000000
  },
  "ownerEarnings": -14871000,
  "growth_rate_revenue": 39.380734,
  "growth_rate_net_income": 785.930588
}
