{
  "ticker": "ESTC",
  "valuation": {
    "PE_valuation": 270.104550, 
    "DFC_valuation": 184.161705
  },
  "ratios": {
    "ROIC": -20.060387,
    "PB": 13.549631
  },
  "ownerEarnings": -331825000,
  "growth_rate_revenue": 73.166547,
  "growth_rate_net_income": 48.452917
}
