{
  "ticker": "ETAO",
  "valuation": {
    "PE_valuation": 0.000000, 
    "DFC_valuation": 19.545643
  },
  "ratios": {
    "ROIC": -10183.884706,
    "PB": 0.000000
  },
  "ownerEarnings": -1312447954,
  "growth_rate_revenue": 0.000000,
  "growth_rate_net_income": 0.000000
}
