{
  "ticker": "ETH",
  "valuation": {
    "PE_valuation": 48.962197, 
    "DFC_valuation": 251.095575
  },
  "ratios": {
    "ROIC": 14.067432,
    "PB": 1.522374
  },
  "ownerEarnings": 99586000,
  "growth_rate_revenue": 15.183453,
  "growth_rate_net_income": -21.410656
}
