{
  "ticker": "ETN",
  "valuation": {
    "PE_valuation": 495.744304, 
    "DFC_valuation": -65.500991
  },
  "ratios": {
    "ROIC": 0.000000,
    "PB": 0.000000
  },
  "ownerEarnings": 3213000000,
  "growth_rate_revenue": 0.389599,
  "growth_rate_net_income": -0.624630
}
