{
  "ticker": "EVA",
  "valuation": {
    "PE_valuation": 90.193921, 
    "DFC_valuation": -2005.540058
  },
  "ratios": {
    "ROIC": -4.030398,
    "PB": 10.604117
  },
  "ownerEarnings": 268892000,
  "growth_rate_revenue": 52.885507,
  "growth_rate_net_income": 2115.816131
}
