{
  "ticker": "EVGOW",
  "valuation": {
    "PE_valuation": 22.975582, 
    "DFC_valuation": -302.727714
  },
  "ratios": {
    "ROIC": 58.226184,
    "PB": -0.849000
  },
  "ownerEarnings": 25464000,
  "growth_rate_revenue": 2108927402801.457275,
  "growth_rate_net_income": -inf
}
