{
  "ticker": "EVR",
  "valuation": {
    "PE_valuation": 853.342361, 
    "DFC_valuation": 101522.601198
  },
  "ratios": {
    "ROIC": 19.813868,
    "PB": 2.842959
  },
  "ownerEarnings": 40762000,
  "growth_rate_revenue": 42.456542,
  "growth_rate_net_income": -38.391995
}
