{
  "ticker": "EVRG",
  "valuation": {
    "PE_valuation": 108.302631, 
    "DFC_valuation": -288.847244
  },
  "ratios": {
    "ROIC": 5.541157,
    "PB": 1.519551
  },
  "ownerEarnings": 4781800000,
  "growth_rate_revenue": -3.882769,
  "growth_rate_net_income": -2.138876
}
