{
  "ticker": "EVRI",
  "valuation": {
    "PE_valuation": 18.582046, 
    "DFC_valuation": 118.942904
  },
  "ratios": {
    "ROIC": 13.568498,
    "PB": 5.966656
  },
  "ownerEarnings": 466131000,
  "growth_rate_revenue": 14.256990,
  "growth_rate_net_income": 74.518963
}
