{
  "ticker": "EVTC",
  "valuation": {
    "PE_valuation": 79.994365, 
    "DFC_valuation": 152.090028
  },
  "ratios": {
    "ROIC": 15.009350,
    "PB": 4.717923
  },
  "ownerEarnings": 172496000,
  "growth_rate_revenue": 4.939392,
  "growth_rate_net_income": -68.887499
}
