{
  "ticker": "EXCVV",
  "valuation": {
    "PE_valuation": 70.247432, 
    "DFC_valuation": -519.426329
  },
  "ratios": {
    "ROIC": 4.373160,
    "PB": 1.722631
  },
  "ownerEarnings": 15095000000,
  "growth_rate_revenue": 5.313164,
  "growth_rate_net_income": -17.457787
}
