{
  "ticker": "EXFO",
  "valuation": {
    "PE_valuation": 6.911355, 
    "DFC_valuation": -262.980450
  },
  "ratios": {
    "ROIC": -3.106980,
    "PB": 1.153563
  },
  "ownerEarnings": 13376000,
  "growth_rate_revenue": 32.910758,
  "growth_rate_net_income": 391.293495
}
