{
  "ticker": "EXLS",
  "valuation": {
    "PE_valuation": 465.900694, 
    "DFC_valuation": 183289.945989
  },
  "ratios": {
    "ROIC": 12.700555,
    "PB": 7.553858
  },
  "ownerEarnings": 198402000,
  "growth_rate_revenue": 83.724663,
  "growth_rate_net_income": 455.411888
}
