{
  "ticker": "EXP",
  "valuation": {
    "PE_valuation": 679.356469, 
    "DFC_valuation": 7706.291702
  },
  "ratios": {
    "ROIC": 16.638204,
    "PB": 4.554428
  },
  "ownerEarnings": 486316000,
  "growth_rate_revenue": 18.958835,
  "growth_rate_net_income": 66.128884
}
