{
  "ticker": "EXPO",
  "valuation": {
    "PE_valuation": 249.410499, 
    "DFC_valuation": 486.299413
  },
  "ratios": {
    "ROIC": 30.448423,
    "PB": 15.980036
  },
  "ownerEarnings": 118304000,
  "growth_rate_revenue": 6.814960,
  "growth_rate_net_income": -101.668984
}
