{
  "ticker": "EYE",
  "valuation": {
    "PE_valuation": 40.242041, 
    "DFC_valuation": -9.489783
  },
  "ratios": {
    "ROIC": 1.814358,
    "PB": 3.433809
  },
  "ownerEarnings": 248820000,
  "growth_rate_revenue": 12.692384,
  "growth_rate_net_income": 129.846364
}
