{
  "ticker": "FA",
  "valuation": {
    "PE_valuation": 77.672483, 
    "DFC_valuation": 3290.366468
  },
  "ratios": {
    "ROIC": 4.189101,
    "PB": 1.733466
  },
  "ownerEarnings": 241920000,
  "growth_rate_revenue": 150.068254,
  "growth_rate_net_income": 8043.394281
}
