{
  "ticker": "FANG",
  "valuation": {
    "PE_valuation": 12487.537420, 
    "DFC_valuation": 30593580.183174
  },
  "ratios": {
    "ROIC": 24.200454,
    "PB": 1.608835
  },
  "ownerEarnings": 10909000000,
  "growth_rate_revenue": 140.682127,
  "growth_rate_net_income": -541.023804
}
