{
  "ticker": "FANH",
  "valuation": {
    "PE_valuation": 727.088489, 
    "DFC_valuation": 3243.709574
  },
  "ratios": {
    "ROIC": 6.906448,
    "PB": 1.688595
  },
  "ownerEarnings": 159475000,
  "growth_rate_revenue": 131.861965,
  "growth_rate_net_income": -786.012190
}
