{
  "ticker": "FBHS",
  "valuation": {
    "PE_valuation": 95.103673, 
    "DFC_valuation": 276.282897
  },
  "ratios": {
    "ROIC": 13.453935,
    "PB": 4.836456
  },
  "ownerEarnings": 913100000,
  "growth_rate_revenue": 7.669377,
  "growth_rate_net_income": -192.459569
}
