{
  "ticker": "FCBC",
  "valuation": {
    "PE_valuation": 108.651055, 
    "DFC_valuation": 2109.661233
  },
  "ratios": {
    "ROIC": 12.125702,
    "PB": 1.327116
  },
  "ownerEarnings": 59513000,
  "growth_rate_revenue": 72.638293,
  "growth_rate_net_income": 9.318553
}
