{
  "ticker": "FCEL",
  "valuation": {
    "PE_valuation": 2.921590, 
    "DFC_valuation": -121.461052
  },
  "ratios": {
    "ROIC": -15.352519,
    "PB": 0.616320
  },
  "ownerEarnings": -50943000,
  "growth_rate_revenue": 12.488740,
  "growth_rate_net_income": 67.916667
}
