{
  "ticker": "FCFS",
  "valuation": {
    "PE_valuation": 13274.798209, 
    "DFC_valuation": 121758783.106946
  },
  "ratios": {
    "ROIC": 8.094188,
    "PB": 2.182868
  },
  "ownerEarnings": 529784000,
  "growth_rate_revenue": 133.820875,
  "growth_rate_net_income": inf
}
