{
  "ticker": "FCNCO",
  "valuation": {
    "PE_valuation": 3491.598293, 
    "DFC_valuation": 230670.429797
  },
  "ratios": {
    "ROIC": 14.089398,
    "PB": 0.770479
  },
  "ownerEarnings": 5364000000,
  "growth_rate_revenue": 12.577185,
  "growth_rate_net_income": 22.711329
}
