{
  "ticker": "FCUV",
  "valuation": {
    "PE_valuation": 10.944737, 
    "DFC_valuation": -128.240256
  },
  "ratios": {
    "ROIC": -57.804278,
    "PB": 116.244093
  },
  "ownerEarnings": -6562324,
  "growth_rate_revenue": 737.886384,
  "growth_rate_net_income": 356.485425
}
