{
  "ticker": "FDP",
  "valuation": {
    "PE_valuation": 49.104009, 
    "DFC_valuation": 31.515045
  },
  "ratios": {
    "ROIC": 4.579138,
    "PB": 0.657135
  },
  "ownerEarnings": 290700000,
  "growth_rate_revenue": 15.035370,
  "growth_rate_net_income": 70.764547
}
