{
  "ticker": "FEDU",
  "valuation": {
    "PE_valuation": 24.590058, 
    "DFC_valuation": -97.036143
  },
  "ratios": {
    "ROIC": -7.588335,
    "PB": 0.330717
  },
  "ownerEarnings": -27922000,
  "growth_rate_revenue": 41.040460,
  "growth_rate_net_income": 4477.153823
}
