{
  "ticker": "FELE",
  "valuation": {
    "PE_valuation": 351.904594, 
    "DFC_valuation": 686.962652
  },
  "ratios": {
    "ROIC": 14.918349,
    "PB": 3.450432
  },
  "ownerEarnings": 313008000,
  "growth_rate_revenue": 8.844572,
  "growth_rate_net_income": 22.653110
}
