{
  "ticker": "FENG",
  "valuation": {
    "PE_valuation": 21.495858, 
    "DFC_valuation": -141.464898
  },
  "ratios": {
    "ROIC": -11.949595,
    "PB": 0.169955
  },
  "ownerEarnings": -247169000,
  "growth_rate_revenue": 61.064224,
  "growth_rate_net_income": 6453.861004
}
