{
  "ticker": "FG",
  "valuation": {
    "PE_valuation": 0.000000, 
    "DFC_valuation": 1611.265164
  },
  "ratios": {
    "ROIC": 17.061099,
    "PB": 1.392876
  },
  "ownerEarnings": 888000000,
  "growth_rate_revenue": 0.000000,
  "growth_rate_net_income": 0.000000
}
