{
  "ticker": "FHB",
  "valuation": {
    "PE_valuation": 15.594544, 
    "DFC_valuation": 208.002059
  },
  "ratios": {
    "ROIC": 12.937696,
    "PB": 1.463124
  },
  "ownerEarnings": 424771000,
  "growth_rate_revenue": 1132.294085,
  "growth_rate_net_income": 1052.708822
}
