{
  "ticker": "FI",
  "valuation": {
    "PE_valuation": 9192.935384, 
    "DFC_valuation": 12484043.133149
  },
  "ratios": {
    "ROIC": 5.715901,
    "PB": 2.105789
  },
  "ownerEarnings": 8193000000,
  "growth_rate_revenue": 56.134194,
  "growth_rate_net_income": 405.685863
}
