{
  "ticker": "FINV",
  "valuation": {
    "PE_valuation": 218.200519, 
    "DFC_valuation": 1794.348189
  },
  "ratios": {
    "ROIC": 16.480422,
    "PB": 0.781237
  },
  "ownerEarnings": 1868621000,
  "growth_rate_revenue": 204.117155,
  "growth_rate_net_income": -142.995221
}
