{
  "ticker": "FIVE",
  "valuation": {
    "PE_valuation": 994.300219, 
    "DFC_valuation": 2517.185279
  },
  "ratios": {
    "ROIC": 5.961602,
    "PB": 7.962598
  },
  "ownerEarnings": 590534000,
  "growth_rate_revenue": 51.025627,
  "growth_rate_net_income": 55.911455
}
