{
  "ticker": "FIVN",
  "valuation": {
    "PE_valuation": 1534.543750, 
    "DFC_valuation": 552.704146
  },
  "ratios": {
    "ROIC": -7.968462,
    "PB": 14.843315
  },
  "ownerEarnings": -145765000,
  "growth_rate_revenue": 38.229649,
  "growth_rate_net_income": 35.629334
}
