{
  "ticker": "FKWL",
  "valuation": {
    "PE_valuation": 14.922979, 
    "DFC_valuation": -1213.988189
  },
  "ratios": {
    "ROIC": -4.601411,
    "PB": 1.124610
  },
  "ownerEarnings": 2716660,
  "growth_rate_revenue": 170.627314,
  "growth_rate_net_income": 44.207027
}
