{
  "ticker": "FL",
  "valuation": {
    "PE_valuation": 35.343752, 
    "DFC_valuation": -124.169169
  },
  "ratios": {
    "ROIC": 4.104378,
    "PB": 1.247352
  },
  "ownerEarnings": 990000000,
  "growth_rate_revenue": 13.065045,
  "growth_rate_net_income": 15.880851
}
