{
  "ticker": "FLEX",
  "valuation": {
    "PE_valuation": 817.367620, 
    "DFC_valuation": 263026.652894
  },
  "ratios": {
    "ROIC": 12.306162,
    "PB": 1.952259
  },
  "ownerEarnings": 2464000000,
  "growth_rate_revenue": 87.511742,
  "growth_rate_net_income": -29.960736
}
