{
  "ticker": "FLNC",
  "valuation": {
    "PE_valuation": 115.353689, 
    "DFC_valuation": -2250.381327
  },
  "ratios": {
    "ROIC": -23.721464,
    "PB": 6.653859
  },
  "ownerEarnings": -114689000,
  "growth_rate_revenue": 147.881624,
  "growth_rate_net_income": 40.249606
}
