{
  "ticker": "FLS",
  "valuation": {
    "PE_valuation": 234.846345, 
    "DFC_valuation": -2043.630036
  },
  "ratios": {
    "ROIC": 7.281928,
    "PB": 2.196024
  },
  "ownerEarnings": 428815000,
  "growth_rate_revenue": 19.787496,
  "growth_rate_net_income": 80.814623
}
