{
  "ticker": "FLWS",
  "valuation": {
    "PE_valuation": -38.119771, 
    "DFC_valuation": 621.277707
  },
  "ratios": {
    "ROIC": -3.581789,
    "PB": 1.096772
  },
  "ownerEarnings": 122425000,
  "growth_rate_revenue": 26.327866,
  "growth_rate_net_income": -98.744916
}
