{
  "ticker": "FMBH",
  "valuation": {
    "PE_valuation": 0.440025, 
    "DFC_valuation": 61109.350270
  },
  "ratios": {
    "ROIC": 0.000000,
    "PB": 0.000000
  },
  "ownerEarnings": 72153000,
  "growth_rate_revenue": 16.396504,
  "growth_rate_net_income": 11.086591
}
