{
  "ticker": "FMC",
  "valuation": {
    "PE_valuation": 120.859159, 
    "DFC_valuation": 201.247195
  },
  "ratios": {
    "ROIC": 13.230650,
    "PB": 4.622800
  },
  "ownerEarnings": 1277200000,
  "growth_rate_revenue": 6.726301,
  "growth_rate_net_income": 6.200840
}
