{
  "ticker": "FMS",
  "valuation": {
    "PE_valuation": 40.239128, 
    "DFC_valuation": 462.235574
  },
  "ratios": {
    "ROIC": -0.568491,
    "PB": 0.580977
  },
  "ownerEarnings": 1187637000,
  "growth_rate_revenue": 14.157962,
  "growth_rate_net_income": -417.210477
}
