{
  "ticker": "FNCB",
  "valuation": {
    "PE_valuation": 13.232059, 
    "DFC_valuation": 112.595967
  },
  "ratios": {
    "ROIC": 8.643104,
    "PB": 1.362787
  },
  "ownerEarnings": 35762000,
  "growth_rate_revenue": 12.189413,
  "growth_rate_net_income": 14.558052
}
