{
  "ticker": "FNHC",
  "valuation": {
    "PE_valuation": -395.990782, 
    "DFC_valuation": -6001.411801
  },
  "ratios": {
    "ROIC": 0.000000,
    "PB": 0.328745
  },
  "ownerEarnings": -79351000,
  "growth_rate_revenue": 31.893538,
  "growth_rate_net_income": -133.557056
}
