{
  "ticker": "FNWD",
  "valuation": {
    "PE_valuation": 634.908975, 
    "DFC_valuation": 128643.502739
  },
  "ratios": {
    "ROIC": 5.497257,
    "PB": 0.922911
  },
  "ownerEarnings": 21174000,
  "growth_rate_revenue": 272.245601,
  "growth_rate_net_income": 22.418834
}
