{
  "ticker": "FOA",
  "valuation": {
    "PE_valuation": -0.000000, 
    "DFC_valuation": 1328.486390
  },
  "ratios": {
    "ROIC": -0.416651,
    "PB": 0.311583
  },
  "ownerEarnings": 602122000,
  "growth_rate_revenue": 0.000000,
  "growth_rate_net_income": 0.000000
}
