{
  "ticker": "FOUR",
  "valuation": {
    "PE_valuation": -45.083740, 
    "DFC_valuation": -227.117757
  },
  "ratios": {
    "ROIC": 3.162181,
    "PB": 9.045513
  },
  "ownerEarnings": 527800000,
  "growth_rate_revenue": 14.855159,
  "growth_rate_net_income": -59.611792
}
