{
  "ticker": "FOX",
  "valuation": {
    "PE_valuation": 29.044242, 
    "DFC_valuation": 369.888054
  },
  "ratios": {
    "ROIC": 8.019713,
    "PB": 1.627072
  },
  "ownerEarnings": 3086000000,
  "growth_rate_revenue": 9.752560,
  "growth_rate_net_income": 34.541702
}
