{
  "ticker": "FPI",
  "valuation": {
    "PE_valuation": -22.214818, 
    "DFC_valuation": 957.708274
  },
  "ratios": {
    "ROIC": 2.406043,
    "PB": 1.093130
  },
  "ownerEarnings": 43380000,
  "growth_rate_revenue": 122.687518,
  "growth_rate_net_income": -459.597066
}
