{
  "ticker": "FRAF",
  "valuation": {
    "PE_valuation": 146.662916, 
    "DFC_valuation": 3145.137843
  },
  "ratios": {
    "ROIC": 12.538583,
    "PB": 1.377337
  },
  "ownerEarnings": 37857000,
  "growth_rate_revenue": 67.021987,
  "growth_rate_net_income": 4.730169
}
