{
  "ticker": "FRD",
  "valuation": {
    "PE_valuation": 36.275967, 
    "DFC_valuation": 3116.915636
  },
  "ratios": {
    "ROIC": 10.726329,
    "PB": 0.708917
  },
  "ownerEarnings": 23292000,
  "growth_rate_revenue": 1.689714,
  "growth_rate_net_income": -14.922647
}
