{
  "ticker": "FRGAP",
  "valuation": {
    "PE_valuation": -164.550763, 
    "DFC_valuation": -25826.645065
  },
  "ratios": {
    "ROIC": 4.837582,
    "PB": 2.222129
  },
  "ownerEarnings": 701013000,
  "growth_rate_revenue": 18.424365,
  "growth_rate_net_income": 4.801522
}
