{
  "ticker": "FRHC",
  "valuation": {
    "PE_valuation": 1304.733247, 
    "DFC_valuation": -1147433.719867
  },
  "ratios": {
    "ROIC": 6.547302,
    "PB": 5.420305
  },
  "ownerEarnings": 210444000,
  "growth_rate_revenue": -9.439860,
  "growth_rate_net_income": 757.478316
}
