{
  "ticker": "FRO",
  "valuation": {
    "PE_valuation": 63.889298, 
    "DFC_valuation": 2816.398089
  },
  "ratios": {
    "ROIC": 9.523177,
    "PB": 1.064982
  },
  "ownerEarnings": 903270000,
  "growth_rate_revenue": 143.394998,
  "growth_rate_net_income": 44.533792
}
