{
  "ticker": "FROG",
  "valuation": {
    "PE_valuation": 297.248144, 
    "DFC_valuation": 19.570790
  },
  "ratios": {
    "ROIC": -14.212217,
    "PB": 3.388226
  },
  "ownerEarnings": -149750000,
  "growth_rate_revenue": 20.346010,
  "growth_rate_net_income": 129.552269
}
