{
  "ticker": "FRST",
  "valuation": {
    "PE_valuation": 280.595620, 
    "DFC_valuation": 207153.241710
  },
  "ratios": {
    "ROIC": 4.816682,
    "PB": 0.737945
  },
  "ownerEarnings": 75073000,
  "growth_rate_revenue": 330.209898,
  "growth_rate_net_income": 125.243318
}
