{
  "ticker": "FRWAU",
  "valuation": {
    "PE_valuation": 0.000000, 
    "DFC_valuation": -2.705355
  },
  "ratios": {
    "ROIC": -831.512235,
    "PB": -17420.971758
  },
  "ownerEarnings": 2558123,
  "growth_rate_revenue": 0.000000,
  "growth_rate_net_income": 0.000000
}
