{
  "ticker": "FSBC",
  "valuation": {
    "PE_valuation": 19.758554, 
    "DFC_valuation": 1.028217
  },
  "ratios": {
    "ROIC": 0.000000,
    "PB": 0.000000
  },
  "ownerEarnings": -88718000,
  "growth_rate_revenue": 48292.004238,
  "growth_rate_net_income": 3454.546000
}
