{
  "ticker": "FSI",
  "valuation": {
    "PE_valuation": 55.188601, 
    "DFC_valuation": -537.244860
  },
  "ratios": {
    "ROIC": 16.498228,
    "PB": 1.175950
  },
  "ownerEarnings": 9806641,
  "growth_rate_revenue": 50.858764,
  "growth_rate_net_income": 164.136973
}
