{
  "ticker": "FSLY",
  "valuation": {
    "PE_valuation": 65.394672, 
    "DFC_valuation": -67.237149
  },
  "ratios": {
    "ROIC": -12.845752,
    "PB": 1.043714
  },
  "ownerEarnings": -295960000,
  "growth_rate_revenue": 41.380042,
  "growth_rate_net_income": 66.467953
}
