{
  "ticker": "FSS",
  "valuation": {
    "PE_valuation": 74.735455, 
    "DFC_valuation": 37.123989
  },
  "ratios": {
    "ROIC": 10.049268,
    "PB": 3.265693
  },
  "ownerEarnings": 237600000,
  "growth_rate_revenue": 12.126030,
  "growth_rate_net_income": 24.555678
}
