{
  "ticker": "FSTR",
  "valuation": {
    "PE_valuation": -16.547884, 
    "DFC_valuation": -132.044305
  },
  "ratios": {
    "ROIC": 4.655649,
    "PB": 0.756459
  },
  "ownerEarnings": -11568000,
  "growth_rate_revenue": 3.265252,
  "growth_rate_net_income": 379.020169
}
