{
  "ticker": "FSV",
  "valuation": {
    "PE_valuation": 136.760353, 
    "DFC_valuation": 10.736149
  },
  "ratios": {
    "ROIC": 7.881690,
    "PB": 5.965688
  },
  "ownerEarnings": 368547000,
  "growth_rate_revenue": 10.952994,
  "growth_rate_net_income": -37.078188
}
