{
  "ticker": "FTAI-PC",
  "valuation": {
    "PE_valuation": 381.118665, 
    "DFC_valuation": -1220046.159301
  },
  "ratios": {
    "ROIC": 7.058974,
    "PB": 90.162499
  },
  "ownerEarnings": 1455325000,
  "growth_rate_revenue": 211.922437,
  "growth_rate_net_income": 169.911041
}
