{
  "ticker": "FTAIM",
  "valuation": {
    "PE_valuation": 546.663442, 
    "DFC_valuation": -5642839.296513
  },
  "ratios": {
    "ROIC": 7.519638,
    "PB": 128.637038
  },
  "ownerEarnings": 1263254000,
  "growth_rate_revenue": 211.922437,
  "growth_rate_net_income": 169.079950
}
