{
  "ticker": "FTCH",
  "valuation": {
    "PE_valuation": -25.106641, 
    "DFC_valuation": -2023.015524
  },
  "ratios": {
    "ROIC": -34.650988,
    "PB": 2.305511
  },
  "ownerEarnings": -1216583000,
  "growth_rate_revenue": 79.766729,
  "growth_rate_net_income": 260.876536
}
