{
  "ticker": "FTFT",
  "valuation": {
    "PE_valuation": 5044.908130, 
    "DFC_valuation": -12612186154.725920
  },
  "ratios": {
    "ROIC": -18.592380,
    "PB": 0.397842
  },
  "ownerEarnings": -11879320,
  "growth_rate_revenue": 0.0,
  "growth_rate_net_income": 119929.812715
}
