{
  "ticker": "FUNC",
  "valuation": {
    "PE_valuation": 44.238887, 
    "DFC_valuation": 393.212406
  },
  "ratios": {
    "ROIC": 10.281032,
    "PB": 0.860860
  },
  "ownerEarnings": 34025000,
  "growth_rate_revenue": 10.429469,
  "growth_rate_net_income": 8.350396
}
