{
  "ticker": "FWONK",
  "valuation": {
    "PE_valuation": -59.813719, 
    "DFC_valuation": 136.901824
  },
  "ratios": {
    "ROIC": 5.247227,
    "PB": 1.982017
  },
  "ownerEarnings": 1159000000,
  "growth_rate_revenue": 5.499970,
  "growth_rate_net_income": 69.346252
}
