{
  "ticker": "FXNC",
  "valuation": {
    "PE_valuation": 345.010639, 
    "DFC_valuation": 73770.069702
  },
  "ratios": {
    "ROIC": 15.232956,
    "PB": 0.771157
  },
  "ownerEarnings": 23360000,
  "growth_rate_revenue": 139.584284,
  "growth_rate_net_income": 12.869402
}
