{
  "ticker": "GAN",
  "valuation": {
    "PE_valuation": 306.787591, 
    "DFC_valuation": -628.283760
  },
  "ratios": {
    "ROIC": 298.347360,
    "PB": 3.059480
  },
  "ownerEarnings": 511029000,
  "growth_rate_revenue": 48.506778,
  "growth_rate_net_income": 14.653751
}
