{
  "ticker": "GBNH",
  "valuation": {
    "PE_valuation": 19.718498, 
    "DFC_valuation": -648.412733
  },
  "ratios": {
    "ROIC": -30.202029,
    "PB": -1.582210
  },
  "ownerEarnings": -10100431,
  "growth_rate_revenue": 84.454583,
  "growth_rate_net_income": 114.971235
}
