{
  "ticker": "GCP",
  "valuation": {
    "PE_valuation": 11.307576, 
    "DFC_valuation": 10.712747
  },
  "ratios": {
    "ROIC": 35.399049,
    "PB": 3.467973
  },
  "ownerEarnings": 113000000,
  "growth_rate_revenue": -5.907171,
  "growth_rate_net_income": 180.687540
}
