{
  "ticker": "GD",
  "valuation": {
    "PE_valuation": 394.697682, 
    "DFC_valuation": 7253.956038
  },
  "ratios": {
    "ROIC": 0.000000,
    "PB": 0.000000
  },
  "ownerEarnings": 5898000000,
  "growth_rate_revenue": 5.666025,
  "growth_rate_net_income": -344.917973
}
