{
  "ticker": "GDP",
  "valuation": {
    "PE_valuation": -41.979285, 
    "DFC_valuation": 31.718152
  },
  "ratios": {
    "ROIC": -3.182858,
    "PB": 2.969232
  },
  "ownerEarnings": 165682000,
  "growth_rate_revenue": 51.977893,
  "growth_rate_net_income": -464.109848
}
