{
  "ticker": "GDRX",
  "valuation": {
    "PE_valuation": 3.893937, 
    "DFC_valuation": 103.962182
  },
  "ratios": {
    "ROIC": 0.978660,
    "PB": 2.361137
  },
  "ownerEarnings": 24815000,
  "growth_rate_revenue": 8.908042,
  "growth_rate_net_income": -163.787320
}
