{
  "ticker": "GDS",
  "valuation": {
    "PE_valuation": 1399.077957, 
    "DFC_valuation": -5081.591996
  },
  "ratios": {
    "ROIC": 0.883117,
    "PB": 1.081678
  },
  "ownerEarnings": 12629404000,
  "growth_rate_revenue": 68.442738,
  "growth_rate_net_income": 52.212193
}
