{
  "ticker": "GEL",
  "valuation": {
    "PE_valuation": -4.599787, 
    "DFC_valuation": -218.755118
  },
  "ratios": {
    "ROIC": 0.625944,
    "PB": 204.699311
  },
  "ownerEarnings": 611627000,
  "growth_rate_revenue": 211.755666,
  "growth_rate_net_income": -5964.299492
}
