{
  "ticker": "GEN",
  "valuation": {
    "PE_valuation": 520.484923, 
    "DFC_valuation": 29513.052771
  },
  "ratios": {
    "ROIC": 17.048154,
    "PB": 4.789200
  },
  "ownerEarnings": 2443000000,
  "growth_rate_revenue": 67.303351,
  "growth_rate_net_income": 20.908523
}
