{
  "ticker": "GEO",
  "valuation": {
    "PE_valuation": 116.152878, 
    "DFC_valuation": 8727.553171
  },
  "ratios": {
    "ROIC": 8.335164,
    "PB": 1.137586
  },
  "ownerEarnings": 697063000,
  "growth_rate_revenue": 50.543179,
  "growth_rate_net_income": 87.886918
}
