{
  "ticker": "GERN",
  "valuation": {
    "PE_valuation": 0.399447, 
    "DFC_valuation": -15.867300
  },
  "ratios": {
    "ROIC": -98.115740,
    "PB": 11.519030
  },
  "ownerEarnings": -138370000,
  "growth_rate_revenue": -3.134755,
  "growth_rate_net_income": 80.605894
}
