{
  "ticker": "GGG",
  "valuation": {
    "PE_valuation": 325.680780, 
    "DFC_valuation": 2925.698776
  },
  "ratios": {
    "ROIC": 0.000000,
    "PB": 0.000000
  },
  "ownerEarnings": 737139000,
  "growth_rate_revenue": 17.502713,
  "growth_rate_net_income": 38.859206
}
