{
  "ticker": "GGMCW",
  "valuation": {
    "PE_valuation": 0.000000, 
    "DFC_valuation": -4.047533
  },
  "ratios": {
    "ROIC": -442.905380,
    "PB": -24689.574279
  },
  "ownerEarnings": 6218589,
  "growth_rate_revenue": 0.000000,
  "growth_rate_net_income": 0.000000
}
