{
  "ticker": "GH",
  "valuation": {
    "PE_valuation": 690.771861, 
    "DFC_valuation": -4519.529168
  },
  "ratios": {
    "ROIC": -33.262206,
    "PB": 46.182147
  },
  "ownerEarnings": -560164000,
  "growth_rate_revenue": 94.959150,
  "growth_rate_net_income": 95.389056
}
