{
  "ticker": "GHG",
  "valuation": {
    "PE_valuation": -73.631845, 
    "DFC_valuation": 169.171529
  },
  "ratios": {
    "ROIC": -7.606043,
    "PB": 1.816866
  },
  "ownerEarnings": -125131021,
  "growth_rate_revenue": 11.085109,
  "growth_rate_net_income": 7.389879
}
