{
  "ticker": "GIL",
  "valuation": {
    "PE_valuation": 273.825966, 
    "DFC_valuation": 5900.056588
  },
  "ratios": {
    "ROIC": 19.228195,
    "PB": 2.680485
  },
  "ownerEarnings": 980503000,
  "growth_rate_revenue": 45.194383,
  "growth_rate_net_income": 2055.180568
}
