{
  "ticker": "GLAD",
  "valuation": {
    "PE_valuation": 171.448551, 
    "DFC_valuation": -19585.544033
  },
  "ratios": {
    "ROIC": 6.012889,
    "PB": 0.880181
  },
  "ownerEarnings": 42668000,
  "growth_rate_revenue": 668.911423,
  "growth_rate_net_income": -2044.065905
}
