{
  "ticker": "GLBE",
  "valuation": {
    "PE_valuation": 308.551859, 
    "DFC_valuation": 196.548116
  },
  "ratios": {
    "ROIC": -18.979008,
    "PB": 3.506812
  },
  "ownerEarnings": -172358000,
  "growth_rate_revenue": 281407651188.953186,
  "growth_rate_net_income": -535.130510
}
