{
  "ticker": "GLOB",
  "valuation": {
    "PE_valuation": 1119.627850, 
    "DFC_valuation": 7470.547647
  },
  "ratios": {
    "ROIC": 4.692237,
    "PB": 4.676970
  },
  "ownerEarnings": 122557000,
  "growth_rate_revenue": 36.589710,
  "growth_rate_net_income": -287.991532
}
