{
  "ticker": "GLOG-PA",
  "valuation": {
    "PE_valuation": 0.000000, 
    "DFC_valuation": 218680.147672
  },
  "ratios": {
    "ROIC": 6.017086,
    "PB": 1.677022
  },
  "ownerEarnings": 914681000,
  "growth_rate_revenue": 168.869343,
  "growth_rate_net_income": 329.701207
}
