{
  "ticker": "GLSPU",
  "valuation": {
    "PE_valuation": 0.000000, 
    "DFC_valuation": -3.016387
  },
  "ratios": {
    "ROIC": 1388226.168765,
    "PB": 0.000000
  },
  "ownerEarnings": 8502767,
  "growth_rate_revenue": 0.000000,
  "growth_rate_net_income": 0.000000
}
