{
  "ticker": "GLYC",
  "valuation": {
    "PE_valuation": 0.485075, 
    "DFC_valuation": -44.873086
  },
  "ratios": {
    "ROIC": -211.668501,
    "PB": 3.707651
  },
  "ownerEarnings": -98324840,
  "growth_rate_revenue": 109.058959,
  "growth_rate_net_income": -95.273532
}
