{
  "ticker": "GMED",
  "valuation": {
    "PE_valuation": 114.206640, 
    "DFC_valuation": 122.879176
  },
  "ratios": {
    "ROIC": 9.660988,
    "PB": 4.041346
  },
  "ownerEarnings": 287142000,
  "growth_rate_revenue": 16.629156,
  "growth_rate_net_income": 18.138467
}
