{
  "ticker": "GMS",
  "valuation": {
    "PE_valuation": 171.479752, 
    "DFC_valuation": 1244.546763
  },
  "ratios": {
    "ROIC": 13.658495,
    "PB": 1.909872
  },
  "ownerEarnings": 614023000,
  "growth_rate_revenue": 27.671468,
  "growth_rate_net_income": 5.833057
}
