{
  "ticker": "GNCA",
  "valuation": {
    "PE_valuation": 0.147448, 
    "DFC_valuation": -54.230690
  },
  "ratios": {
    "ROIC": 276.663657,
    "PB": 2.938024
  },
  "ownerEarnings": -35785000,
  "growth_rate_revenue": -14.914314,
  "growth_rate_net_income": 38.342829
}
