{
  "ticker": "GNK",
  "valuation": {
    "PE_valuation": -132.789418, 
    "DFC_valuation": 896576.226504
  },
  "ratios": {
    "ROIC": 13.814950,
    "PB": 0.673390
  },
  "ownerEarnings": 282074000,
  "growth_rate_revenue": 1565.183726,
  "growth_rate_net_income": 1511.073682
}
