{
  "ticker": "GNL-PB",
  "valuation": {
    "PE_valuation": -4830.793607, 
    "DFC_valuation": 782617946.546544
  },
  "ratios": {
    "ROIC": 1.351717,
    "PB": 0.905712
  },
  "ownerEarnings": 361356000,
  "growth_rate_revenue": 3869.695858,
  "growth_rate_net_income": -67.470217
}
