{
  "ticker": "GNTX",
  "valuation": {
    "PE_valuation": 672.239114, 
    "DFC_valuation": 158243.989461
  },
  "ratios": {
    "ROIC": 11.411829,
    "PB": 3.086752
  },
  "ownerEarnings": 338959526,
  "growth_rate_revenue": 30.353048,
  "growth_rate_net_income": 91.011905
}
