{
  "ticker": "GOL",
  "valuation": {
    "PE_valuation": 115.806015, 
    "DFC_valuation": 7196.210334
  },
  "ratios": {
    "ROIC": -2.542702,
    "PB": -1.069398
  },
  "ownerEarnings": 3380620000,
  "growth_rate_revenue": 104.826425,
  "growth_rate_net_income": -127.951012
}
