{
  "ticker": "GOOGL",
  "valuation": {
    "PE_valuation": 85349.754402, 
    "DFC_valuation": 256922933814.794647
  },
  "ratios": {
    "ROIC": 21.988891,
    "PB": 6.281150
  },
  "ownerEarnings": 96241000000,
  "growth_rate_revenue": 301.103298,
  "growth_rate_net_income": 432.529378
}
