{
  "ticker": "GPC",
  "valuation": {
    "PE_valuation": 510.184682, 
    "DFC_valuation": 2901.182535
  },
  "ratios": {
    "ROIC": 14.085285,
    "PB": 6.475927
  },
  "ownerEarnings": 1979868000,
  "growth_rate_revenue": 9.806625,
  "growth_rate_net_income": 13.542174
}
