{
  "ticker": "GPI",
  "valuation": {
    "PE_valuation": 1311.072827, 
    "DFC_valuation": 36603.389034
  },
  "ratios": {
    "ROIC": 14.291338,
    "PB": 1.241429
  },
  "ownerEarnings": 1184100000,
  "growth_rate_revenue": 48.599911,
  "growth_rate_net_income": 55.513278
}
