{
  "ticker": "GPK",
  "valuation": {
    "PE_valuation": 0.000000, 
    "DFC_valuation": 84.376376
  },
  "ratios": {
    "ROIC": 0.000000,
    "PB": 0.000000
  },
  "ownerEarnings": 1105000000,
  "growth_rate_revenue": 8.542769,
  "growth_rate_net_income": -812.424332
}
