{
  "ticker": "GPL",
  "valuation": {
    "PE_valuation": 511.231487, 
    "DFC_valuation": -275190372.184685
  },
  "ratios": {
    "ROIC": -21.996656,
    "PB": 0.886423
  },
  "ownerEarnings": 36207000,
  "growth_rate_revenue": 1843.617403,
  "growth_rate_net_income": 202.581463
}
