{
  "ticker": "GPOR",
  "valuation": {
    "PE_valuation": -1576.129195, 
    "DFC_valuation": 498937.340039
  },
  "ratios": {
    "ROIC": 86.085397,
    "PB": 1.686951
  },
  "ownerEarnings": 3293857000,
  "growth_rate_revenue": -0.204876,
  "growth_rate_net_income": 5.975857
}
