{
  "ticker": "GPRK",
  "valuation": {
    "PE_valuation": 1447.027176, 
    "DFC_valuation": 2478753.705858
  },
  "ratios": {
    "ROIC": 37.789013,
    "PB": 8.139465
  },
  "ownerEarnings": 546570000,
  "growth_rate_revenue": 134.327601,
  "growth_rate_net_income": -80.630506
}
