{
  "ticker": "GRND-WT",
  "valuation": {
    "PE_valuation": 0.000000, 
    "DFC_valuation": 16.085488
  },
  "ratios": {
    "ROIC": -333.034149,
    "PB": 181.183067
  },
  "ownerEarnings": 36006000,
  "growth_rate_revenue": 0.000000,
  "growth_rate_net_income": 0.000000
}
