{
  "ticker": "GRNT",
  "valuation": {
    "PE_valuation": 0.000000, 
    "DFC_valuation": 3782.208426
  },
  "ratios": {
    "ROIC": 46.278067,
    "PB": 1.932059
  },
  "ownerEarnings": 656686000,
  "growth_rate_revenue": 0.000000,
  "growth_rate_net_income": 0.000000
}
