{
  "ticker": "GRNVU",
  "valuation": {
    "PE_valuation": -0.000000, 
    "DFC_valuation": -0.949977
  },
  "ratios": {
    "ROIC": -1444548.595774,
    "PB": 6905733.513413
  },
  "ownerEarnings": -852856,
  "growth_rate_revenue": 0.000000,
  "growth_rate_net_income": 0.000000
}
