{
  "ticker": "GRPN",
  "valuation": {
    "PE_valuation": 213.728346, 
    "DFC_valuation": -35430.161672
  },
  "ratios": {
    "ROIC": -17.827063,
    "PB": 30.539839
  },
  "ownerEarnings": 125564000,
  "growth_rate_revenue": 1252.980942,
  "growth_rate_net_income": 7223.485285
}
