{
  "ticker": "GRUB",
  "valuation": {
    "PE_valuation": 11086.502343, 
    "DFC_valuation": -240151.378389
  },
  "ratios": {
    "ROIC": -6.054512,
    "PB": 0.578896
  },
  "ownerEarnings": -343000000,
  "growth_rate_revenue": 44.671678,
  "growth_rate_net_income": 67.551432
}
