{
  "ticker": "GRVY",
  "valuation": {
    "PE_valuation": 8048474.634217, 
    "DFC_valuation": 62009600936.509048
  },
  "ratios": {
    "ROIC": 24.048937,
    "PB": 1.079897
  },
  "ownerEarnings": 91592013000,
  "growth_rate_revenue": inf,
  "growth_rate_net_income": inf
}
