{
  "ticker": "GRWG",
  "valuation": {
    "PE_valuation": -1880.877735, 
    "DFC_valuation": -363.615811
  },
  "ratios": {
    "ROIC": -11.987469,
    "PB": 1.101624
  },
  "ownerEarnings": 119228000,
  "growth_rate_revenue": 157.578168,
  "growth_rate_net_income": 175.267827
}
