{
  "ticker": "GS-PJ",
  "valuation": {
    "PE_valuation": 459.120057, 
    "DFC_valuation": -2025.749064
  },
  "ratios": {
    "ROIC": 6.809069,
    "PB": 1.017227
  },
  "ownerEarnings": 56073000000,
  "growth_rate_revenue": 11.520974,
  "growth_rate_net_income": 18.437950
}
