{
  "ticker": "GSBD",
  "valuation": {
    "PE_valuation": 8.787604, 
    "DFC_valuation": 22.319268
  },
  "ratios": {
    "ROIC": 3.647772,
    "PB": 0.933836
  },
  "ownerEarnings": 213931000,
  "growth_rate_revenue": 35.472498,
  "growth_rate_net_income": 37.248005
}
