{
  "ticker": "GSEV",
  "valuation": {
    "PE_valuation": -0.000000, 
    "DFC_valuation": -2.818604
  },
  "ratios": {
    "ROIC": -334344.274599,
    "PB": -18239265.435892
  },
  "ownerEarnings": -21296598,
  "growth_rate_revenue": 0.000000,
  "growth_rate_net_income": 0.000000
}
