{
  "ticker": "GSHD",
  "valuation": {
    "PE_valuation": 30.924146, 
    "DFC_valuation": 205.405596
  },
  "ratios": {
    "ROIC": 1.717774,
    "PB": 67.569663
  },
  "ownerEarnings": 8804000,
  "growth_rate_revenue": 46.408723,
  "growth_rate_net_income": -77.650329
}
