{
  "ticker": "GSKY",
  "valuation": {
    "PE_valuation": 17.368140, 
    "DFC_valuation": 432.955080
  },
  "ratios": {
    "ROIC": 27.389285,
    "PB": 0.000000
  },
  "ownerEarnings": 199306000,
  "growth_rate_revenue": 32.460605,
  "growth_rate_net_income": 46.774984
}
