{
  "ticker": "GSM",
  "valuation": {
    "PE_valuation": -1.031008, 
    "DFC_valuation": 128.906476
  },
  "ratios": {
    "ROIC": 41.370040,
    "PB": 0.881232
  },
  "ownerEarnings": 820980000,
  "growth_rate_revenue": 12.630145,
  "growth_rate_net_income": 43.853744
}
