{
  "ticker": "GT",
  "valuation": {
    "PE_valuation": 6.484387, 
    "DFC_valuation": -204.055623
  },
  "ratios": {
    "ROIC": 3.036926,
    "PB": 0.448132
  },
  "ownerEarnings": 3309000000,
  "growth_rate_revenue": 4.293914,
  "growth_rate_net_income": 57.644064
}
