{
  "ticker": "GTEC",
  "valuation": {
    "PE_valuation": 5.020757, 
    "DFC_valuation": 34.000968
  },
  "ratios": {
    "ROIC": 4.667928,
    "PB": 0.363977
  },
  "ownerEarnings": 8099444,
  "growth_rate_revenue": 1265764858370.909424,
  "growth_rate_net_income": -18.839403
}
