{
  "ticker": "GTES",
  "valuation": {
    "PE_valuation": 8.442862, 
    "DFC_valuation": 29.419301
  },
  "ratios": {
    "ROIC": 6.220019,
    "PB": 1.042174
  },
  "ownerEarnings": 781100000,
  "growth_rate_revenue": 0.826626,
  "growth_rate_net_income": 104.969904
}
