{
  "ticker": "GTH",
  "valuation": {
    "PE_valuation": 975.073447, 
    "DFC_valuation": -4667.904618
  },
  "ratios": {
    "ROIC": -92.266774,
    "PB": 3.937695
  },
  "ownerEarnings": -375837000,
  "growth_rate_revenue": 61.348458,
  "growth_rate_net_income": 41.054507
}
