{
  "ticker": "GTIM",
  "valuation": {
    "PE_valuation": -29.052232, 
    "DFC_valuation": 4850.110727
  },
  "ratios": {
    "ROIC": 9.771136,
    "PB": 1.066879
  },
  "ownerEarnings": 21690000,
  "growth_rate_revenue": 123.422878,
  "growth_rate_net_income": 241.309524
}
