{
  "ticker": "GTN-A",
  "valuation": {
    "PE_valuation": 446.567232, 
    "DFC_valuation": 293252.796812
  },
  "ratios": {
    "ROIC": 7.823738,
    "PB": 0.372191
  },
  "ownerEarnings": 1944000000,
  "growth_rate_revenue": 55.533624,
  "growth_rate_net_income": -55.758478
}
