{
  "ticker": "GTPAU",
  "valuation": {
    "PE_valuation": -0.000000, 
    "DFC_valuation": -5.029159
  },
  "ratios": {
    "ROIC": -1792.842551,
    "PB": -15017.057962
  },
  "ownerEarnings": -14771776,
  "growth_rate_revenue": 0.000000,
  "growth_rate_net_income": 0.000000
}
