{
  "ticker": "GTY",
  "valuation": {
    "PE_valuation": 19.705835, 
    "DFC_valuation": 107.972471
  },
  "ratios": {
    "ROIC": 8.959936,
    "PB": 2.081740
  },
  "ownerEarnings": 180081000,
  "growth_rate_revenue": 3.136629,
  "growth_rate_net_income": -8.642537
}
