{
  "ticker": "GVA",
  "valuation": {
    "PE_valuation": -31.732360, 
    "DFC_valuation": -397.769602
  },
  "ratios": {
    "ROIC": 5.615943,
    "PB": 1.618161
  },
  "ownerEarnings": 268844000,
  "growth_rate_revenue": 7.255100,
  "growth_rate_net_income": -10.444560
}
