{
  "ticker": "HAIN",
  "valuation": {
    "PE_valuation": -564.302151, 
    "DFC_valuation": 22296.863823
  },
  "ratios": {
    "ROIC": -3.762402,
    "PB": 1.098670
  },
  "ownerEarnings": 173754000,
  "growth_rate_revenue": 114.432053,
  "growth_rate_net_income": -51.696429
}
