{
  "ticker": "HAL",
  "valuation": {
    "PE_valuation": 62.406276, 
    "DFC_valuation": 8190.932973
  },
  "ratios": {
    "ROIC": 0.000000,
    "PB": 0.000000
  },
  "ownerEarnings": 6883000000,
  "growth_rate_revenue": 13.186011,
  "growth_rate_net_income": -455.723188
}
