{
  "ticker": "HALL",
  "valuation": {
    "PE_valuation": 31.947653, 
    "DFC_valuation": -203584097.608160
  },
  "ratios": {
    "ROIC": 20.037997,
    "PB": 17.322851
  },
  "ownerEarnings": 204404000,
  "growth_rate_revenue": 434.779953,
  "growth_rate_net_income": -99.583333
}
