{
  "ticker": "HAS",
  "valuation": {
    "PE_valuation": 99.908133, 
    "DFC_valuation": 158.547431
  },
  "ratios": {
    "ROIC": 4.608035,
    "PB": 2.821107
  },
  "ownerEarnings": 738400000,
  "growth_rate_revenue": 5.389005,
  "growth_rate_net_income": 5.773117
}
