{
  "ticker": "HASI",
  "valuation": {
    "PE_valuation": 44.327288, 
    "DFC_valuation": -31.282961
  },
  "ratios": {
    "ROIC": 3.036543,
    "PB": 1.556418
  },
  "ownerEarnings": 256103000,
  "growth_rate_revenue": 196.799361,
  "growth_rate_net_income": -223.858649
}
