{
  "ticker": "HAYN",
  "valuation": {
    "PE_valuation": 40.023009, 
    "DFC_valuation": -260.414668
  },
  "ratios": {
    "ROIC": 8.467579,
    "PB": 1.346022
  },
  "ownerEarnings": 77527000,
  "growth_rate_revenue": 3.863205,
  "growth_rate_net_income": -368.496450
}
