{
  "ticker": "HBCP",
  "valuation": {
    "PE_valuation": 94.252016, 
    "DFC_valuation": 1484.514237
  },
  "ratios": {
    "ROIC": 5.814998,
    "PB": 1.016602
  },
  "ownerEarnings": 55493000,
  "growth_rate_revenue": 23.553861,
  "growth_rate_net_income": 11.507174
}
