{
  "ticker": "HCA",
  "valuation": {
    "PE_valuation": 5758.863860, 
    "DFC_valuation": 2569383.043498
  },
  "ratios": {
    "ROIC": 18.666672,
    "PB": -24.054824
  },
  "ownerEarnings": 14893000000,
  "growth_rate_revenue": 361.992906,
  "growth_rate_net_income": 521.975133
}
