{
  "ticker": "HCDI",
  "valuation": {
    "PE_valuation": 4.113389, 
    "DFC_valuation": -8630.344173
  },
  "ratios": {
    "ROIC": -5.901915,
    "PB": 0.068694
  },
  "ownerEarnings": -2957100,
  "growth_rate_revenue": 107.765544,
  "growth_rate_net_income": -638.988699
}
