{
  "ticker": "HCHC",
  "valuation": {
    "PE_valuation": 11.044022, 
    "DFC_valuation": -295.047534
  },
  "ratios": {
    "ROIC": 0.208591,
    "PB": 0.292922
  },
  "ownerEarnings": 56900000,
  "growth_rate_revenue": 61.063517,
  "growth_rate_net_income": 149.120682
}
