{
  "ticker": "HCICU",
  "valuation": {
    "PE_valuation": 0.000000, 
    "DFC_valuation": -3.574317
  },
  "ratios": {
    "ROIC": -23438.999390,
    "PB": -13334.579648
  },
  "ownerEarnings": 1054000,
  "growth_rate_revenue": 0.000000,
  "growth_rate_net_income": 0.000000
}
