{
  "ticker": "HCII",
  "valuation": {
    "PE_valuation": 0.000000, 
    "DFC_valuation": -1.909300
  },
  "ratios": {
    "ROIC": -788.673411,
    "PB": -19141.851312
  },
  "ownerEarnings": 4106992,
  "growth_rate_revenue": 0.000000,
  "growth_rate_net_income": 0.000000
}
