{
  "ticker": "HCM",
  "valuation": {
    "PE_valuation": 168.530974, 
    "DFC_valuation": -173.017494
  },
  "ratios": {
    "ROIC": -45.323155,
    "PB": 4.102706
  },
  "ownerEarnings": -394093000,
  "growth_rate_revenue": 36.173391,
  "growth_rate_net_income": 12.931579
}
