{
  "ticker": "HCSG",
  "valuation": {
    "PE_valuation": 153.243610, 
    "DFC_valuation": -4281.245156
  },
  "ratios": {
    "ROIC": 8.792523,
    "PB": 2.093127
  },
  "ownerEarnings": 55868000,
  "growth_rate_revenue": 33.318159,
  "growth_rate_net_income": 42.440476
}
