{
  "ticker": "HD",
  "valuation": {
    "PE_valuation": 9041.379916, 
    "DFC_valuation": 2018156.477695
  },
  "ratios": {
    "ROIC": 30.955348,
    "PB": 205.603892
  },
  "ownerEarnings": 26012000000,
  "growth_rate_revenue": 50.473065,
  "growth_rate_net_income": 112.877193
}
