{
  "ticker": "HEI-A",
  "valuation": {
    "PE_valuation": 2009.808107, 
    "DFC_valuation": 221328.850651
  },
  "ratios": {
    "ROIC": 8.824323,
    "PB": 6.805652
  },
  "ownerEarnings": 675513000,
  "growth_rate_revenue": -0.521162,
  "growth_rate_net_income": 18.127512
}
