{
  "ticker": "HFBL",
  "valuation": {
    "PE_valuation": 49.248528, 
    "DFC_valuation": 798.875893
  },
  "ratios": {
    "ROIC": 9.652745,
    "PB": 0.839113
  },
  "ownerEarnings": 6440000,
  "growth_rate_revenue": 6.297355,
  "growth_rate_net_income": -215.578774
}
