{
  "ticker": "HFFG",
  "valuation": {
    "PE_valuation": 0.297991, 
    "DFC_valuation": 48.560073
  },
  "ratios": {
    "ROIC": -193.494865,
    "PB": 0.747924
  },
  "ownerEarnings": -6391000,
  "growth_rate_revenue": 41.336120,
  "growth_rate_net_income": -1678.147618
}
