{
  "ticker": "HFWA",
  "valuation": {
    "PE_valuation": 114.006099, 
    "DFC_valuation": 1477.202057
  },
  "ratios": {
    "ROIC": 9.992482,
    "PB": 1.348013
  },
  "ownerEarnings": 85187000,
  "growth_rate_revenue": 16.478108,
  "growth_rate_net_income": 20.648733
}
