{
  "ticker": "HHR",
  "valuation": {
    "PE_valuation": 5066.649094, 
    "DFC_valuation": 25021.513559
  },
  "ratios": {
    "ROIC": 33.260833,
    "PB": 8.690322
  },
  "ownerEarnings": 8167732000,
  "growth_rate_revenue": 52.052943,
  "growth_rate_net_income": 87.681848
}
