{
  "ticker": "HHS",
  "valuation": {
    "PE_valuation": 1.822803, 
    "DFC_valuation": 182.178272
  },
  "ratios": {
    "ROIC": 45.336466,
    "PB": 4.601050
  },
  "ownerEarnings": 39181000,
  "growth_rate_revenue": 11.219168,
  "growth_rate_net_income": -438.907011
}
