{
  "ticker": "HI",
  "valuation": {
    "PE_valuation": 18.608830, 
    "DFC_valuation": 86.995711
  },
  "ratios": {
    "ROIC": 1.572661,
    "PB": 1.811469
  },
  "ownerEarnings": 38600000,
  "growth_rate_revenue": -13.919240,
  "growth_rate_net_income": 54.090744
}
