{
  "ticker": "HIW",
  "valuation": {
    "PE_valuation": 97.013474, 
    "DFC_valuation": 26756.335814
  },
  "ratios": {
    "ROIC": 1.525904,
    "PB": 1.187540
  },
  "ownerEarnings": 495381000,
  "growth_rate_revenue": 141.653938,
  "growth_rate_net_income": 137.552828
}
