{
  "ticker": "HL",
  "valuation": {
    "PE_valuation": 6.727574, 
    "DFC_valuation": -33.894894
  },
  "ratios": {
    "ROIC": 0.935377,
    "PB": 1.565884
  },
  "ownerEarnings": 397589000,
  "growth_rate_revenue": 17.010054,
  "growth_rate_net_income": -10.091392
}
