{
  "ticker": "HLF",
  "valuation": {
    "PE_valuation": 91.343916, 
    "DFC_valuation": 228.849788
  },
  "ratios": {
    "ROIC": 22.771288,
    "PB": -1.157817
  },
  "ownerEarnings": 802300000,
  "growth_rate_revenue": 19.170757,
  "growth_rate_net_income": -196.675044
}
