{
  "ticker": "HLNE",
  "valuation": {
    "PE_valuation": 109.555295, 
    "DFC_valuation": 636.476238
  },
  "ratios": {
    "ROIC": 24.641585,
    "PB": 6.599381
  },
  "ownerEarnings": 206659000,
  "growth_rate_revenue": 16.509550,
  "growth_rate_net_income": 680.628413
}
