{
  "ticker": "HMHC",
  "valuation": {
    "PE_valuation": -0.033515, 
    "DFC_valuation": 103.030863
  },
  "ratios": {
    "ROIC": 2.069466,
    "PB": 6.220976
  },
  "ownerEarnings": 732650000,
  "growth_rate_revenue": 1.538502,
  "growth_rate_net_income": 16.124853
}
