{
  "ticker": "HMLP",
  "valuation": {
    "PE_valuation": 72.899420, 
    "DFC_valuation": 5786.909225
  },
  "ratios": {
    "ROIC": 9.060501,
    "PB": 0.000000
  },
  "ownerEarnings": 88055000,
  "growth_rate_revenue": 239.720045,
  "growth_rate_net_income": 601.326001
}
