{
  "ticker": "HMY",
  "valuation": {
    "PE_valuation": -24.790877, 
    "DFC_valuation": 24991.639526
  },
  "ratios": {
    "ROIC": 12.798227,
    "PB": 1.387658
  },
  "ownerEarnings": 14106000000,
  "growth_rate_revenue": 66.907135,
  "growth_rate_net_income": 297.503614
}
