{
  "ticker": "HNGR",
  "valuation": {
    "PE_valuation": 258.414130, 
    "DFC_valuation": 14613.416872
  },
  "ratios": {
    "ROIC": 8.718094,
    "PB": 6.244944
  },
  "ownerEarnings": 140625000,
  "growth_rate_revenue": 48.857308,
  "growth_rate_net_income": -394.375000
}
