{
  "ticker": "HNNA",
  "valuation": {
    "PE_valuation": 20.004117, 
    "DFC_valuation": 707.545648
  },
  "ratios": {
    "ROIC": 3.591881,
    "PB": 0.575299
  },
  "ownerEarnings": 3675000,
  "growth_rate_revenue": 78.176774,
  "growth_rate_net_income": 128.376380
}
