{
  "ticker": "HOLI",
  "valuation": {
    "PE_valuation": 44.547975, 
    "DFC_valuation": 0.000000
  },
  "ratios": {
    "ROIC": 6.929628,
    "PB": 0.920825
  },
  "ownerEarnings": 77975000,
  "growth_rate_revenue": 30.931669,
  "growth_rate_net_income": 265.761770
}
