{
  "ticker": "HOME",
  "valuation": {
    "PE_valuation": -113.186603, 
    "DFC_valuation": 647.337510
  },
  "ratios": {
    "ROIC": 15.992248,
    "PB": 3.242875
  },
  "ownerEarnings": 684881000,
  "growth_rate_revenue": 29.519539,
  "growth_rate_net_income": -72.228278
}
