{
  "ticker": "HON",
  "valuation": {
    "PE_valuation": 342.194868, 
    "DFC_valuation": 20468.661554
  },
  "ratios": {
    "ROIC": 0.000000,
    "PB": 0.000000
  },
  "ownerEarnings": 6345000000,
  "growth_rate_revenue": 8.602822,
  "growth_rate_net_income": -85.076232
}
