{
  "ticker": "HONE",
  "valuation": {
    "PE_valuation": 19.577130, 
    "DFC_valuation": 131.658807
  },
  "ratios": {
    "ROIC": 5.944652,
    "PB": 1.047242
  },
  "ownerEarnings": 91975000,
  "growth_rate_revenue": 30.008668,
  "growth_rate_net_income": 68.091720
}
