{
  "ticker": "HOOD",
  "valuation": {
    "PE_valuation": -0.000000, 
    "DFC_valuation": -184.099638
  },
  "ratios": {
    "ROIC": -11.512906,
    "PB": 1.028184
  },
  "ownerEarnings": -1532000000,
  "growth_rate_revenue": 0.000000,
  "growth_rate_net_income": 0.000000
}
