{
  "ticker": "HOVNP",
  "valuation": {
    "PE_valuation": 119.475358, 
    "DFC_valuation": 19981.837062
  },
  "ratios": {
    "ROIC": -208.493378,
    "PB": 0.744084
  },
  "ownerEarnings": 255535000,
  "growth_rate_revenue": 7.663786,
  "growth_rate_net_income": -21.006869
}
