{
  "ticker": "HP",
  "valuation": {
    "PE_valuation": -52.886322, 
    "DFC_valuation": 4809.540328
  },
  "ratios": {
    "ROIC": 11.995854,
    "PB": 1.558173
  },
  "ownerEarnings": 1099488000,
  "growth_rate_revenue": 10.348901,
  "growth_rate_net_income": 66.502400
}
