{
  "ticker": "HPE",
  "valuation": {
    "PE_valuation": 6.472244, 
    "DFC_valuation": 52875044.456104
  },
  "ratios": {
    "ROIC": 5.656326,
    "PB": 0.943189
  },
  "ownerEarnings": 7011000000,
  "growth_rate_revenue": -15.402724,
  "growth_rate_net_income": -36.221199
}
