{
  "ticker": "HPK",
  "valuation": {
    "PE_valuation": 0.000000, 
    "DFC_valuation": -222228.390617
  },
  "ratios": {
    "ROIC": 17.106092,
    "PB": 2.047932
  },
  "ownerEarnings": 1913554000,
  "growth_rate_revenue": 0.000000,
  "growth_rate_net_income": 0.000000
}
