{
  "ticker": "HPQ",
  "valuation": {
    "PE_valuation": 67.417515, 
    "DFC_valuation": 818.805863
  },
  "ratios": {
    "ROIC": 45.628137,
    "PB": -24.433452
  },
  "ownerEarnings": 5570000000,
  "growth_rate_revenue": 19.214013,
  "growth_rate_net_income": 11.943108
}
