{
  "ticker": "HQL",
  "valuation": {
    "PE_valuation": 0.000000, 
    "DFC_valuation": -26056.279922
  },
  "ratios": {
    "ROIC": 5.561180,
    "PB": 0.000000
  },
  "ownerEarnings": 22352248,
  "growth_rate_revenue": 250.556788,
  "growth_rate_net_income": -85.278487
}
