{
  "ticker": "HQY",
  "valuation": {
    "PE_valuation": -68.390290, 
    "DFC_valuation": 478.147890
  },
  "ratios": {
    "ROIC": 0.902628,
    "PB": 2.710586
  },
  "ownerEarnings": 345611000,
  "growth_rate_revenue": 47.475740,
  "growth_rate_net_income": 209.320463
}
