{
  "ticker": "HRC",
  "valuation": {
    "PE_valuation": 270.818655, 
    "DFC_valuation": 927.716495
  },
  "ratios": {
    "ROIC": 8.693051,
    "PB": 5.283077
  },
  "ownerEarnings": 800400000,
  "growth_rate_revenue": 21.825725,
  "growth_rate_net_income": 24.398176
}
