{
  "ticker": "HRL",
  "valuation": {
    "PE_valuation": 88.670578, 
    "DFC_valuation": 382.957820
  },
  "ratios": {
    "ROIC": 7.591686,
    "PB": 2.263638
  },
  "ownerEarnings": 1336568000,
  "growth_rate_revenue": 16.064899,
  "growth_rate_net_income": 19.068061
}
