{
  "ticker": "HRTG",
  "valuation": {
    "PE_valuation": -1197.733609, 
    "DFC_valuation": -90391.971115
  },
  "ratios": {
    "ROIC": -43.967057,
    "PB": 0.361869
  },
  "ownerEarnings": -118012000,
  "growth_rate_revenue": 465.998649,
  "growth_rate_net_income": -189.633820
}
