{
  "ticker": "HSAI",
  "valuation": {
    "PE_valuation": -0.000000, 
    "DFC_valuation": -4059.436307
  },
  "ratios": {
    "ROIC": 12.311246,
    "PB": -5.794780
  },
  "ownerEarnings": -341224000,
  "growth_rate_revenue": 0.000000,
  "growth_rate_net_income": 0.000000
}
