{
  "ticker": "HSC",
  "valuation": {
    "PE_valuation": -16.313276, 
    "DFC_valuation": -15.041316
  },
  "ratios": {
    "ROIC": 3.658290,
    "PB": 0.878072
  },
  "ownerEarnings": 561271000,
  "growth_rate_revenue": 9.579054,
  "growth_rate_net_income": 107.839105
}
