{
  "ticker": "HSCS",
  "valuation": {
    "PE_valuation": -0.000000, 
    "DFC_valuation": -35.202071
  },
  "ratios": {
    "ROIC": -19989.544560,
    "PB": 29.139062
  },
  "ownerEarnings": -490572875,
  "growth_rate_revenue": 0.000000,
  "growth_rate_net_income": 0.000000
}
