{
  "ticker": "HSTM",
  "valuation": {
    "PE_valuation": 298.881187, 
    "DFC_valuation": 32198.616425
  },
  "ratios": {
    "ROIC": 2.536881,
    "PB": 2.278894
  },
  "ownerEarnings": 65312000,
  "growth_rate_revenue": 88.381938,
  "growth_rate_net_income": 45.881405
}
