{
  "ticker": "HTGM",
  "valuation": {
    "PE_valuation": 38.992155, 
    "DFC_valuation": -706.127623
  },
  "ratios": {
    "ROIC": -185.292775,
    "PB": 0.658094
  },
  "ownerEarnings": -20188027,
  "growth_rate_revenue": 68.697222,
  "growth_rate_net_income": 14.634121
}
