{
  "ticker": "HTHT",
  "valuation": {
    "PE_valuation": 2257.565999, 
    "DFC_valuation": 2052.459691
  },
  "ratios": {
    "ROIC": -0.256863,
    "PB": 10.427980
  },
  "ownerEarnings": 3484000000,
  "growth_rate_revenue": 100.093854,
  "growth_rate_net_income": 75.844804
}
