{
  "ticker": "HTLD",
  "valuation": {
    "PE_valuation": 38.743735, 
    "DFC_valuation": 126597.188350
  },
  "ratios": {
    "ROIC": 0.000000,
    "PB": 0.000000
  },
  "ownerEarnings": 258878000,
  "growth_rate_revenue": 34.238656,
  "growth_rate_net_income": 37.813156
}
