{
  "ticker": "HUBC",
  "valuation": {
    "PE_valuation": 65.093175, 
    "DFC_valuation": -17.695874
  },
  "ratios": {
    "ROIC": -240.334594,
    "PB": 164.380483
  },
  "ownerEarnings": -66270000,
  "growth_rate_revenue": 2451.020546,
  "growth_rate_net_income": -616.731554
}
