{
  "ticker": "HUM",
  "valuation": {
    "PE_valuation": 1906.304582, 
    "DFC_valuation": 38033.122962
  },
  "ratios": {
    "ROIC": 11.675184,
    "PB": 4.304925
  },
  "ownerEarnings": 5357000000,
  "growth_rate_revenue": 3.141214,
  "growth_rate_net_income": 599.376924
}
