{
  "ticker": "HURC",
  "valuation": {
    "PE_valuation": 22.162695, 
    "DFC_valuation": -323.239110
  },
  "ratios": {
    "ROIC": 1.755779,
    "PB": 0.584887
  },
  "ownerEarnings": 2700000,
  "growth_rate_revenue": 21.251263,
  "growth_rate_net_income": 133.954892
}
