{
  "ticker": "HVT-A",
  "valuation": {
    "PE_valuation": 77.285149, 
    "DFC_valuation": 225.078459
  },
  "ratios": {
    "ROIC": 12.047033,
    "PB": 1.769313
  },
  "ownerEarnings": 124352000,
  "growth_rate_revenue": 6.499775,
  "growth_rate_net_income": -9.523100
}
