{
  "ticker": "HWCPZ",
  "valuation": {
    "PE_valuation": 343.847239, 
    "DFC_valuation": 38226.819017
  },
  "ratios": {
    "ROIC": 11.097816,
    "PB": 1.245975
  },
  "ownerEarnings": 781062000,
  "growth_rate_revenue": 25.532370,
  "growth_rate_net_income": 36.199383
}
