{
  "ticker": "HYFM",
  "valuation": {
    "PE_valuation": 165.005764, 
    "DFC_valuation": 16.603249
  },
  "ratios": {
    "ROIC": -14.516917,
    "PB": 0.199242
  },
  "ownerEarnings": 120481000,
  "growth_rate_revenue": -333541142149.191956,
  "growth_rate_net_income": -681.214926
}
