{
  "ticker": "HZO",
  "valuation": {
    "PE_valuation": 84.333825, 
    "DFC_valuation": -3742.305344
  },
  "ratios": {
    "ROIC": 6.955794,
    "PB": 0.783100
  },
  "ownerEarnings": 259963000,
  "growth_rate_revenue": 22.017281,
  "growth_rate_net_income": -779.383026
}
