{
  "ticker": "IAC",
  "valuation": {
    "PE_valuation": -1990.987442, 
    "DFC_valuation": -47088.503185
  },
  "ratios": {
    "ROIC": -3.551836,
    "PB": 0.646357
  },
  "ownerEarnings": 1370483000,
  "growth_rate_revenue": 431.208546,
  "growth_rate_net_income": 31.659092
}
