{
  "ticker": "IBA",
  "valuation": {
    "PE_valuation": 6007.161636, 
    "DFC_valuation": 0.000000
  },
  "ratios": {
    "ROIC": 25.001128,
    "PB": 0.942966
  },
  "ownerEarnings": 8639600000,
  "growth_rate_revenue": 21.193754,
  "growth_rate_net_income": 0.083218
}
