{
  "ticker": "IBKR",
  "valuation": {
    "PE_valuation": 204.080983, 
    "DFC_valuation": 7940.133324
  },
  "ratios": {
    "ROIC": 16.383129,
    "PB": 2.552065
  },
  "ownerEarnings": 2012000000,
  "growth_rate_revenue": 25.563400,
  "growth_rate_net_income": 31.555729
}
