{
  "ticker": "IBM",
  "valuation": {
    "PE_valuation": 116.489801, 
    "DFC_valuation": 4764.087487
  },
  "ratios": {
    "ROIC": 0.000000,
    "PB": 0.000000
  },
  "ownerEarnings": 5162000000,
  "growth_rate_revenue": 8.346734,
  "growth_rate_net_income": 3.978552
}
