{
  "ticker": "IBN",
  "valuation": {
    "PE_valuation": 275.229312, 
    "DFC_valuation": 109971.982890
  },
  "ratios": {
    "ROIC": 16.068800,
    "PB": 3.374353
  },
  "ownerEarnings": 1090877786000,
  "growth_rate_revenue": 122.001208,
  "growth_rate_net_income": -111.130728
}
