{
  "ticker": "ICAD",
  "valuation": {
    "PE_valuation": 16.207825, 
    "DFC_valuation": -218.227965
  },
  "ratios": {
    "ROIC": -33.146163,
    "PB": 1.321405
  },
  "ownerEarnings": -14435000,
  "growth_rate_revenue": 111.287833,
  "growth_rate_net_income": -41.307192
}
