{
  "ticker": "ICCM",
  "valuation": {
    "PE_valuation": 128.807131, 
    "DFC_valuation": -102.855293
  },
  "ratios": {
    "ROIC": -63.776058,
    "PB": 2.256937
  },
  "ownerEarnings": -17465000,
  "growth_rate_revenue": 55.102251,
  "growth_rate_net_income": -4.842679
}
