{
  "ticker": "ICD",
  "valuation": {
    "PE_valuation": 10.461041, 
    "DFC_valuation": -636.402422
  },
  "ratios": {
    "ROIC": -0.486369,
    "PB": 0.198382
  },
  "ownerEarnings": 152677000,
  "growth_rate_revenue": 70.182881,
  "growth_rate_net_income": 342.464061
}
