{
  "ticker": "ICUI",
  "valuation": {
    "PE_valuation": -4528.961134, 
    "DFC_valuation": -2184204.453874
  },
  "ratios": {
    "ROIC": -0.147782,
    "PB": 1.798499
  },
  "ownerEarnings": 435579000,
  "growth_rate_revenue": 34.271354,
  "growth_rate_net_income": 18.822852
}
