{
  "ticker": "IDEX",
  "valuation": {
    "PE_valuation": 10267.784111, 
    "DFC_valuation": -615644.828074
  },
  "ratios": {
    "ROIC": -147.172850,
    "PB": 0.575120
  },
  "ownerEarnings": -155665000,
  "growth_rate_revenue": inf,
  "growth_rate_net_income": 451.487433
}
