{
  "ticker": "IDN",
  "valuation": {
    "PE_valuation": 36.762075, 
    "DFC_valuation": -17010.519255
  },
  "ratios": {
    "ROIC": -20.783796,
    "PB": 2.036205
  },
  "ownerEarnings": -5819000,
  "growth_rate_revenue": 109.580126,
  "growth_rate_net_income": 43.080516
}
