{
  "ticker": "IDT",
  "valuation": {
    "PE_valuation": 332.845021, 
    "DFC_valuation": 54789.286724
  },
  "ratios": {
    "ROIC": 14.283326,
    "PB": 3.137850
  },
  "ownerEarnings": 86179000,
  "growth_rate_revenue": 210.815483,
  "growth_rate_net_income": 2087.667685
}
