{
  "ticker": "IEP",
  "valuation": {
    "PE_valuation": 32.308290, 
    "DFC_valuation": 4094470.744855
  },
  "ratios": {
    "ROIC": -4.097951,
    "PB": 1.674555
  },
  "ownerEarnings": 1296000000,
  "growth_rate_revenue": 54.018262,
  "growth_rate_net_income": 45.520736
}
