{
  "ticker": "IFF",
  "valuation": {
    "PE_valuation": -1228.305685, 
    "DFC_valuation": -87370.795358
  },
  "ratios": {
    "ROIC": 0.000000,
    "PB": 0.000000
  },
  "ownerEarnings": 4773000000,
  "growth_rate_revenue": 17.728862,
  "growth_rate_net_income": 22.210378
}
