{
  "ticker": "IGICW",
  "valuation": {
    "PE_valuation": 21.497446, 
    "DFC_valuation": -137.822607
  },
  "ratios": {
    "ROIC": 18.791705,
    "PB": 0.846906
  },
  "ownerEarnings": 80342000,
  "growth_rate_revenue": 20.846430,
  "growth_rate_net_income": 105.922807
}
