{
  "ticker": "IHC",
  "valuation": {
    "PE_valuation": 42.641768, 
    "DFC_valuation": 543.647742
  },
  "ratios": {
    "ROIC": -34.918084,
    "PB": 1.285865
  },
  "ownerEarnings": 23820000,
  "growth_rate_revenue": 8.048658,
  "growth_rate_net_income": 67.488379
}
