{
  "ticker": "IIVIP",
  "valuation": {
    "PE_valuation": -0.000000, 
    "DFC_valuation": 27211191.020544
  },
  "ratios": {
    "ROIC": 1.564295,
    "PB": 1.195083
  },
  "ownerEarnings": 584370000,
  "growth_rate_revenue": 14.810477,
  "growth_rate_net_income": 66.326761
}
