{
  "ticker": "IMACW",
  "valuation": {
    "PE_valuation": 4952.558269, 
    "DFC_valuation": -1291473.712545
  },
  "ratios": {
    "ROIC": -111.854271,
    "PB": 1.212712
  },
  "ownerEarnings": -8320804,
  "growth_rate_revenue": 1503.838686,
  "growth_rate_net_income": 1343.009577
}
