{
  "ticker": "IMAX",
  "valuation": {
    "PE_valuation": 3.882127, 
    "DFC_valuation": -43.449497
  },
  "ratios": {
    "ROIC": 3.500189,
    "PB": 3.154832
  },
  "ownerEarnings": 79480000,
  "growth_rate_revenue": 30.911808,
  "growth_rate_net_income": 355.095021
}
