{
  "ticker": "IMCC",
  "valuation": {
    "PE_valuation": 16.065198, 
    "DFC_valuation": -16695.305560
  },
  "ratios": {
    "ROIC": -70.003611,
    "PB": 0.418510
  },
  "ownerEarnings": -13788000,
  "growth_rate_revenue": -46.677420,
  "growth_rate_net_income": 10.714839
}
