{
  "ticker": "IMCR",
  "valuation": {
    "PE_valuation": 94.578249, 
    "DFC_valuation": -125.868941
  },
  "ratios": {
    "ROIC": -9.788301,
    "PB": 7.735567
  },
  "ownerEarnings": -53851000,
  "growth_rate_revenue": 88.973831,
  "growth_rate_net_income": -18.690234
}
