{
  "ticker": "IMO",
  "valuation": {
    "PE_valuation": 297.600617, 
    "DFC_valuation": 3270.799471
  },
  "ratios": {
    "ROIC": 26.178376,
    "PB": 1.884759
  },
  "ownerEarnings": 12266000000,
  "growth_rate_revenue": 14.193327,
  "growth_rate_net_income": 3.363422
}
