{
  "ticker": "IMTXW",
  "valuation": {
    "PE_valuation": -34.348395, 
    "DFC_valuation": 9404.164619
  },
  "ratios": {
    "ROIC": 11.024210,
    "PB": 2.563625
  },
  "ownerEarnings": 13348000,
  "growth_rate_revenue": 191.791464,
  "growth_rate_net_income": 81.372637
}
