{
  "ticker": "INBK",
  "valuation": {
    "PE_valuation": 103.232560, 
    "DFC_valuation": 3332.299247
  },
  "ratios": {
    "ROIC": 7.479532,
    "PB": 0.634047
  },
  "ownerEarnings": 162582000,
  "growth_rate_revenue": 14.352044,
  "growth_rate_net_income": -145.517958
}
