{
  "ticker": "INBX",
  "valuation": {
    "PE_valuation": 12.833224, 
    "DFC_valuation": -166.066806
  },
  "ratios": {
    "ROIC": -48.355985,
    "PB": 17.022256
  },
  "ownerEarnings": -131553000,
  "growth_rate_revenue": -14.341765,
  "growth_rate_net_income": 64.523273
}
