{
  "ticker": "INCY",
  "valuation": {
    "PE_valuation": 28262.128759, 
    "DFC_valuation": 1719811306.540737
  },
  "ratios": {
    "ROIC": 8.387109,
    "PB": 4.080292
  },
  "ownerEarnings": 382802000,
  "growth_rate_revenue": 1593.315390,
  "growth_rate_net_income": -57.360158
}
