{
  "ticker": "INM",
  "valuation": {
    "PE_valuation": 692.173575, 
    "DFC_valuation": -21982017.257869
  },
  "ratios": {
    "ROIC": -63621.128453,
    "PB": 0.187507
  },
  "ownerEarnings": -8176023279,
  "growth_rate_revenue": 701.673243,
  "growth_rate_net_income": -9.737814
}
