{
  "ticker": "INOV",
  "valuation": {
    "PE_valuation": 11.212856, 
    "DFC_valuation": 54.683697
  },
  "ratios": {
    "ROIC": 6.268505,
    "PB": 3.838519
  },
  "ownerEarnings": 306080000,
  "growth_rate_revenue": 16.186429,
  "growth_rate_net_income": 30.611229
}
