{
  "ticker": "INPX",
  "valuation": {
    "PE_valuation": 7.092316, 
    "DFC_valuation": -182.657971
  },
  "ratios": {
    "ROIC": -91.068943,
    "PB": 0.123132
  },
  "ownerEarnings": 4512000,
  "growth_rate_revenue": 266.025928,
  "growth_rate_net_income": 657.750386
}
