{
  "ticker": "INSP",
  "valuation": {
    "PE_valuation": 1151.946393, 
    "DFC_valuation": 816.572417
  },
  "ratios": {
    "ROIC": -9.416378,
    "PB": 14.255238
  },
  "ownerEarnings": -89402000,
  "growth_rate_revenue": 89.708751,
  "growth_rate_net_income": 32.592426
}
