{
  "ticker": "INT",
  "valuation": {
    "PE_valuation": 10007.580770, 
    "DFC_valuation": 212695952.106432
  },
  "ratios": {
    "ROIC": 7.709358,
    "PB": 0.857806
  },
  "ownerEarnings": 523200000,
  "growth_rate_revenue": 153.733471,
  "growth_rate_net_income": 155.454545
}
