{
  "ticker": "INTR",
  "valuation": {
    "PE_valuation": -7.285195, 
    "DFC_valuation": 23097.307905
  },
  "ratios": {
    "ROIC": 1.047732,
    "PB": 4.660507
  },
  "ownerEarnings": 4391788000,
  "growth_rate_revenue": 47.231231,
  "growth_rate_net_income": 7.536417
}
