{
  "ticker": "INVH",
  "valuation": {
    "PE_valuation": 72.880380, 
    "DFC_valuation": 123.782438
  },
  "ratios": {
    "ROIC": 3.543378,
    "PB": 1.756195
  },
  "ownerEarnings": 1715759000,
  "growth_rate_revenue": 29.345963,
  "growth_rate_net_income": -700.983785
}
