{
  "ticker": "IOSP",
  "valuation": {
    "PE_valuation": 192.583318, 
    "DFC_valuation": 180.320559
  },
  "ratios": {
    "ROIC": 11.931502,
    "PB": 2.450587
  },
  "ownerEarnings": 212500000,
  "growth_rate_revenue": 0.539608,
  "growth_rate_net_income": 165.962883
}
