{
  "ticker": "IPDN",
  "valuation": {
    "PE_valuation": 1.804583, 
    "DFC_valuation": -16.724317
  },
  "ratios": {
    "ROIC": -89.908988,
    "PB": 6.630904
  },
  "ownerEarnings": -2743444,
  "growth_rate_revenue": 105.825924,
  "growth_rate_net_income": 240.927327
}
