{
  "ticker": "IPG",
  "valuation": {
    "PE_valuation": 129.141943, 
    "DFC_valuation": 26901.172868
  },
  "ratios": {
    "ROIC": 10.562207,
    "PB": 3.574897
  },
  "ownerEarnings": 1742000000,
  "growth_rate_revenue": 19.661375,
  "growth_rate_net_income": 21.270022
}
