{
  "ticker": "IPHA",
  "valuation": {
    "PE_valuation": 32.002631, 
    "DFC_valuation": -1365.532706
  },
  "ratios": {
    "ROIC": -20.228677,
    "PB": 5.137815
  },
  "ownerEarnings": 35817000,
  "growth_rate_revenue": 103.334915,
  "growth_rate_net_income": 24.623167
}
