{
  "ticker": "IPLDP",
  "valuation": {
    "PE_valuation": 11.012090, 
    "DFC_valuation": -201.226382
  },
  "ratios": {
    "ROIC": 5.000449,
    "PB": 1.458129
  },
  "ownerEarnings": 1623000000,
  "growth_rate_revenue": 25.453443,
  "growth_rate_net_income": 32.458272
}
