{
  "ticker": "IPW",
  "valuation": {
    "PE_valuation": -12.035089, 
    "DFC_valuation": 34.011413
  },
  "ratios": {
    "ROIC": -22.365274,
    "PB": 1.564635
  },
  "ownerEarnings": -5044958,
  "growth_rate_revenue": 17.261225,
  "growth_rate_net_income": -286.742841
}
