{
  "ticker": "IRMD",
  "valuation": {
    "PE_valuation": 93.240423, 
    "DFC_valuation": 146.913455
  },
  "ratios": {
    "ROIC": 15.866460,
    "PB": 4.824135
  },
  "ownerEarnings": 12872757,
  "growth_rate_revenue": 40.328982,
  "growth_rate_net_income": 69.083431
}
