{
  "ticker": "IRS-WT",
  "valuation": {
    "PE_valuation": 45399.440981, 
    "DFC_valuation": 40733561.894371
  },
  "ratios": {
    "ROIC": 78.218411,
    "PB": 0.426614
  },
  "ownerEarnings": 27937000000,
  "growth_rate_revenue": 6.712181,
  "growth_rate_net_income": 183.045843
}
