{
  "ticker": "IRT",
  "valuation": {
    "PE_valuation": 44119.560287, 
    "DFC_valuation": 33363089968.876980
  },
  "ratios": {
    "ROIC": 0.315113,
    "PB": 1.040502
  },
  "ownerEarnings": 306315000,
  "growth_rate_revenue": 40431.631736,
  "growth_rate_net_income": -639.291836
}
