{
  "ticker": "IRTC",
  "valuation": {
    "PE_valuation": 562.788883, 
    "DFC_valuation": -2352.812590
  },
  "ratios": {
    "ROIC": -18.712452,
    "PB": 11.685009
  },
  "ownerEarnings": -84609000,
  "growth_rate_revenue": 73.097503,
  "growth_rate_net_income": 38.391270
}
