{
  "ticker": "ISD",
  "valuation": {
    "PE_valuation": 0.000000, 
    "DFC_valuation": 139.575925
  },
  "ratios": {
    "ROIC": 3.399592,
    "PB": 0.000000
  },
  "ownerEarnings": 20005451,
  "growth_rate_revenue": 638.683895,
  "growth_rate_net_income": 731.333986
}
