{
  "ticker": "ISTR",
  "valuation": {
    "PE_valuation": 141.533394, 
    "DFC_valuation": 1502.838679
  },
  "ratios": {
    "ROIC": 6.029154,
    "PB": 1.006323
  },
  "ownerEarnings": 68661000,
  "growth_rate_revenue": 38.568810,
  "growth_rate_net_income": 70.835123
}
