{
  "ticker": "IT",
  "valuation": {
    "PE_valuation": 4149.194965, 
    "DFC_valuation": 91700.178071
  },
  "ratios": {
    "ROIC": 21.187605,
    "PB": 118.311104
  },
  "ownerEarnings": 1220574000,
  "growth_rate_revenue": 50.222777,
  "growth_rate_net_income": 137.709717
}
