{
  "ticker": "ITCI",
  "valuation": {
    "PE_valuation": 401.152982, 
    "DFC_valuation": -65434.604410
  },
  "ratios": {
    "ROIC": -37.869915,
    "PB": 7.586004
  },
  "ownerEarnings": -312587000,
  "growth_rate_revenue": 15.249584,
  "growth_rate_net_income": 78.174095
}
