{
  "ticker": "ITIC",
  "valuation": {
    "PE_valuation": 939.733637, 
    "DFC_valuation": 122809.011776
  },
  "ratios": {
    "ROIC": 9.385172,
    "PB": 1.161368
  },
  "ownerEarnings": 31661000,
  "growth_rate_revenue": 13.705624,
  "growth_rate_net_income": 11.596172
}
