{
  "ticker": "ITMR",
  "valuation": {
    "PE_valuation": 25.693876, 
    "DFC_valuation": -14.269297
  },
  "ratios": {
    "ROIC": -25.916257,
    "PB": 6.385198
  },
  "ownerEarnings": -7450000,
  "growth_rate_revenue": 11.686601,
  "growth_rate_net_income": -556.771424
}
