{
  "ticker": "IVZ",
  "valuation": {
    "PE_valuation": -13.884802, 
    "DFC_valuation": 199725.807426
  },
  "ratios": {
    "ROIC": 0.000000,
    "PB": 0.000000
  },
  "ownerEarnings": -701400000,
  "growth_rate_revenue": 27.833163,
  "growth_rate_net_income": -5.017447
}
