{
  "ticker": "J",
  "valuation": {
    "PE_valuation": 2027.129976, 
    "DFC_valuation": 166458.850432
  },
  "ratios": {
    "ROIC": 7.816715,
    "PB": 2.639975
  },
  "ownerEarnings": 1265920000,
  "growth_rate_revenue": 49.898824,
  "growth_rate_net_income": 62.559524
}
