{
  "ticker": "JAN",
  "valuation": {
    "PE_valuation": -1.346760, 
    "DFC_valuation": -206.081270
  },
  "ratios": {
    "ROIC": 13.990680,
    "PB": 0.256634
  },
  "ownerEarnings": 4794000,
  "growth_rate_revenue": 25.653294,
  "growth_rate_net_income": 71.500000
}
