{
  "ticker": "JBHT",
  "valuation": {
    "PE_valuation": 3289.633886, 
    "DFC_valuation": 103259.323187
  },
  "ratios": {
    "ROIC": 10.545515,
    "PB": 4.933144
  },
  "ownerEarnings": 1888452000,
  "growth_rate_revenue": 44.039841,
  "growth_rate_net_income": 20.077480
}
