{
  "ticker": "JBT",
  "valuation": {
    "PE_valuation": 131.702588, 
    "DFC_valuation": 94.025598
  },
  "ratios": {
    "ROIC": 7.754859,
    "PB": 3.387690
  },
  "ownerEarnings": 324600000,
  "growth_rate_revenue": 3.998150,
  "growth_rate_net_income": -0.918006
}
