{
  "ticker": "JD",
  "valuation": {
    "PE_valuation": 966.272482, 
    "DFC_valuation": 116129.773158
  },
  "ratios": {
    "ROIC": 4.578060,
    "PB": 2.819088
  },
  "ownerEarnings": 30706000000,
  "growth_rate_revenue": 82.597687,
  "growth_rate_net_income": 2468.524132
}
