{
  "ticker": "JE",
  "valuation": {
    "PE_valuation": -2.243468, 
    "DFC_valuation": -269.852290
  },
  "ratios": {
    "ROIC": 2.690597,
    "PB": 0.290456
  },
  "ownerEarnings": 777082000,
  "growth_rate_revenue": 32.625277,
  "growth_rate_net_income": -151.670797
}
