{
  "ticker": "JEF",
  "valuation": {
    "PE_valuation": 37.374396, 
    "DFC_valuation": -5603.636559
  },
  "ratios": {
    "ROIC": 11.241100,
    "PB": 0.000000
  },
  "ownerEarnings": 5812561000,
  "growth_rate_revenue": 35.839943,
  "growth_rate_net_income": -8.489617
}
