{
  "ticker": "JKHY",
  "valuation": {
    "PE_valuation": 3693.724191, 
    "DFC_valuation": 224001.375485
  },
  "ratios": {
    "ROIC": 16.402647,
    "PB": 7.585510
  },
  "ownerEarnings": 566206000,
  "growth_rate_revenue": 25.992894,
  "growth_rate_net_income": -182.325175
}
