{
  "ticker": "JMPNZ",
  "valuation": {
    "PE_valuation": 27.463920, 
    "DFC_valuation": 287.072873
  },
  "ratios": {
    "ROIC": 65.050236,
    "PB": 7.224345
  },
  "ownerEarnings": -1653000,
  "growth_rate_revenue": 383.310791,
  "growth_rate_net_income": -534.472703
}
