{
  "ticker": "JNPR",
  "valuation": {
    "PE_valuation": 2644.412372, 
    "DFC_valuation": 81364724.779327
  },
  "ratios": {
    "ROIC": 0.000000,
    "PB": 0.000000
  },
  "ownerEarnings": 442000000,
  "growth_rate_revenue": 794.521126,
  "growth_rate_net_income": -316.132961
}
