{
  "ticker": "JOFFW",
  "valuation": {
    "PE_valuation": 0.000000, 
    "DFC_valuation": -3.782071
  },
  "ratios": {
    "ROIC": -699.548474,
    "PB": -17697.719697
  },
  "ownerEarnings": 15152975,
  "growth_rate_revenue": 0.000000,
  "growth_rate_net_income": 0.000000
}
