{
  "ticker": "JP",
  "valuation": {
    "PE_valuation": 15.612843, 
    "DFC_valuation": -2462.040615
  },
  "ratios": {
    "ROIC": -0.940348,
    "PB": 0.818999
  },
  "ownerEarnings": -213772381,
  "growth_rate_revenue": 132.483043,
  "growth_rate_net_income": 97.377436
}
