{
  "ticker": "JRJC",
  "valuation": {
    "PE_valuation": 297.133522, 
    "DFC_valuation": -49392.609843
  },
  "ratios": {
    "ROIC": -17.827909,
    "PB": 5.966060
  },
  "ownerEarnings": -10410954,
  "growth_rate_revenue": 320.227375,
  "growth_rate_net_income": 132.428154
}
