{
  "ticker": "JRVR",
  "valuation": {
    "PE_valuation": 14.801320, 
    "DFC_valuation": 425.822758
  },
  "ratios": {
    "ROIC": 4.139106,
    "PB": 1.120610
  },
  "ownerEarnings": 67959000,
  "growth_rate_revenue": 9.995025,
  "growth_rate_net_income": 156.252666
}
