{
  "ticker": "JSM",
  "valuation": {
    "PE_valuation": 21.790961, 
    "DFC_valuation": -365.651397
  },
  "ratios": {
    "ROIC": 3.269371,
    "PB": 0.850238
  },
  "ownerEarnings": 4849000000,
  "growth_rate_revenue": 0.060145,
  "growth_rate_net_income": -3.629178
}
