{
  "ticker": "JUPWW",
  "valuation": {
    "PE_valuation": 53.242661, 
    "DFC_valuation": -765164.702218
  },
  "ratios": {
    "ROIC": -188.340061,
    "PB": 4.640751
  },
  "ownerEarnings": -12910604,
  "growth_rate_revenue": 0.000000,
  "growth_rate_net_income": 0.000000
}
