{
  "ticker": "JW-B",
  "valuation": {
    "PE_valuation": 15.925563, 
    "DFC_valuation": 1277.176256
  },
  "ratios": {
    "ROIC": 5.271646,
    "PB": 2.031403
  },
  "ownerEarnings": 662399000,
  "growth_rate_revenue": 3.223293,
  "growth_rate_net_income": -8.817743
}
