{
  "ticker": "JWN",
  "valuation": {
    "PE_valuation": 57.636766, 
    "DFC_valuation": 1571.722120
  },
  "ratios": {
    "ROIC": 4.719480,
    "PB": 3.990585
  },
  "ownerEarnings": 1704000000,
  "growth_rate_revenue": 21.830263,
  "growth_rate_net_income": 24.912456
}
