{
  "ticker": "JYNT",
  "valuation": {
    "PE_valuation": 70.256699, 
    "DFC_valuation": 777.228264
  },
  "ratios": {
    "ROIC": 2.127311,
    "PB": 6.256396
  },
  "ownerEarnings": 18228383,
  "growth_rate_revenue": 74.686118,
  "growth_rate_net_income": -496.123248
}
