{
  "ticker": "JZXN",
  "valuation": {
    "PE_valuation": -74.442276, 
    "DFC_valuation": -16.687340
  },
  "ratios": {
    "ROIC": -166.264870,
    "PB": 17.844230
  },
  "ownerEarnings": -12697266,
  "growth_rate_revenue": 3.788559,
  "growth_rate_net_income": -489.187181
}
