{
  "ticker": "K",
  "valuation": {
    "PE_valuation": 81.974491, 
    "DFC_valuation": 486.752883
  },
  "ratios": {
    "ROIC": 11.107746,
    "PB": 5.792569
  },
  "ownerEarnings": 2479000000,
  "growth_rate_revenue": 15.139484,
  "growth_rate_net_income": 16.479854
}
