{
  "ticker": "KALU",
  "valuation": {
    "PE_valuation": -25.599994, 
    "DFC_valuation": -983.466204
  },
  "ratios": {
    "ROIC": -3.312338,
    "PB": 1.914163
  },
  "ownerEarnings": 133700000,
  "growth_rate_revenue": -4.964452,
  "growth_rate_net_income": -681.719856
}
