{
  "ticker": "KAMN",
  "valuation": {
    "PE_valuation": -33.568753, 
    "DFC_valuation": -34.225168
  },
  "ratios": {
    "ROIC": -0.123188,
    "PB": 0.913252
  },
  "ownerEarnings": 132026000,
  "growth_rate_revenue": 10.488113,
  "growth_rate_net_income": 21.264549
}
