{
  "ticker": "KAR",
  "valuation": {
    "PE_valuation": 6.131054, 
    "DFC_valuation": -311.592649
  },
  "ratios": {
    "ROIC": 4.622513,
    "PB": 0.712275
  },
  "ownerEarnings": 410700000,
  "growth_rate_revenue": 17.805269,
  "growth_rate_net_income": 146.229878
}
