{
  "ticker": "KBAL",
  "valuation": {
    "PE_valuation": -8.048316, 
    "DFC_valuation": -16499.591147
  },
  "ratios": {
    "ROIC": -2.582271,
    "PB": 1.321747
  },
  "ownerEarnings": 42108000,
  "growth_rate_revenue": 19.549790,
  "growth_rate_net_income": 23.673288
}
