{
  "ticker": "KBH",
  "valuation": {
    "PE_valuation": 214.446466, 
    "DFC_valuation": 1538.314166
  },
  "ratios": {
    "ROIC": 18.853046,
    "PB": 1.105437
  },
  "ownerEarnings": 1209497000,
  "growth_rate_revenue": 39.245639,
  "growth_rate_net_income": 25.478877
}
