{
  "ticker": "KBR",
  "valuation": {
    "PE_valuation": 21.850153, 
    "DFC_valuation": 129.024681
  },
  "ratios": {
    "ROIC": 6.035589,
    "PB": 4.530370
  },
  "ownerEarnings": 513000000,
  "growth_rate_revenue": 19.539764,
  "growth_rate_net_income": 10.734688
}
