{
  "ticker": "KC",
  "valuation": {
    "PE_valuation": 890.028298, 
    "DFC_valuation": -69.126981
  },
  "ratios": {
    "ROIC": -22.209959,
    "PB": 0.701083
  },
  "ownerEarnings": -725873000,
  "growth_rate_revenue": 63.028710,
  "growth_rate_net_income": 43.058044
}
