{
  "ticker": "KD",
  "valuation": {
    "PE_valuation": 15.416123, 
    "DFC_valuation": -653.206828
  },
  "ratios": {
    "ROIC": -10.281135,
    "PB": 2.451349
  },
  "ownerEarnings": 1550000000,
  "growth_rate_revenue": -32.983655,
  "growth_rate_net_income": -1.494930
}
