{
  "ticker": "KELYA",
  "valuation": {
    "PE_valuation": -14.334259, 
    "DFC_valuation": -481.991385
  },
  "ratios": {
    "ROIC": 9.067072,
    "PB": 0.513387
  },
  "ownerEarnings": 419600000,
  "growth_rate_revenue": 13.716971,
  "growth_rate_net_income": 21.944138
}
