{
  "ticker": "KEN",
  "valuation": {
    "PE_valuation": 11.423145, 
    "DFC_valuation": 565.835939
  },
  "ratios": {
    "ROIC": 37.113766,
    "PB": 1.112769
  },
  "ownerEarnings": 2219000000,
  "growth_rate_revenue": 16.814858,
  "growth_rate_net_income": -260.229991
}
