{
  "ticker": "KFFB",
  "valuation": {
    "PE_valuation": 49.140734, 
    "DFC_valuation": 1002.744164
  },
  "ratios": {
    "ROIC": 0.772364,
    "PB": 1.038681
  },
  "ownerEarnings": 1311000,
  "growth_rate_revenue": 1832.639972,
  "growth_rate_net_income": 8.603797
}
