{
  "ticker": "KFY",
  "valuation": {
    "PE_valuation": 156.665129, 
    "DFC_valuation": 1771.079747
  },
  "ratios": {
    "ROIC": 9.598292,
    "PB": 1.485979
  },
  "ownerEarnings": 404526000,
  "growth_rate_revenue": 7.729519,
  "growth_rate_net_income": -504.041436
}
