{
  "ticker": "KHC",
  "valuation": {
    "PE_valuation": 33.710131, 
    "DFC_valuation": 105597.799870
  },
  "ratios": {
    "ROIC": 0.000000,
    "PB": 0.000000
  },
  "ownerEarnings": 5652000000,
  "growth_rate_revenue": 0.781634,
  "growth_rate_net_income": -12.215305
}
