{
  "ticker": "KIM-PL",
  "valuation": {
    "PE_valuation": -1.601038, 
    "DFC_valuation": 6131.946157
  },
  "ratios": {
    "ROIC": -0.932659,
    "PB": 1.370067
  },
  "ownerEarnings": 1543939000,
  "growth_rate_revenue": 36.011008,
  "growth_rate_net_income": -198.506161
}
