{
  "ticker": "KINS",
  "valuation": {
    "PE_valuation": 21.602732, 
    "DFC_valuation": -29327.979500
  },
  "ratios": {
    "ROIC": 7.273764,
    "PB": 0.397331
  },
  "ownerEarnings": 50886004,
  "growth_rate_revenue": 193.661827,
  "growth_rate_net_income": 905.251810
}
