{
  "ticker": "KITT",
  "valuation": {
    "PE_valuation": -0.000000, 
    "DFC_valuation": -100.087329
  },
  "ratios": {
    "ROIC": -38033.577426,
    "PB": 2551.968074
  },
  "ownerEarnings": -9877284446,
  "growth_rate_revenue": 0.000000,
  "growth_rate_net_income": 0.000000
}
