{
  "ticker": "KKR",
  "valuation": {
    "PE_valuation": -4.801954, 
    "DFC_valuation": -711.002043
  },
  "ratios": {
    "ROIC": 2.204817,
    "PB": 1.962456
  },
  "ownerEarnings": 3658934000,
  "growth_rate_revenue": -209.719904,
  "growth_rate_net_income": 7128.551596
}
