{
  "ticker": "KLAC",
  "valuation": {
    "PE_valuation": 7753.470552, 
    "DFC_valuation": 371933.498723
  },
  "ratios": {
    "ROIC": 39.603995,
    "PB": 23.170468
  },
  "ownerEarnings": 3635012000,
  "growth_rate_revenue": 17.834906,
  "growth_rate_net_income": -51.594656
}
