{
  "ticker": "KLIC",
  "valuation": {
    "PE_valuation": 52.548836, 
    "DFC_valuation": 555.997462
  },
  "ratios": {
    "ROIC": 2.455183,
    "PB": 2.346788
  },
  "ownerEarnings": 53408000,
  "growth_rate_revenue": 0.487454,
  "growth_rate_net_income": 284.017073
}
