{
  "ticker": "KLXE",
  "valuation": {
    "PE_valuation": 0.089182, 
    "DFC_valuation": -142.719757
  },
  "ratios": {
    "ROIC": 10.009935,
    "PB": -12.379937
  },
  "ownerEarnings": 156300000,
  "growth_rate_revenue": 21.605479,
  "growth_rate_net_income": -211.438013
}
