{
  "ticker": "KMI",
  "valuation": {
    "PE_valuation": 5.199340, 
    "DFC_valuation": -1294.329634
  },
  "ratios": {
    "ROIC": 0.000000,
    "PB": 0.000000
  },
  "ownerEarnings": 1771000000,
  "growth_rate_revenue": 9.013743,
  "growth_rate_net_income": -404.482606
}
