{
  "ticker": "KMPB",
  "valuation": {
    "PE_valuation": -799.269252, 
    "DFC_valuation": -5977617.828014
  },
  "ratios": {
    "ROIC": 1.431647,
    "PB": 0.479281
  },
  "ownerEarnings": 416800000,
  "growth_rate_revenue": 4011.798025,
  "growth_rate_net_income": -18.522970
}
