{
  "ticker": "KMPR",
  "valuation": {
    "PE_valuation": -75.356859, 
    "DFC_valuation": -674.669424
  },
  "ratios": {
    "ROIC": 0.902495,
    "PB": 1.294126
  },
  "ownerEarnings": 668900000,
  "growth_rate_revenue": 2.784249,
  "growth_rate_net_income": -13.029747
}
