{
  "ticker": "KMT",
  "valuation": {
    "PE_valuation": 38.518986, 
    "DFC_valuation": 349.745565
  },
  "ratios": {
    "ROIC": 7.766239,
    "PB": 1.798583
  },
  "ownerEarnings": 246920000,
  "growth_rate_revenue": 15.068889,
  "growth_rate_net_income": 701.033653
}
