{
  "ticker": "KMX",
  "valuation": {
    "PE_valuation": 455.334820, 
    "DFC_valuation": 66785.541467
  },
  "ratios": {
    "ROIC": 3.234736,
    "PB": 1.953216
  },
  "ownerEarnings": 1948500000,
  "growth_rate_revenue": 57.157549,
  "growth_rate_net_income": 1051.618603
}
