{
  "ticker": "KNSL",
  "valuation": {
    "PE_valuation": 973.639198, 
    "DFC_valuation": 25743.112835
  },
  "ratios": {
    "ROIC": 17.275842,
    "PB": 8.004007
  },
  "ownerEarnings": 170626000,
  "growth_rate_revenue": 46.106439,
  "growth_rate_net_income": 31.443210
}
