{
  "ticker": "KOF",
  "valuation": {
    "PE_valuation": 1905.241159, 
    "DFC_valuation": 28549.880726
  },
  "ratios": {
    "ROIC": 8.173684,
    "PB": 2.215201
  },
  "ownerEarnings": 40856000000,
  "growth_rate_revenue": 38.696978,
  "growth_rate_net_income": 35.654965
}
