{
  "ticker": "KOPN",
  "valuation": {
    "PE_valuation": 2.905401, 
    "DFC_valuation": -51.271477
  },
  "ratios": {
    "ROIC": -71.068752,
    "PB": 4.691913
  },
  "ownerEarnings": -26631844,
  "growth_rate_revenue": 32.702779,
  "growth_rate_net_income": 116.117183
}
