{
  "ticker": "KOS",
  "valuation": {
    "PE_valuation": -29.438041, 
    "DFC_valuation": 44373933.014907
  },
  "ratios": {
    "ROIC": 0.000000,
    "PB": 0.000000
  },
  "ownerEarnings": 2256261000,
  "growth_rate_revenue": 3238.083873,
  "growth_rate_net_income": -167.966397
}
