{
  "ticker": "KPTI",
  "valuation": {
    "PE_valuation": 574.751835, 
    "DFC_valuation": -4863017.616189
  },
  "ratios": {
    "ROIC": -86.224312,
    "PB": -16.712380
  },
  "ownerEarnings": -152856000,
  "growth_rate_revenue": 52.022426,
  "growth_rate_net_income": 84.913084
}
