{
  "ticker": "KRA",
  "valuation": {
    "PE_valuation": 55.893561, 
    "DFC_valuation": 111.218363
  },
  "ratios": {
    "ROIC": 9.790067,
    "PB": 1.864702
  },
  "ownerEarnings": 464889000,
  "growth_rate_revenue": 7.442432,
  "growth_rate_net_income": -8506.178807
}
