{
  "ticker": "KRUS",
  "valuation": {
    "PE_valuation": -1.565630, 
    "DFC_valuation": -340.606310
  },
  "ratios": {
    "ROIC": 0.071184,
    "PB": 5.468552
  },
  "ownerEarnings": 43789000,
  "growth_rate_revenue": 48.615499,
  "growth_rate_net_income": -323.866031
}
