{
  "ticker": "KSS",
  "valuation": {
    "PE_valuation": -6.847902, 
    "DFC_valuation": -8188.812494
  },
  "ratios": {
    "ROIC": 0.476898,
    "PB": 1.004199
  },
  "ownerEarnings": 2193000000,
  "growth_rate_revenue": 28.276446,
  "growth_rate_net_income": 63.543467
}
