{
  "ticker": "KTB",
  "valuation": {
    "PE_valuation": 40.391433, 
    "DFC_valuation": 56.733596
  },
  "ratios": {
    "ROIC": 23.785910,
    "PB": 8.889892
  },
  "ownerEarnings": 361573000,
  "growth_rate_revenue": -3.271246,
  "growth_rate_net_income": 39.506024
}
