{
  "ticker": "KTCC",
  "valuation": {
    "PE_valuation": 10.602654, 
    "DFC_valuation": -332.459061
  },
  "ratios": {
    "ROIC": 3.557411,
    "PB": 0.476306
  },
  "ownerEarnings": 35660000,
  "growth_rate_revenue": 6.666686,
  "growth_rate_net_income": -777.448680
}
