{
  "ticker": "LAB",
  "valuation": {
    "PE_valuation": 6.673735, 
    "DFC_valuation": -78.891075
  },
  "ratios": {
    "ROIC": -194.229827,
    "PB": -1.124588
  },
  "ownerEarnings": -44991000,
  "growth_rate_revenue": 31.802204,
  "growth_rate_net_income": -20.767599
}
