{
  "ticker": "LASR",
  "valuation": {
    "PE_valuation": 46.366862, 
    "DFC_valuation": -64.679956
  },
  "ratios": {
    "ROIC": -17.060836,
    "PB": 1.663612
  },
  "ownerEarnings": -33975000,
  "growth_rate_revenue": 28.637015,
  "growth_rate_net_income": 114.392332
}
