{
  "ticker": "LAUR",
  "valuation": {
    "PE_valuation": 38.066180, 
    "DFC_valuation": 13599.816525
  },
  "ratios": {
    "ROIC": 3.613634,
    "PB": 2.082884
  },
  "ownerEarnings": 249624000,
  "growth_rate_revenue": 113.774184,
  "growth_rate_net_income": -141.534250
}
