{
  "ticker": "LAZR",
  "valuation": {
    "PE_valuation": 22.619536, 
    "DFC_valuation": -84.483754
  },
  "ratios": {
    "ROIC": -70.142475,
    "PB": -66.787184
  },
  "ownerEarnings": -567723000,
  "growth_rate_revenue": 0.000000,
  "growth_rate_net_income": 0.000000
}
