{
  "ticker": "LBRDA",
  "valuation": {
    "PE_valuation": 344.333520, 
    "DFC_valuation": -1072.351878
  },
  "ratios": {
    "ROIC": 8.446880,
    "PB": 1.411575
  },
  "ownerEarnings": 1138000000,
  "growth_rate_revenue": -36.184711,
  "growth_rate_net_income": -513.761885
}
