{
  "ticker": "LBRT",
  "valuation": {
    "PE_valuation": 51.962047, 
    "DFC_valuation": 13414.756366
  },
  "ratios": {
    "ROIC": 0.000000,
    "PB": 0.000000
  },
  "ownerEarnings": 3957156000,
  "growth_rate_revenue": 66.340299,
  "growth_rate_net_income": -47.566128
}
