{
  "ticker": "LC",
  "valuation": {
    "PE_valuation": -176.043052, 
    "DFC_valuation": 122270.886647
  },
  "ratios": {
    "ROIC": 20.915809,
    "PB": 0.782634
  },
  "ownerEarnings": 336635000,
  "growth_rate_revenue": 226.835422,
  "growth_rate_net_income": 507.895314
}
