{
  "ticker": "LCII",
  "valuation": {
    "PE_valuation": 2823.963119, 
    "DFC_valuation": 641738.163630
  },
  "ratios": {
    "ROIC": 13.783927,
    "PB": 1.698500
  },
  "ownerEarnings": 686278000,
  "growth_rate_revenue": 17.277009,
  "growth_rate_net_income": 75.165598
}
