{
  "ticker": "LCNB",
  "valuation": {
    "PE_valuation": 35.373131, 
    "DFC_valuation": 281.580602
  },
  "ratios": {
    "ROIC": 8.553166,
    "PB": 1.023534
  },
  "ownerEarnings": 34647000,
  "growth_rate_revenue": 13.745504,
  "growth_rate_net_income": 5.662780
}
