{
  "ticker": "LDOS",
  "valuation": {
    "PE_valuation": 134.007659, 
    "DFC_valuation": 526.473367
  },
  "ratios": {
    "ROIC": 8.215057,
    "PB": 3.352182
  },
  "ownerEarnings": 1541000000,
  "growth_rate_revenue": 16.601105,
  "growth_rate_net_income": 31.753250
}
