{
  "ticker": "LEA",
  "valuation": {
    "PE_valuation": 361.587577, 
    "DFC_valuation": 2748.694676
  },
  "ratios": {
    "ROIC": 5.915237,
    "PB": 1.516858
  },
  "ownerEarnings": 1229800000,
  "growth_rate_revenue": 46.150223,
  "growth_rate_net_income": -105.544402
}
