{
  "ticker": "LEGH",
  "valuation": {
    "PE_valuation": 33.923571, 
    "DFC_valuation": -20.242423
  },
  "ratios": {
    "ROIC": 16.495948,
    "PB": 1.208633
  },
  "ownerEarnings": 64880000,
  "growth_rate_revenue": 15.732497,
  "growth_rate_net_income": 32.666781
}
