{
  "ticker": "LEJU",
  "valuation": {
    "PE_valuation": 2.007209, 
    "DFC_valuation": -91.422921
  },
  "ratios": {
    "ROIC": -11.622182,
    "PB": 0.342381
  },
  "ownerEarnings": 163745114,
  "growth_rate_revenue": 45.474953,
  "growth_rate_net_income": -100.744130
}
