{
  "ticker": "LEN-B",
  "valuation": {
    "PE_valuation": 2271.639412, 
    "DFC_valuation": 560711.651290
  },
  "ratios": {
    "ROIC": 14.317951,
    "PB": 1.363479
  },
  "ownerEarnings": 4612097000,
  "growth_rate_revenue": 13.763236,
  "growth_rate_net_income": 15.350912
}
