{
  "ticker": "LEU",
  "valuation": {
    "PE_valuation": 3.505170, 
    "DFC_valuation": 46.610960
  },
  "ratios": {
    "ROIC": 57.670912,
    "PB": -6.400006
  },
  "ownerEarnings": 51500000,
  "growth_rate_revenue": 2.216249,
  "growth_rate_net_income": 174.064609
}
