{
  "ticker": "LEVLP",
  "valuation": {
    "PE_valuation": 54.853923, 
    "DFC_valuation": 15.636394
  },
  "ratios": {
    "ROIC": 1.750291,
    "PB": 1.242710
  },
  "ownerEarnings": 49248000,
  "growth_rate_revenue": 23.942611,
  "growth_rate_net_income": 15.534745
}
