{
  "ticker": "LFC",
  "valuation": {
    "PE_valuation": 293.937601, 
    "DFC_valuation": 26184.077415
  },
  "ratios": {
    "ROIC": 0.000000,
    "PB": 0.619438
  },
  "ownerEarnings": 71388000000,
  "growth_rate_revenue": 25.697825,
  "growth_rate_net_income": -135.542378
}
