{
  "ticker": "LFCR",
  "valuation": {
    "PE_valuation": 156.624743, 
    "DFC_valuation": -9575.041651
  },
  "ratios": {
    "ROIC": -21.494848,
    "PB": -133.200915
  },
  "ownerEarnings": 30895000,
  "growth_rate_revenue": 255.336179,
  "growth_rate_net_income": 111.932557
}
