{
  "ticker": "LGF-B",
  "valuation": {
    "PE_valuation": 1214.841438, 
    "DFC_valuation": -51335.128738
  },
  "ratios": {
    "ROIC": 0.331590,
    "PB": 3.015426
  },
  "ownerEarnings": 3856400000,
  "growth_rate_revenue": 67.465022,
  "growth_rate_net_income": 225.987614
}
