{
  "ticker": "LGTO",
  "valuation": {
    "PE_valuation": 0.000000, 
    "DFC_valuation": -345.120954
  },
  "ratios": {
    "ROIC": 0.000000,
    "PB": 0.000000
  },
  "ownerEarnings": 4627526000,
  "growth_rate_revenue": 0.000000,
  "growth_rate_net_income": 0.000000
}
