{
  "ticker": "LILA",
  "valuation": {
    "PE_valuation": 9.871601, 
    "DFC_valuation": 14.445396
  },
  "ratios": {
    "ROIC": 11.670225,
    "PB": 0.874193
  },
  "ownerEarnings": 2833800000,
  "growth_rate_revenue": 38.325645,
  "growth_rate_net_income": -99.489291
}
