{
  "ticker": "LIN",
  "valuation": {
    "PE_valuation": 1321.108042, 
    "DFC_valuation": 8003.285984
  },
  "ratios": {
    "ROIC": 6.766546,
    "PB": 4.072247
  },
  "ownerEarnings": 11268000000,
  "growth_rate_revenue": 16.938527,
  "growth_rate_net_income": -86.002477
}
