{
  "ticker": "LITE",
  "valuation": {
    "PE_valuation": -34.219838, 
    "DFC_valuation": 170.034932
  },
  "ratios": {
    "ROIC": -3.464735,
    "PB": 2.857840
  },
  "ownerEarnings": 70100000,
  "growth_rate_revenue": 8.285912,
  "growth_rate_net_income": -373.210066
}
