{
  "ticker": "LLNW",
  "valuation": {
    "PE_valuation": 159.545542, 
    "DFC_valuation": -5441.603500
  },
  "ratios": {
    "ROIC": -22.450155,
    "PB": 3.095913
  },
  "ownerEarnings": -23639000,
  "growth_rate_revenue": 226.976496,
  "growth_rate_net_income": 93.308955
}
