{
  "ticker": "LMNX",
  "valuation": {
    "PE_valuation": 1401.361116, 
    "DFC_valuation": 6005490.654616
  },
  "ratios": {
    "ROIC": 48.088664,
    "PB": 2.014171
  },
  "ownerEarnings": 103257000,
  "growth_rate_revenue": 272.033639,
  "growth_rate_net_income": 25.394844
}
