{
  "ticker": "LMRKN",
  "valuation": {
    "PE_valuation": 55.681389, 
    "DFC_valuation": 379.935959
  },
  "ratios": {
    "ROIC": 4.246065,
    "PB": 0.000000
  },
  "ownerEarnings": 86638000,
  "growth_rate_revenue": 71.411797,
  "growth_rate_net_income": 201.469769
}
