{
  "ticker": "LMRKP",
  "valuation": {
    "PE_valuation": 88.968607, 
    "DFC_valuation": 224.710323
  },
  "ratios": {
    "ROIC": 4.246065,
    "PB": 0.000000
  },
  "ownerEarnings": 86638000,
  "growth_rate_revenue": 67.766721,
  "growth_rate_net_income": 335.635523
}
