{
  "ticker": "LNC",
  "valuation": {
    "PE_valuation": 107.819389, 
    "DFC_valuation": 2728.836695
  },
  "ratios": {
    "ROIC": -17.220376,
    "PB": 1.029829
  },
  "ownerEarnings": -7111000000,
  "growth_rate_revenue": 14.727790,
  "growth_rate_net_income": 1.282711
}
