{
  "ticker": "LNN",
  "valuation": {
    "PE_valuation": 593.529102, 
    "DFC_valuation": 5451.818138
  },
  "ratios": {
    "ROIC": 12.030441,
    "PB": 2.996750
  },
  "ownerEarnings": 106520000,
  "growth_rate_revenue": 19.923517,
  "growth_rate_net_income": 68.824561
}
