{
  "ticker": "LOCL",
  "valuation": {
    "PE_valuation": -0.000000, 
    "DFC_valuation": -248757.203969
  },
  "ratios": {
    "ROIC": -35.439012,
    "PB": 0.997992
  },
  "ownerEarnings": -24698000,
  "growth_rate_revenue": 0.000000,
  "growth_rate_net_income": 0.000000
}
