{
  "ticker": "LOGI",
  "valuation": {
    "PE_valuation": 141.355707, 
    "DFC_valuation": 1742.513493
  },
  "ratios": {
    "ROIC": 15.027582,
    "PB": 4.174088
  },
  "ownerEarnings": 545902000,
  "growth_rate_revenue": 21.687962,
  "growth_rate_net_income": 112.436207
}
