{
  "ticker": "LOMA",
  "valuation": {
    "PE_valuation": 1217.485222, 
    "DFC_valuation": 79166.935736
  },
  "ratios": {
    "ROIC": 5.209934,
    "PB": 1.233571
  },
  "ownerEarnings": 91295000000,
  "growth_rate_revenue": 58.170687,
  "growth_rate_net_income": 109.124636
}
