{
  "ticker": "LOV",
  "valuation": {
    "PE_valuation": 6.210133, 
    "DFC_valuation": -478.021745
  },
  "ratios": {
    "ROIC": -24.624036,
    "PB": -2.508787
  },
  "ownerEarnings": -5113000,
  "growth_rate_revenue": 36.368810,
  "growth_rate_net_income": -183.774917
}
