{
  "ticker": "LPI",
  "valuation": {
    "PE_valuation": 226.238691, 
    "DFC_valuation": 20807.776339
  },
  "ratios": {
    "ROIC": 41.915524,
    "PB": 0.771800
  },
  "ownerEarnings": 1794329000,
  "growth_rate_revenue": 77.081516,
  "growth_rate_net_income": 12.624645
}
