{
  "ticker": "LPSN",
  "valuation": {
    "PE_valuation": 6528.020646, 
    "DFC_valuation": -9464195.391801
  },
  "ratios": {
    "ROIC": -25.083193,
    "PB": 11.096307
  },
  "ownerEarnings": -165650000,
  "growth_rate_revenue": 270.157496,
  "growth_rate_net_income": 12260.495445
}
