{
  "ticker": "LPTH",
  "valuation": {
    "PE_valuation": 23.425665, 
    "DFC_valuation": -15134.267478
  },
  "ratios": {
    "ROIC": -6.488704,
    "PB": 1.187971
  },
  "ownerEarnings": 1048848,
  "growth_rate_revenue": 365.347293,
  "growth_rate_net_income": 163.343260
}
