{
  "ticker": "LQDA",
  "valuation": {
    "PE_valuation": 1.338290, 
    "DFC_valuation": -28.267059
  },
  "ratios": {
    "ROIC": 11.278235,
    "PB": -1.107565
  },
  "ownerEarnings": -41491000,
  "growth_rate_revenue": 409.345563,
  "growth_rate_net_income": 32.066693
}
