{
  "ticker": "LQDT",
  "valuation": {
    "PE_valuation": 19.636388, 
    "DFC_valuation": 307.095682
  },
  "ratios": {
    "ROIC": 10.318539,
    "PB": 3.389686
  },
  "ownerEarnings": 23605000,
  "growth_rate_revenue": 44.762468,
  "growth_rate_net_income": 77.347330
}
