{
  "ticker": "LRE",
  "valuation": {
    "PE_valuation": 0.000000, 
    "DFC_valuation": -13879.782178
  },
  "ratios": {
    "ROIC": 3.710262,
    "PB": 0.000000
  },
  "ownerEarnings": 1861731000,
  "growth_rate_revenue": 0.000000,
  "growth_rate_net_income": 0.000000
}
