{
  "ticker": "LSF",
  "valuation": {
    "PE_valuation": 145.230363, 
    "DFC_valuation": -211.847180
  },
  "ratios": {
    "ROIC": -105.190391,
    "PB": 0.341284
  },
  "ownerEarnings": 10444700,
  "growth_rate_revenue": 23.847062,
  "growth_rate_net_income": 26.523221
}
