{
  "ticker": "LSTR",
  "valuation": {
    "PE_valuation": 311.980557, 
    "DFC_valuation": -1.223422
  },
  "ratios": {
    "ROIC": 23.409985,
    "PB": 7.069565
  },
  "ownerEarnings": 314655000,
  "growth_rate_revenue": 13.776055,
  "growth_rate_net_income": 15.891569
}
