{
  "ticker": "LSXMK",
  "valuation": {
    "PE_valuation": 116.224411, 
    "DFC_valuation": 1831.579902
  },
  "ratios": {
    "ROIC": 6.683676,
    "PB": 1.458674
  },
  "ownerEarnings": 2378000000,
  "growth_rate_revenue": 32.438172,
  "growth_rate_net_income": 102.913667
}
