{
  "ticker": "LTH",
  "valuation": {
    "PE_valuation": 0.028610, 
    "DFC_valuation": -149.432737
  },
  "ratios": {
    "ROIC": 0.904726,
    "PB": 1.089837
  },
  "ownerEarnings": 1007451000,
  "growth_rate_revenue": -16.050630,
  "growth_rate_net_income": -366.262119
}
