{
  "ticker": "LTRPA",
  "valuation": {
    "PE_valuation": -0.625382, 
    "DFC_valuation": 1676.699244
  },
  "ratios": {
    "ROIC": 4.670266,
    "PB": -0.358592
  },
  "ownerEarnings": 88000000,
  "growth_rate_revenue": 144.324337,
  "growth_rate_net_income": 2033.639614
}
