{
  "ticker": "LUCY",
  "valuation": {
    "PE_valuation": -0.000000, 
    "DFC_valuation": -29796.874424
  },
  "ratios": {
    "ROIC": -139.015790,
    "PB": 2.487509
  },
  "ownerEarnings": -6798008,
  "growth_rate_revenue": 0.000000,
  "growth_rate_net_income": 0.000000
}
