{
  "ticker": "LULU",
  "valuation": {
    "PE_valuation": 11932.096845, 
    "DFC_valuation": 1864519.469426
  },
  "ratios": {
    "ROIC": 16.109933,
    "PB": 12.268314
  },
  "ownerEarnings": 1813541000,
  "growth_rate_revenue": 105.165260,
  "growth_rate_net_income": 9.679504
}
