{
  "ticker": "LUV",
  "valuation": {
    "PE_valuation": 74.537776, 
    "DFC_valuation": -1211.707286
  },
  "ratios": {
    "ROIC": 3.508556,
    "PB": 1.868280
  },
  "ownerEarnings": 6619000000,
  "growth_rate_revenue": 14.944602,
  "growth_rate_net_income": 30.616839
}
