{
  "ticker": "LVRO",
  "valuation": {
    "PE_valuation": 0.000000, 
    "DFC_valuation": -2694.516702
  },
  "ratios": {
    "ROIC": 11.168510,
    "PB": 4.693114
  },
  "ownerEarnings": 629955000,
  "growth_rate_revenue": 0.000000,
  "growth_rate_net_income": 0.000000
}
