{
  "ticker": "LVS",
  "valuation": {
    "PE_valuation": 72.562756, 
    "DFC_valuation": -391.684155
  },
  "ratios": {
    "ROIC": -4.383439,
    "PB": 9.431041
  },
  "ownerEarnings": 1284000000,
  "growth_rate_revenue": 31.798355,
  "growth_rate_net_income": -91.472930
}
