{
  "ticker": "LW",
  "valuation": {
    "PE_valuation": 166.463443, 
    "DFC_valuation": 21.325731
  },
  "ratios": {
    "ROIC": 12.691758,
    "PB": 11.385531
  },
  "ownerEarnings": 1495800000,
  "growth_rate_revenue": 5.366732,
  "growth_rate_net_income": 9.679180
}
