{
  "ticker": "LX",
  "valuation": {
    "PE_valuation": 30.404143, 
    "DFC_valuation": -56.598153
  },
  "ratios": {
    "ROIC": -1.559946,
    "PB": 0.263679
  },
  "ownerEarnings": -1190758000,
  "growth_rate_revenue": 46.496753,
  "growth_rate_net_income": 74.718236
}
