{
  "ticker": "LXFR",
  "valuation": {
    "PE_valuation": 11.300416, 
    "DFC_valuation": 10.752457
  },
  "ratios": {
    "ROIC": 11.228598,
    "PB": 1.807151
  },
  "ownerEarnings": 61300000,
  "growth_rate_revenue": 1.689821,
  "growth_rate_net_income": 47.582905
}
