{
  "ticker": "LYB",
  "valuation": {
    "PE_valuation": 104.688286, 
    "DFC_valuation": 1139.484454
  },
  "ratios": {
    "ROIC": 15.044788,
    "PB": 2.152264
  },
  "ownerEarnings": 7662000000,
  "growth_rate_revenue": 50.836650,
  "growth_rate_net_income": -442.235027
}
