{
  "ticker": "LYTS",
  "valuation": {
    "PE_valuation": 52.139329, 
    "DFC_valuation": 1995.629175
  },
  "ratios": {
    "ROIC": 13.029039,
    "PB": 1.989196
  },
  "ownerEarnings": 26885000,
  "growth_rate_revenue": 31.838195,
  "growth_rate_net_income": -44.970238
}
