{
  "ticker": "MACU",
  "valuation": {
    "PE_valuation": 0.000000, 
    "DFC_valuation": -5576069.327523
  },
  "ratios": {
    "ROIC": -1314468.497495,
    "PB": -13.459076
  },
  "ownerEarnings": 8382031000000,
  "growth_rate_revenue": 0.000000,
  "growth_rate_net_income": 0.000000
}
