{
  "ticker": "MANU",
  "valuation": {
    "PE_valuation": 3.828849, 
    "DFC_valuation": -133.033849
  },
  "ratios": {
    "ROIC": -1.339148,
    "PB": 30.094337
  },
  "ownerEarnings": 310645000,
  "growth_rate_revenue": 11.966508,
  "growth_rate_net_income": -146.508425
}
