{
  "ticker": "MAR",
  "valuation": {
    "PE_valuation": 165.221807, 
    "DFC_valuation": 449.925765
  },
  "ratios": {
    "ROIC": 21.041327,
    "PB": 85.035063
  },
  "ownerEarnings": 3521000000,
  "growth_rate_revenue": -0.780670,
  "growth_rate_net_income": 2.331666
}
