{
  "ticker": "MATX",
  "valuation": {
    "PE_valuation": 895.081454, 
    "DFC_valuation": 9787.603337
  },
  "ratios": {
    "ROIC": 33.199986,
    "PB": 1.061383
  },
  "ownerEarnings": 1570300000,
  "growth_rate_revenue": 11.487858,
  "growth_rate_net_income": 14.977104
}
