{
  "ticker": "MBINO",
  "valuation": {
    "PE_valuation": 55.425512, 
    "DFC_valuation": 4336.443157
  },
  "ratios": {
    "ROIC": 9.186878,
    "PB": 0.722097
  },
  "ownerEarnings": 237950000,
  "growth_rate_revenue": 51.381075,
  "growth_rate_net_income": 67.510476
}
