{
  "ticker": "MBOT",
  "valuation": {
    "PE_valuation": -0.173431, 
    "DFC_valuation": -89.740907
  },
  "ratios": {
    "ROIC": 1287.368882,
    "PB": 2.998166
  },
  "ownerEarnings": 102981000,
  "growth_rate_revenue": 251.370212,
  "growth_rate_net_income": 30.561393
}
