{
  "ticker": "MC",
  "valuation": {
    "PE_valuation": 49.259187, 
    "DFC_valuation": 37.884103
  },
  "ratios": {
    "ROIC": 20.301999,
    "PB": 5.677135
  },
  "ownerEarnings": 53236000,
  "growth_rate_revenue": 23.552091,
  "growth_rate_net_income": -485.156027
}
