{
  "ticker": "MCBS",
  "valuation": {
    "PE_valuation": 0.052078, 
    "DFC_valuation": 336.004117
  },
  "ratios": {
    "ROIC": 0.000000,
    "PB": 0.000000
  },
  "ownerEarnings": 52036000,
  "growth_rate_revenue": 32.122816,
  "growth_rate_net_income": 41.429208
}
