{
  "ticker": "MCHX",
  "valuation": {
    "PE_valuation": 8.540997, 
    "DFC_valuation": -168.173760
  },
  "ratios": {
    "ROIC": -17.429873,
    "PB": 1.567682
  },
  "ownerEarnings": -5856000,
  "growth_rate_revenue": 94.548865,
  "growth_rate_net_income": 436.225466
}
