{
  "ticker": "MCY",
  "valuation": {
    "PE_valuation": -367.944011, 
    "DFC_valuation": 64962.557152
  },
  "ratios": {
    "ROIC": -13.799585,
    "PB": 1.244103
  },
  "ownerEarnings": 237398000,
  "growth_rate_revenue": 40.044540,
  "growth_rate_net_income": 41.233041
}
