{
  "ticker": "MD",
  "valuation": {
    "PE_valuation": 83.367317, 
    "DFC_valuation": 21657.407444
  },
  "ratios": {
    "ROIC": 7.760181,
    "PB": 1.391067
  },
  "ownerEarnings": 323451000,
  "growth_rate_revenue": 60.924059,
  "growth_rate_net_income": 51.070887
}
