{
  "ticker": "MDGS",
  "valuation": {
    "PE_valuation": 69.239484, 
    "DFC_valuation": -10882.210707
  },
  "ratios": {
    "ROIC": -27.916289,
    "PB": 0.193962
  },
  "ownerEarnings": -16499000,
  "growth_rate_revenue": -12.758322,
  "growth_rate_net_income": 55.459346
}
