{
  "ticker": "MDLZ",
  "valuation": {
    "PE_valuation": 88.226452, 
    "DFC_valuation": 440.341234
  },
  "ratios": {
    "ROIC": 14.217628,
    "PB": 3.484473
  },
  "ownerEarnings": 7627000000,
  "growth_rate_revenue": 7.511857,
  "growth_rate_net_income": 24.592614
}
