{
  "ticker": "MDRX",
  "valuation": {
    "PE_valuation": -90.108117, 
    "DFC_valuation": -19318.645401
  },
  "ratios": {
    "ROIC": 8.022269,
    "PB": 1.704669
  },
  "ownerEarnings": 403400000,
  "growth_rate_revenue": 44.190497,
  "growth_rate_net_income": 231.231449
}
