{
  "ticker": "MDV-PA",
  "valuation": {
    "PE_valuation": 873.446846, 
    "DFC_valuation": 23019.951894
  },
  "ratios": {
    "ROIC": 15.555639,
    "PB": 0.519297
  },
  "ownerEarnings": 26671089,
  "growth_rate_revenue": 247.257540,
  "growth_rate_net_income": 246.258850
}
