{
  "ticker": "MEC",
  "valuation": {
    "PE_valuation": -28.651132, 
    "DFC_valuation": -32.664553
  },
  "ratios": {
    "ROIC": 5.927829,
    "PB": 1.185405
  },
  "ownerEarnings": 105303000,
  "growth_rate_revenue": 18.581901,
  "growth_rate_net_income": -45.411769
}
