{
  "ticker": "MED",
  "valuation": {
    "PE_valuation": 2796.402084, 
    "DFC_valuation": 552305.592399
  },
  "ratios": {
    "ROIC": 69.588922,
    "PB": 8.328882
  },
  "ownerEarnings": 161670000,
  "growth_rate_revenue": -15.091569,
  "growth_rate_net_income": -322.245788
}
