{
  "ticker": "MEDP",
  "valuation": {
    "PE_valuation": 421.088896, 
    "DFC_valuation": 794.631022
  },
  "ratios": {
    "ROIC": 33.853757,
    "PB": 17.804779
  },
  "ownerEarnings": 274850000,
  "growth_rate_revenue": 34.046667,
  "growth_rate_net_income": -18.493757
}
