{
  "ticker": "MEIP",
  "valuation": {
    "PE_valuation": 4864.083236, 
    "DFC_valuation": -1292833961.183316
  },
  "ratios": {
    "ROIC": -62.001681,
    "PB": 1.780480
  },
  "ownerEarnings": -36565000,
  "growth_rate_revenue": 321.914118,
  "growth_rate_net_income": 656.175412
}
