{
  "ticker": "MESA",
  "valuation": {
    "PE_valuation": -33.767338, 
    "DFC_valuation": -689.543073
  },
  "ratios": {
    "ROIC": -10.462171,
    "PB": 0.169472
  },
  "ownerEarnings": 63639000,
  "growth_rate_revenue": 103.632468,
  "growth_rate_net_income": 73.686007
}
