{
  "ticker": "METXW",
  "valuation": {
    "PE_valuation": 0.000000, 
    "DFC_valuation": -639.271499
  },
  "ratios": {
    "ROIC": 40.983195,
    "PB": 0.000000
  },
  "ownerEarnings": 147001000,
  "growth_rate_revenue": -30.011760,
  "growth_rate_net_income": -118.755489
}
