{
  "ticker": "METX",
  "valuation": {
    "PE_valuation": -0.003907, 
    "DFC_valuation": -832.383972
  },
  "ratios": {
    "ROIC": 30.294603,
    "PB": 10.393301
  },
  "ownerEarnings": 133702000,
  "growth_rate_revenue": -30.011760,
  "growth_rate_net_income": -121.255669
}
