{
  "ticker": "MFA-PB",
  "valuation": {
    "PE_valuation": -109.340880, 
    "DFC_valuation": 23820.010570
  },
  "ratios": {
    "ROIC": -4.757486,
    "PB": 0.510877
  },
  "ownerEarnings": -279349000,
  "growth_rate_revenue": 105.455094,
  "growth_rate_net_income": 374.800506
}
