{
  "ticker": "MFG",
  "valuation": {
    "PE_valuation": 78.932398, 
    "DFC_valuation": 888747832.403218
  },
  "ratios": {
    "ROIC": 7.487471,
    "PB": 0.104235
  },
  "ownerEarnings": 5336309000000,
  "growth_rate_revenue": 26.721548,
  "growth_rate_net_income": -28.427298
}
