{
  "ticker": "MFGP",
  "valuation": {
    "PE_valuation": -39.634083, 
    "DFC_valuation": 15120.903905
  },
  "ratios": {
    "ROIC": -2.560342,
    "PB": 0.611927
  },
  "ownerEarnings": 1208400000,
  "growth_rate_revenue": 39.549275,
  "growth_rate_net_income": -36.748757
}
