{
  "ticker": "MFIN",
  "valuation": {
    "PE_valuation": 25.194941, 
    "DFC_valuation": 10693.472382
  },
  "ratios": {
    "ROIC": 13.271872,
    "PB": 0.558047
  },
  "ownerEarnings": 111916000,
  "growth_rate_revenue": 45.166912,
  "growth_rate_net_income": 4.406924
}
