{
  "ticker": "MG",
  "valuation": {
    "PE_valuation": 20.766744, 
    "DFC_valuation": 47.119114
  },
  "ratios": {
    "ROIC": 3.348833,
    "PB": 0.742816
  },
  "ownerEarnings": 45408000,
  "growth_rate_revenue": 35.517487,
  "growth_rate_net_income": 26.580563
}
