{
  "ticker": "MGIC",
  "valuation": {
    "PE_valuation": 259.961998, 
    "DFC_valuation": 33656.124565
  },
  "ratios": {
    "ROIC": 13.293201,
    "PB": 2.982742
  },
  "ownerEarnings": 74811000,
  "growth_rate_revenue": 60.702770,
  "growth_rate_net_income": -138.780220
}
