{
  "ticker": "MGLN",
  "valuation": {
    "PE_valuation": 9.689678, 
    "DFC_valuation": 2151.122631
  },
  "ratios": {
    "ROIC": -3.946564,
    "PB": 1.142102
  },
  "ownerEarnings": 991129000,
  "growth_rate_revenue": 20.696611,
  "growth_rate_net_income": -50.914830
}
