{
  "ticker": "MGM",
  "valuation": {
    "PE_valuation": 85.804620, 
    "DFC_valuation": 38215.789667
  },
  "ratios": {
    "ROIC": -0.649893,
    "PB": 2.839786
  },
  "ownerEarnings": -1053276000,
  "growth_rate_revenue": -20.454207,
  "growth_rate_net_income": 201.171244
}
