{
  "ticker": "MGNI",
  "valuation": {
    "PE_valuation": 39.527200, 
    "DFC_valuation": 997.527448
  },
  "ratios": {
    "ROIC": -5.677960,
    "PB": 1.690202
  },
  "ownerEarnings": 137206000,
  "growth_rate_revenue": 65.159362,
  "growth_rate_net_income": -1042.856574
}
