{
  "ticker": "MGNX",
  "valuation": {
    "PE_valuation": 9.000342, 
    "DFC_valuation": -145.138767
  },
  "ratios": {
    "ROIC": -57.486003,
    "PB": 2.902666
  },
  "ownerEarnings": -128291000,
  "growth_rate_revenue": 26.105686,
  "growth_rate_net_income": 3663.283465
}
