{
  "ticker": "MGRD",
  "valuation": {
    "PE_valuation": 0.226805, 
    "DFC_valuation": 1814.698820
  },
  "ratios": {
    "ROIC": 45.786123,
    "PB": 0.247664
  },
  "ownerEarnings": 1566100000,
  "growth_rate_revenue": 29.880864,
  "growth_rate_net_income": 34.332022
}
