{
  "ticker": "MH-PA",
  "valuation": {
    "PE_valuation": 0.024861, 
    "DFC_valuation": -136.150441
  },
  "ratios": {
    "ROIC": 13.836186,
    "PB": 0.645894
  },
  "ownerEarnings": 211814000,
  "growth_rate_revenue": 110.685304,
  "growth_rate_net_income": 60.262519
}
