{
  "ticker": "MICT",
  "valuation": {
    "PE_valuation": -3.338391, 
    "DFC_valuation": 84.035240
  },
  "ratios": {
    "ROIC": 136.608427,
    "PB": 0.648346
  },
  "ownerEarnings": 160194000,
  "growth_rate_revenue": 10.983477,
  "growth_rate_net_income": -63.161360
}
