{
  "ticker": "MIME",
  "valuation": {
    "PE_valuation": -203.788670, 
    "DFC_valuation": 227.595300
  },
  "ratios": {
    "ROIC": 8.741027,
    "PB": 7.102148
  },
  "ownerEarnings": 82808000,
  "growth_rate_revenue": 38.876757,
  "growth_rate_net_income": -297.010625
}
