{
  "ticker": "MIXT",
  "valuation": {
    "PE_valuation": 11.815733, 
    "DFC_valuation": 1726.412418
  },
  "ratios": {
    "ROIC": 0.000000,
    "PB": 0.000000
  },
  "ownerEarnings": 300625000,
  "growth_rate_revenue": 52.537152,
  "growth_rate_net_income": 41.760292
}
