{
  "ticker": "MKC",
  "valuation": {
    "PE_valuation": 173.381940, 
    "DFC_valuation": 21721.806046
  },
  "ratios": {
    "ROIC": 7.654713,
    "PB": 3.438333
  },
  "ownerEarnings": 889400000,
  "growth_rate_revenue": 10.874492,
  "growth_rate_net_income": 26.327715
}
