{
  "ticker": "MKSI",
  "valuation": {
    "PE_valuation": 507.907629, 
    "DFC_valuation": 13018.111169
  },
  "ratios": {
    "ROIC": 4.796864,
    "PB": 1.128347
  },
  "ownerEarnings": 1084000000,
  "growth_rate_revenue": 28.301985,
  "growth_rate_net_income": 68.575670
}
