{
  "ticker": "MKTW",
  "valuation": {
    "PE_valuation": 0.894553, 
    "DFC_valuation": 90.440781
  },
  "ratios": {
    "ROIC": -1309.824588,
    "PB": -1.953184
  },
  "ownerEarnings": 64633000,
  "growth_rate_revenue": 223968565813.968414,
  "growth_rate_net_income": -1149815795454.813477
}
