{
  "ticker": "MLCO",
  "valuation": {
    "PE_valuation": 1478.635706, 
    "DFC_valuation": -15107947.859009
  },
  "ratios": {
    "ROIC": -9.143770,
    "PB": -6.271438
  },
  "ownerEarnings": 696699000,
  "growth_rate_revenue": 593.907727,
  "growth_rate_net_income": 396.770212
}
