{
  "ticker": "MLHR",
  "valuation": {
    "PE_valuation": 18.947818, 
    "DFC_valuation": 237.121888
  },
  "ratios": {
    "ROIC": 2.957903,
    "PB": 0.750249
  },
  "ownerEarnings": 406900000,
  "growth_rate_revenue": 13.525386,
  "growth_rate_net_income": -10.581955
}
