{
  "ticker": "MMC",
  "valuation": {
    "PE_valuation": 832.654420, 
    "DFC_valuation": 118194.012420
  },
  "ratios": {
    "ROIC": 0.000000,
    "PB": 0.000000
  },
  "ownerEarnings": 4367000000,
  "growth_rate_revenue": 18.940804,
  "growth_rate_net_income": 18.560027
}
