{
  "ticker": "MMLP",
  "valuation": {
    "PE_valuation": 4.341183, 
    "DFC_valuation": -67.944514
  },
  "ratios": {
    "ROIC": 20.457508,
    "PB": 0.227616
  },
  "ownerEarnings": 180357000,
  "growth_rate_revenue": 17.572874,
  "growth_rate_net_income": 93.556163
}
