{
  "ticker": "MMM",
  "valuation": {
    "PE_valuation": -345.526711, 
    "DFC_valuation": 108612.706016
  },
  "ratios": {
    "ROIC": 0.000000,
    "PB": 0.000000
  },
  "ownerEarnings": -4262000000,
  "growth_rate_revenue": 13.345577,
  "growth_rate_net_income": 18.453595
}
