{
  "ticker": "MMP",
  "valuation": {
    "PE_valuation": 391.120131, 
    "DFC_valuation": 33839.207186
  },
  "ratios": {
    "ROIC": 15.214127,
    "PB": -111.969904
  },
  "ownerEarnings": 1157400000,
  "growth_rate_revenue": 112.090200,
  "growth_rate_net_income": 243.387849
}
