{
  "ticker": "MNDT",
  "valuation": {
    "PE_valuation": 131.794283, 
    "DFC_valuation": 6614.426122
  },
  "ratios": {
    "ROIC": -6.911801,
    "PB": 4.661054
  },
  "ownerEarnings": -89210000,
  "growth_rate_revenue": 159.340260,
  "growth_rate_net_income": 179.208198
}
