{
  "ticker": "MNKD",
  "valuation": {
    "PE_valuation": 270.314184, 
    "DFC_valuation": -487287.454896
  },
  "ratios": {
    "ROIC": -64.229086,
    "PB": -5.407862
  },
  "ownerEarnings": -78658000,
  "growth_rate_revenue": 0.0,
  "growth_rate_net_income": 105.229942
}
