{
  "ticker": "MNSBP",
  "valuation": {
    "PE_valuation": 575.637326, 
    "DFC_valuation": 378270.935707
  },
  "ratios": {
    "ROIC": 10.182177,
    "PB": 1.043880
  },
  "ownerEarnings": 62187000,
  "growth_rate_revenue": 147.665466,
  "growth_rate_net_income": -250.195432
}
