{
  "ticker": "MNST",
  "valuation": {
    "PE_valuation": 64500.484805, 
    "DFC_valuation": 17057088049.296116
  },
  "ratios": {
    "ROIC": 17.100177,
    "PB": 7.612568
  },
  "ownerEarnings": 1426423000,
  "growth_rate_revenue": 696.612386,
  "growth_rate_net_income": 0.0
}
