{
  "ticker": "MOBL",
  "valuation": {
    "PE_valuation": 10.600316, 
    "DFC_valuation": -38.733120
  },
  "ratios": {
    "ROIC": -69.386576,
    "PB": 14.847180
  },
  "ownerEarnings": -72582000,
  "growth_rate_revenue": 100.314370,
  "growth_rate_net_income": 39.299341
}
