{
  "ticker": "MODG",
  "valuation": {
    "PE_valuation": 256.519159, 
    "DFC_valuation": -376863.971393
  },
  "ratios": {
    "ROIC": 3.485802,
    "PB": 0.967537
  },
  "ownerEarnings": 1096900000,
  "growth_rate_revenue": 122.055979,
  "growth_rate_net_income": 171.618110
}
