{
  "ticker": "MODV",
  "valuation": {
    "PE_valuation": 3.462747, 
    "DFC_valuation": -304.016976
  },
  "ratios": {
    "ROIC": 1.521133,
    "PB": 3.558729
  },
  "ownerEarnings": 248627000,
  "growth_rate_revenue": 51.776328,
  "growth_rate_net_income": -10.229132
}
