{
  "ticker": "MOG-B",
  "valuation": {
    "PE_valuation": 380.690107, 
    "DFC_valuation": -2013.340812
  },
  "ratios": {
    "ROIC": 7.086541,
    "PB": 2.197748
  },
  "ownerEarnings": 558543000,
  "growth_rate_revenue": 15.891117,
  "growth_rate_net_income": 112.880593
}
