{
  "ticker": "MOLN",
  "valuation": {
    "PE_valuation": -60.592421, 
    "DFC_valuation": 578.042477
  },
  "ratios": {
    "ROIC": 48.124261,
    "PB": 0.835914
  },
  "ownerEarnings": 116458000,
  "growth_rate_revenue": -22.692347,
  "growth_rate_net_income": 3065.739394
}
