{
  "ticker": "MOR",
  "valuation": {
    "PE_valuation": 13.142802, 
    "DFC_valuation": -11693.640501
  },
  "ratios": {
    "ROIC": -257.800087,
    "PB": 2.910177
  },
  "ownerEarnings": 160549508,
  "growth_rate_revenue": 138.183608,
  "growth_rate_net_income": 371.775667
}
