{
  "ticker": "MPLX",
  "valuation": {
    "PE_valuation": 209.166502, 
    "DFC_valuation": 11057.631513
  },
  "ratios": {
    "ROIC": 11.014668,
    "PB": 2.643743
  },
  "ownerEarnings": 5404000000,
  "growth_rate_revenue": 14.220169,
  "growth_rate_net_income": 129.617771
}
