{
  "ticker": "MPU",
  "valuation": {
    "PE_valuation": 4.212814, 
    "DFC_valuation": -44250.475179
  },
  "ratios": {
    "ROIC": -58.084891,
    "PB": 5.071215
  },
  "ownerEarnings": -373900,
  "growth_rate_revenue": 56490.620791,
  "growth_rate_net_income": -96.543202
}
