{
  "ticker": "MPW",
  "valuation": {
    "PE_valuation": 552.415795, 
    "DFC_valuation": 623928.155720
  },
  "ratios": {
    "ROIC": 3.448046,
    "PB": 0.776086
  },
  "ownerEarnings": 738543000,
  "growth_rate_revenue": 93.208110,
  "growth_rate_net_income": 102.109652
}
