{
  "ticker": "MPWR",
  "valuation": {
    "PE_valuation": 108194.985606, 
    "DFC_valuation": 120823504.056299
  },
  "ratios": {
    "ROIC": 26.322202,
    "PB": 9.741959
  },
  "ownerEarnings": 355221000,
  "growth_rate_revenue": 268.801435,
  "growth_rate_net_income": 44.294570
}
