{
  "ticker": "MRBK",
  "valuation": {
    "PE_valuation": 16.112511, 
    "DFC_valuation": 734.629426
  },
  "ratios": {
    "ROIC": 11.251723,
    "PB": 2.331013
  },
  "ownerEarnings": 59369000,
  "growth_rate_revenue": 17.818583,
  "growth_rate_net_income": -2.017263
}
