{
  "ticker": "MRCY",
  "valuation": {
    "PE_valuation": -88.899136, 
    "DFC_valuation": -2606.600869
  },
  "ratios": {
    "ROIC": -0.555892,
    "PB": 1.248626
  },
  "ownerEarnings": 109405000,
  "growth_rate_revenue": 22.048635,
  "growth_rate_net_income": 39.422812
}
