{
  "ticker": "MRK",
  "valuation": {
    "PE_valuation": 502.938321, 
    "DFC_valuation": 6099.291418
  },
  "ratios": {
    "ROIC": 16.945634,
    "PB": 6.108269
  },
  "ownerEarnings": 18814000000,
  "growth_rate_revenue": 20.930706,
  "growth_rate_net_income": 33.865926
}
