{
  "ticker": "MRLN",
  "valuation": {
    "PE_valuation": 4.528766, 
    "DFC_valuation": -1164269.539762
  },
  "ratios": {
    "ROIC": 0.000000,
    "PB": 0.736360
  },
  "ownerEarnings": 431226000,
  "growth_rate_revenue": 153.773159,
  "growth_rate_net_income": 129.343885
}
