{
  "ticker": "MRM",
  "valuation": {
    "PE_valuation": 589.814054, 
    "DFC_valuation": -14404.557253
  },
  "ratios": {
    "ROIC": 2.809185,
    "PB": -48.455170
  },
  "ownerEarnings": 489458000,
  "growth_rate_revenue": 40.159638,
  "growth_rate_net_income": -1656.321602
}
