{
  "ticker": "MRTX",
  "valuation": {
    "PE_valuation": 152.481706, 
    "DFC_valuation": -685.457642
  },
  "ratios": {
    "ROIC": -69.627437,
    "PB": 2.556791
  },
  "ownerEarnings": -957735000,
  "growth_rate_revenue": 45.508160,
  "growth_rate_net_income": 71.944267
}
