{
  "ticker": "MRVI",
  "valuation": {
    "PE_valuation": 27.138121, 
    "DFC_valuation": 900.133867
  },
  "ratios": {
    "ROIC": 42.993936,
    "PB": 3.452580
  },
  "ownerEarnings": 528751000,
  "growth_rate_revenue": 51.468079,
  "growth_rate_net_income": -387.340465
}
