{
  "ticker": "MSA",
  "valuation": {
    "PE_valuation": 246.981332, 
    "DFC_valuation": 85.911969
  },
  "ratios": {
    "ROIC": 0.000000,
    "PB": 0.000000
  },
  "ownerEarnings": 276431000,
  "growth_rate_revenue": 4.949774,
  "growth_rate_net_income": 10.361978
}
