{
  "ticker": "MSBIP",
  "valuation": {
    "PE_valuation": 0.000000, 
    "DFC_valuation": 221.918043
  },
  "ratios": {
    "ROIC": 0.000000,
    "PB": 0.000000
  },
  "ownerEarnings": 75460000,
  "growth_rate_revenue": 30.269993,
  "growth_rate_net_income": 28.782006
}
