{
  "ticker": "MSC",
  "valuation": {
    "PE_valuation": 9.202472, 
    "DFC_valuation": -169.916927
  },
  "ratios": {
    "ROIC": -8.311865,
    "PB": 1.208440
  },
  "ownerEarnings": 391452000,
  "growth_rate_revenue": 1094.703953,
  "growth_rate_net_income": -36.650084
}
