{
  "ticker": "MSCI",
  "valuation": {
    "PE_valuation": 2371.176602, 
    "DFC_valuation": 28834.107573
  },
  "ratios": {
    "ROIC": 26.735789,
    "PB": -37.265289
  },
  "ownerEarnings": 1338716000,
  "growth_rate_revenue": 49.671989,
  "growth_rate_net_income": 68.309714
}
