{
  "ticker": "MSEX",
  "valuation": {
    "PE_valuation": 188.262118, 
    "DFC_valuation": -501.151411
  },
  "ratios": {
    "ROIC": 5.688382,
    "PB": 3.440146
  },
  "ownerEarnings": 160962000,
  "growth_rate_revenue": 6.898129,
  "growth_rate_net_income": 3.125000
}
