{
  "ticker": "MSGE",
  "valuation": {
    "PE_valuation": -14.222838, 
    "DFC_valuation": 229.483174
  },
  "ratios": {
    "ROIC": 9.420316,
    "PB": -25.077078
  },
  "ownerEarnings": 135609000,
  "growth_rate_revenue": 153.412951,
  "growth_rate_net_income": -440.172238
}
