{
  "ticker": "MSGN",
  "valuation": {
    "PE_valuation": 12.496085, 
    "DFC_valuation": 273.499227
  },
  "ratios": {
    "ROIC": 46.344668,
    "PB": -1.136950
  },
  "ownerEarnings": 247731000,
  "growth_rate_revenue": 11.685507,
  "growth_rate_net_income": -129.628770
}
