{
  "ticker": "MSI",
  "valuation": {
    "PE_valuation": 223.776996, 
    "DFC_valuation": 587.436161
  },
  "ratios": {
    "ROIC": 20.804238,
    "PB": 372.124353
  },
  "ownerEarnings": 2390000000,
  "growth_rate_revenue": 18.711712,
  "growth_rate_net_income": 71.199692
}
