{
  "ticker": "MSM",
  "valuation": {
    "PE_valuation": 301.578075, 
    "DFC_valuation": 6983.611920
  },
  "ratios": {
    "ROIC": 17.597049,
    "PB": 3.843889
  },
  "ownerEarnings": 533672000,
  "growth_rate_revenue": 29.912554,
  "growth_rate_net_income": 23.592703
}
