{
  "ticker": "MT",
  "valuation": {
    "PE_valuation": 96.385378, 
    "DFC_valuation": 40835.033252
  },
  "ratios": {
    "ROIC": 13.217773,
    "PB": 0.545099
  },
  "ownerEarnings": 15842000000,
  "growth_rate_revenue": 24.844748,
  "growth_rate_net_income": -149.128539
}
