{
  "ticker": "MTD",
  "valuation": {
    "PE_valuation": 2379.148723, 
    "DFC_valuation": 4228.379862
  },
  "ratios": {
    "ROIC": 45.379322,
    "PB": 1311.287777
  },
  "ownerEarnings": 1217001000,
  "growth_rate_revenue": 8.431652,
  "growth_rate_net_income": -10.332476
}
