{
  "ticker": "MTH",
  "valuation": {
    "PE_valuation": 2643.708321, 
    "DFC_valuation": 128997.819038
  },
  "ratios": {
    "ROIC": 0.000000,
    "PB": 0.000000
  },
  "ownerEarnings": 1817715000,
  "growth_rate_revenue": 78.291657,
  "growth_rate_net_income": -79.230078
}
