{
  "ticker": "MTRN",
  "valuation": {
    "PE_valuation": 244.300251, 
    "DFC_valuation": 395.857894
  },
  "ratios": {
    "ROIC": 7.249138,
    "PB": 2.243675
  },
  "ownerEarnings": 248354000,
  "growth_rate_revenue": 6.177063,
  "growth_rate_net_income": -5.376076
}
