{
  "ticker": "MTRX",
  "valuation": {
    "PE_valuation": 46.823945, 
    "DFC_valuation": 361.548463
  },
  "ratios": {
    "ROIC": -21.677162,
    "PB": 0.875886
  },
  "ownerEarnings": -19063000,
  "growth_rate_revenue": 125.009917,
  "growth_rate_net_income": 141.824296
}
