{
  "ticker": "MTX",
  "valuation": {
    "PE_valuation": 84.207359, 
    "DFC_valuation": -26.401630
  },
  "ratios": {
    "ROIC": 0.000000,
    "PB": 0.000000
  },
  "ownerEarnings": 212200000,
  "growth_rate_revenue": 11.423498,
  "growth_rate_net_income": 20.960345
}
