{
  "ticker": "MTZ",
  "valuation": {
    "PE_valuation": 59.256876, 
    "DFC_valuation": 11194.166741
  },
  "ratios": {
    "ROIC": 1.868290,
    "PB": 2.335367
  },
  "ownerEarnings": 1001452000,
  "growth_rate_revenue": -1.055462,
  "growth_rate_net_income": -120.542957
}
