{
  "ticker": "MUSA",
  "valuation": {
    "PE_valuation": 279.327701, 
    "DFC_valuation": 1991.232343
  },
  "ratios": {
    "ROIC": 22.101679,
    "PB": 10.255763
  },
  "ownerEarnings": 1384700000,
  "growth_rate_revenue": -3.518195,
  "growth_rate_net_income": 47.227675
}
