{
  "ticker": "MVBF",
  "valuation": {
    "PE_valuation": 323.413656, 
    "DFC_valuation": 583215.174099
  },
  "ratios": {
    "ROIC": 4.871069,
    "PB": 1.034442
  },
  "ownerEarnings": 38517000,
  "growth_rate_revenue": 112.497434,
  "growth_rate_net_income": 14.515537
}
