{
  "ticker": "MX",
  "valuation": {
    "PE_valuation": 1.082867, 
    "DFC_valuation": -23.684563
  },
  "ratios": {
    "ROIC": 0.824415,
    "PB": 0.983641
  },
  "ownerEarnings": 33063000,
  "growth_rate_revenue": -14.685119,
  "growth_rate_net_income": -108.414163
}
