{
  "ticker": "MYMD",
  "valuation": {
    "PE_valuation": 0.002925, 
    "DFC_valuation": -19.556845
  },
  "ratios": {
    "ROIC": -101.457808,
    "PB": 3.038412
  },
  "ownerEarnings": -15537694,
  "growth_rate_revenue": 92.196476,
  "growth_rate_net_income": 161.637284
}
