{
  "ticker": "MYO",
  "valuation": {
    "PE_valuation": 9.133453, 
    "DFC_valuation": -374.765338
  },
  "ratios": {
    "ROIC": -143.859907,
    "PB": 0.567055
  },
  "ownerEarnings": -11299334,
  "growth_rate_revenue": 83.855580,
  "growth_rate_net_income": 55.546333
}
