{
  "ticker": "MYRG",
  "valuation": {
    "PE_valuation": 453.249241, 
    "DFC_valuation": 13918.726872
  },
  "ratios": {
    "ROIC": 12.545031,
    "PB": 2.754540
  },
  "ownerEarnings": 212573000,
  "growth_rate_revenue": -9.418932,
  "growth_rate_net_income": -116.528256
}
