{
  "ticker": "NA",
  "valuation": {
    "PE_valuation": 0.000000, 
    "DFC_valuation": -4691876.345472
  },
  "ratios": {
    "ROIC": 3.035778,
    "PB": 2.588902
  },
  "ownerEarnings": 67725577,
  "growth_rate_revenue": 0.000000,
  "growth_rate_net_income": 0.000000
}
