{
  "ticker": "NAT",
  "valuation": {
    "PE_valuation": -2.113920, 
    "DFC_valuation": -5136.312794
  },
  "ratios": {
    "ROIC": 5.040227,
    "PB": 0.921145
  },
  "ownerEarnings": 158461000,
  "growth_rate_revenue": 71.240025,
  "growth_rate_net_income": 107.932478
}
