{
  "ticker": "NATH",
  "valuation": {
    "PE_valuation": 157.930821, 
    "DFC_valuation": 849.439103
  },
  "ratios": {
    "ROIC": 51.608442,
    "PB": -6.751686
  },
  "ownerEarnings": 36866000,
  "growth_rate_revenue": 2.472169,
  "growth_rate_net_income": 251.250000
}
