{
  "ticker": "NATR",
  "valuation": {
    "PE_valuation": 1.342420, 
    "DFC_valuation": -286.035749
  },
  "ratios": {
    "ROIC": 0.326319,
    "PB": 1.156143
  },
  "ownerEarnings": 18388000,
  "growth_rate_revenue": 19.384445,
  "growth_rate_net_income": 98.219697
}
