{
  "ticker": "NAV",
  "valuation": {
    "PE_valuation": -35.065229, 
    "DFC_valuation": 91.115722
  },
  "ratios": {
    "ROIC": -3.041021,
    "PB": -1.123384
  },
  "ownerEarnings": 746000000,
  "growth_rate_revenue": 2.710425,
  "growth_rate_net_income": -1819.105163
}
