{
  "ticker": "NBHC",
  "valuation": {
    "PE_valuation": 1752.567277, 
    "DFC_valuation": 9330129.406764
  },
  "ratios": {
    "ROIC": 5.561448,
    "PB": 1.246459
  },
  "ownerEarnings": 115689000,
  "growth_rate_revenue": 3069.916563,
  "growth_rate_net_income": -336.371925
}
