{
  "ticker": "NCBS",
  "valuation": {
    "PE_valuation": 261.896681, 
    "DFC_valuation": 2322.334238
  },
  "ratios": {
    "ROIC": 8.660572,
    "PB": 0.880823
  },
  "ownerEarnings": 204636000,
  "growth_rate_revenue": 42.680840,
  "growth_rate_net_income": 137.316490
}
