{
  "ticker": "NCRA",
  "valuation": {
    "PE_valuation": 3.176190, 
    "DFC_valuation": -21.160933
  },
  "ratios": {
    "ROIC": -77.016679,
    "PB": 1.668834
  },
  "ownerEarnings": -5917866,
  "growth_rate_revenue": 194.955740,
  "growth_rate_net_income": 258.126629
}
