{
  "ticker": "NCTY",
  "valuation": {
    "PE_valuation": 1803.171612, 
    "DFC_valuation": -835.052660
  },
  "ratios": {
    "ROIC": -1019.553111,
    "PB": 20.830956
  },
  "ownerEarnings": -791082485,
  "growth_rate_revenue": 444.821803,
  "growth_rate_net_income": 64.465412
}
