{
  "ticker": "NDACW",
  "valuation": {
    "PE_valuation": 0.000000, 
    "DFC_valuation": -3.082354
  },
  "ratios": {
    "ROIC": -432.659535,
    "PB": 25496.341252
  },
  "ownerEarnings": 2244445,
  "growth_rate_revenue": 0.000000,
  "growth_rate_net_income": 0.000000
}
