{
  "ticker": "NDRA",
  "valuation": {
    "PE_valuation": 0.010343, 
    "DFC_valuation": -255.917485
  },
  "ratios": {
    "ROIC": -159.373653,
    "PB": 1.633361
  },
  "ownerEarnings": -13920562,
  "growth_rate_revenue": -35.348290,
  "growth_rate_net_income": 65.246549
}
