{
  "ticker": "NE",
  "valuation": {
    "PE_valuation": -1.266731, 
    "DFC_valuation": 1149.908995
  },
  "ratios": {
    "ROIC": 4.715764,
    "PB": 2.621886
  },
  "ownerEarnings": 532944000,
  "growth_rate_revenue": 37.815202,
  "growth_rate_net_income": 20.399763
}
