{
  "ticker": "NEM",
  "valuation": {
    "PE_valuation": -43.832360, 
    "DFC_valuation": 1541.922974
  },
  "ratios": {
    "ROIC": 55.650984,
    "PB": 1.936385
  },
  "ownerEarnings": 6761000000,
  "growth_rate_revenue": 5.398308,
  "growth_rate_net_income": 204.399174
}
