{
  "ticker": "NEP",
  "valuation": {
    "PE_valuation": 32.058899, 
    "DFC_valuation": 7173.951180
  },
  "ratios": {
    "ROIC": 0.000000,
    "PB": 0.000000
  },
  "ownerEarnings": 747000000,
  "growth_rate_revenue": 71.473955,
  "growth_rate_net_income": 187.865921
}
