{
  "ticker": "NET",
  "valuation": {
    "PE_valuation": 137.500515, 
    "DFC_valuation": -76.841454
  },
  "ratios": {
    "ROIC": -8.710519,
    "PB": 23.644745
  },
  "ownerEarnings": -135945000,
  "growth_rate_revenue": 63.339821,
  "growth_rate_net_income": 206.315467
}
