{
  "ticker": "NEWA",
  "valuation": {
    "PE_valuation": 9.718599, 
    "DFC_valuation": -15.789532
  },
  "ratios": {
    "ROIC": 10.586952,
    "PB": 0.915322
  },
  "ownerEarnings": 20004138,
  "growth_rate_revenue": 70.998918,
  "growth_rate_net_income": 82.745081
}
