{
  "ticker": "NEWR",
  "valuation": {
    "PE_valuation": 860.642146, 
    "DFC_valuation": 10917.174117
  },
  "ratios": {
    "ROIC": -20.050227,
    "PB": 14.953392
  },
  "ownerEarnings": -259839000,
  "growth_rate_revenue": 112.903043,
  "growth_rate_net_income": 81.767912
}
