{
  "ticker": "NEWTL",
  "valuation": {
    "PE_valuation": 36.631670, 
    "DFC_valuation": -833.882926
  },
  "ratios": {
    "ROIC": 4.179719,
    "PB": 1.047580
  },
  "ownerEarnings": 85211000,
  "growth_rate_revenue": 70.688443,
  "growth_rate_net_income": 129.133873
}
