{
  "ticker": "NGG",
  "valuation": {
    "PE_valuation": 264.444480, 
    "DFC_valuation": 121.407329
  },
  "ratios": {
    "ROIC": 4.135894,
    "PB": 6.856321
  },
  "ownerEarnings": 11417000000,
  "growth_rate_revenue": 3.791214,
  "growth_rate_net_income": 3.851369
}
