{
  "ticker": "NGS",
  "valuation": {
    "PE_valuation": 1.460114, 
    "DFC_valuation": -1124.745718
  },
  "ratios": {
    "ROIC": 2.338564,
    "PB": 0.612907
  },
  "ownerEarnings": 87791000,
  "growth_rate_revenue": 75.678637,
  "growth_rate_net_income": 108.158742
}
