{
  "ticker": "NGVT",
  "valuation": {
    "PE_valuation": 101.562178, 
    "DFC_valuation": 274.443918
  },
  "ratios": {
    "ROIC": 11.978345,
    "PB": 3.851251
  },
  "ownerEarnings": 593000000,
  "growth_rate_revenue": 1.117033,
  "growth_rate_net_income": 43.306421
}
