{
  "ticker": "NH",
  "valuation": {
    "PE_valuation": 15.718370, 
    "DFC_valuation": -423.582415
  },
  "ratios": {
    "ROIC": -35.081932,
    "PB": -0.124740
  },
  "ownerEarnings": -19093000,
  "growth_rate_revenue": 35.218724,
  "growth_rate_net_income": 19.426992
}
