{
  "ticker": "NI-PB",
  "valuation": {
    "PE_valuation": 33.106644, 
    "DFC_valuation": -229.129722
  },
  "ratios": {
    "ROIC": 5.388062,
    "PB": 1.473544
  },
  "ownerEarnings": 4335800000,
  "growth_rate_revenue": -5.169811,
  "growth_rate_net_income": -145.507890
}
