{
  "ticker": "NILE",
  "valuation": {
    "PE_valuation": 3.944936, 
    "DFC_valuation": -115.659715
  },
  "ratios": {
    "ROIC": -117657.032413,
    "PB": 0.129073
  },
  "ownerEarnings": 21190932,
  "growth_rate_revenue": -1.940205,
  "growth_rate_net_income": -1869.751660
}
