{
  "ticker": "NJR",
  "valuation": {
    "PE_valuation": 93.869042, 
    "DFC_valuation": -186.304020
  },
  "ratios": {
    "ROIC": 6.301242,
    "PB": 1.980298
  },
  "ownerEarnings": 1062013000,
  "growth_rate_revenue": 3.891685,
  "growth_rate_net_income": 20.146248
}
