{
  "ticker": "NLITW",
  "valuation": {
    "PE_valuation": -0.000000, 
    "DFC_valuation": -2087456.054234
  },
  "ratios": {
    "ROIC": 0.000000,
    "PB": 0.000000
  },
  "ownerEarnings": 5068832,
  "growth_rate_revenue": 0.000000,
  "growth_rate_net_income": 0.000000
}
