{
  "ticker": "NLOK",
  "valuation": {
    "PE_valuation": 489.502073, 
    "DFC_valuation": 29513.052771
  },
  "ratios": {
    "ROIC": 25.959909,
    "PB": -168.302581
  },
  "ownerEarnings": 1243000000,
  "growth_rate_revenue": 67.303351,
  "growth_rate_net_income": 20.908523
}
