{
  "ticker": "NLSN",
  "valuation": {
    "PE_valuation": -9.781896, 
    "DFC_valuation": 37.404101
  },
  "ratios": {
    "ROIC": 8.724209,
    "PB": 2.219644
  },
  "ownerEarnings": 2788000000,
  "growth_rate_revenue": 4.410914,
  "growth_rate_net_income": 54.390677
}
