{
  "ticker": "NM",
  "valuation": {
    "PE_valuation": 1.293480, 
    "DFC_valuation": 2119.852526
  },
  "ratios": {
    "ROIC": 0.325414,
    "PB": 0.446038
  },
  "ownerEarnings": 157085000,
  "growth_rate_revenue": 160.314037,
  "growth_rate_net_income": -247.191084
}
