{
  "ticker": "NMIH",
  "valuation": {
    "PE_valuation": 3994.356059, 
    "DFC_valuation": 42361145.022415
  },
  "ratios": {
    "ROIC": 15.388165,
    "PB": 1.099845
  },
  "ownerEarnings": 342083000,
  "growth_rate_revenue": 618.960537,
  "growth_rate_net_income": -89.306372
}
