{
  "ticker": "NMRK",
  "valuation": {
    "PE_valuation": 8.172048, 
    "DFC_valuation": 575.307941
  },
  "ratios": {
    "ROIC": 3.979017,
    "PB": 0.930472
  },
  "ownerEarnings": 267451000,
  "growth_rate_revenue": 13.300805,
  "growth_rate_net_income": -1532.281933
}
