{
  "ticker": "NMTR",
  "valuation": {
    "PE_valuation": 0.012338, 
    "DFC_valuation": -164.259676
  },
  "ratios": {
    "ROIC": -196.449297,
    "PB": 6.800139
  },
  "ownerEarnings": -45442458,
  "growth_rate_revenue": -0.567961,
  "growth_rate_net_income": 101.116757
}
