{
  "ticker": "NNI",
  "valuation": {
    "PE_valuation": 475.564586, 
    "DFC_valuation": 40966.622850
  },
  "ratios": {
    "ROIC": 2.277011,
    "PB": 1.066746
  },
  "ownerEarnings": 1398049000,
  "growth_rate_revenue": 84.907164,
  "growth_rate_net_income": 266.230977
}
