{
  "ticker": "NNN",
  "valuation": {
    "PE_valuation": 1873.084392, 
    "DFC_valuation": 1666111.876866
  },
  "ratios": {
    "ROIC": 3.348983,
    "PB": 1.937926
  },
  "ownerEarnings": 680061000,
  "growth_rate_revenue": -1.176901,
  "growth_rate_net_income": -2.972756
}
