{
  "ticker": "NOA",
  "valuation": {
    "PE_valuation": 40.249112, 
    "DFC_valuation": 221.768491
  },
  "ratios": {
    "ROIC": 10.767579,
    "PB": 1.675934
  },
  "ownerEarnings": 343622000,
  "growth_rate_revenue": 19.936185,
  "growth_rate_net_income": 542.524931
}
