{
  "ticker": "NOC",
  "valuation": {
    "PE_valuation": 552.429856, 
    "DFC_valuation": 3463.621954
  },
  "ratios": {
    "ROIC": 6.869735,
    "PB": 4.793728
  },
  "ownerEarnings": 4126000000,
  "growth_rate_revenue": 2.436406,
  "growth_rate_net_income": -71.448503
}
