{
  "ticker": "NOTV",
  "valuation": {
    "PE_valuation": 34.481081, 
    "DFC_valuation": 58.410168
  },
  "ratios": {
    "ROIC": -9.464768,
    "PB": 0.293417
  },
  "ownerEarnings": 78386000,
  "growth_rate_revenue": 16.116701,
  "growth_rate_net_income": -147.667522
}
