{
  "ticker": "NPK",
  "valuation": {
    "PE_valuation": 81.879315, 
    "DFC_valuation": 111.981390
  },
  "ratios": {
    "ROIC": 7.064070,
    "PB": 1.392796
  },
  "ownerEarnings": 38622000,
  "growth_rate_revenue": 7.535669,
  "growth_rate_net_income": 16.326200
}
