{
  "ticker": "NR",
  "valuation": {
    "PE_valuation": 10.817305, 
    "DFC_valuation": -1043.409780
  },
  "ratios": {
    "ROIC": 6.206682,
    "PB": 0.909526
  },
  "ownerEarnings": 128690000,
  "growth_rate_revenue": 22.130613,
  "growth_rate_net_income": 212.482614
}
