{
  "ticker": "NRP",
  "valuation": {
    "PE_valuation": 0.000000, 
    "DFC_valuation": 8159.003559
  },
  "ratios": {
    "ROIC": 0.000000,
    "PB": 0.000000
  },
  "ownerEarnings": 331125000,
  "growth_rate_revenue": 137.259637,
  "growth_rate_net_income": 136.529031
}
