{
  "ticker": "NSC",
  "valuation": {
    "PE_valuation": 349.818418, 
    "DFC_valuation": 897.848529
  },
  "ratios": {
    "ROIC": 13.442578,
    "PB": 4.544052
  },
  "ownerEarnings": 7810000000,
  "growth_rate_revenue": 4.849206,
  "growth_rate_net_income": 48.126967
}
