{
  "ticker": "NSP",
  "valuation": {
    "PE_valuation": 279.253538, 
    "DFC_valuation": 57.299983
  },
  "ratios": {
    "ROIC": 32.547525,
    "PB": 53.274242
  },
  "ownerEarnings": 219280000,
  "growth_rate_revenue": 49.389859,
  "growth_rate_net_income": 106.758983
}
