{
  "ticker": "NTB",
  "valuation": {
    "PE_valuation": 37.038117, 
    "DFC_valuation": 396.479062
  },
  "ratios": {
    "ROIC": 16.827950,
    "PB": 1.709164
  },
  "ownerEarnings": 183622000,
  "growth_rate_revenue": 8.269999,
  "growth_rate_net_income": 17.823011
}
