{
  "ticker": "NTCO",
  "valuation": {
    "PE_valuation": -178.034535, 
    "DFC_valuation": -55.118226
  },
  "ratios": {
    "ROIC": -0.069773,
    "PB": 0.714849
  },
  "ownerEarnings": 5618800000,
  "growth_rate_revenue": 49.671826,
  "growth_rate_net_income": -290.592273
}
