{
  "ticker": "NTCT",
  "valuation": {
    "PE_valuation": 97.394161, 
    "DFC_valuation": 1427.556671
  },
  "ratios": {
    "ROIC": 3.008628,
    "PB": 1.013242
  },
  "ownerEarnings": 83980000,
  "growth_rate_revenue": 3.970883,
  "growth_rate_net_income": -148.034707
}
