{
  "ticker": "NTES",
  "valuation": {
    "PE_valuation": 217488.738126, 
    "DFC_valuation": 1002256471.697406
  },
  "ratios": {
    "ROIC": 11.679033,
    "PB": 3.181563
  },
  "ownerEarnings": 10677434000,
  "growth_rate_revenue": 288.134239,
  "growth_rate_net_income": 512.174461
}
