{
  "ticker": "NTIC",
  "valuation": {
    "PE_valuation": 30.815451, 
    "DFC_valuation": 553.324168
  },
  "ratios": {
    "ROIC": 6.206750,
    "PB": 1.819536
  },
  "ownerEarnings": 8170846,
  "growth_rate_revenue": 19.337200,
  "growth_rate_net_income": 27.513112
}
