{
  "ticker": "NTLA",
  "valuation": {
    "PE_valuation": 120.278143, 
    "DFC_valuation": -1357.851743
  },
  "ratios": {
    "ROIC": -31.639800,
    "PB": 2.173509
  },
  "ownerEarnings": -477689000,
  "growth_rate_revenue": 80.960462,
  "growth_rate_net_income": 84.779890
}
