{
  "ticker": "NTNX",
  "valuation": {
    "PE_valuation": 68.692711, 
    "DFC_valuation": 11651.663918
  },
  "ratios": {
    "ROIC": -31.896581,
    "PB": -9.957408
  },
  "ownerEarnings": -371643000,
  "growth_rate_revenue": 153.397619,
  "growth_rate_net_income": 77.055717
}
