{
  "ticker": "NTWK",
  "valuation": {
    "PE_valuation": -424.386996, 
    "DFC_valuation": 11031.239974
  },
  "ratios": {
    "ROIC": -26.653101,
    "PB": 0.787439
  },
  "ownerEarnings": -10249218,
  "growth_rate_revenue": 440.969404,
  "growth_rate_net_income": 119.319794
}
