{
  "ticker": "NUE",
  "valuation": {
    "PE_valuation": 0.000000, 
    "DFC_valuation": 80034.268152
  },
  "ratios": {
    "ROIC": 0.000000,
    "PB": 0.000000
  },
  "ownerEarnings": 724029000,
  "growth_rate_revenue": 18.321647,
  "growth_rate_net_income": 10.000638
}
