{
  "ticker": "NUS",
  "valuation": {
    "PE_valuation": 73.984892, 
    "DFC_valuation": 176.056915
  },
  "ratios": {
    "ROIC": 8.985289,
    "PB": 2.349374
  },
  "ownerEarnings": 292209000,
  "growth_rate_revenue": 29.829240,
  "growth_rate_net_income": 20.853536
}
