{
  "ticker": "NVAX",
  "valuation": {
    "PE_valuation": 17752.193420, 
    "DFC_valuation": 0.000000
  },
  "ratios": {
    "ROIC": 2509.258355,
    "PB": -1.267543
  },
  "ownerEarnings": -629148000,
  "growth_rate_revenue": 372.510552,
  "growth_rate_net_income": 33.270494
}
