{
  "ticker": "NVEE",
  "valuation": {
    "PE_valuation": 672.866112, 
    "DFC_valuation": 11267.682423
  },
  "ratios": {
    "ROIC": 6.925481,
    "PB": 2.812017
  },
  "ownerEarnings": 98015000,
  "growth_rate_revenue": 51.796891,
  "growth_rate_net_income": -163.863994
}
