{
  "ticker": "NVEI",
  "valuation": {
    "PE_valuation": -49.913161, 
    "DFC_valuation": 243.807852
  },
  "ratios": {
    "ROIC": 2.310168,
    "PB": 1.827031
  },
  "ownerEarnings": 73150000,
  "growth_rate_revenue": 61.709616,
  "growth_rate_net_income": 15.812966
}
