{
  "ticker": "NVMI",
  "valuation": {
    "PE_valuation": 664.518669, 
    "DFC_valuation": 5486.926708
  },
  "ratios": {
    "ROIC": 15.034644,
    "PB": 3.993439
  },
  "ownerEarnings": 142578000,
  "growth_rate_revenue": 24.950285,
  "growth_rate_net_income": -271.882072
}
