{
  "ticker": "NVO",
  "valuation": {
    "PE_valuation": 1967.611607, 
    "DFC_valuation": 0.000000
  },
  "ratios": {
    "ROIC": 52.852413,
    "PB": 12.756288
  },
  "ownerEarnings": 89226000000,
  "growth_rate_revenue": 19.357689,
  "growth_rate_net_income": 7.388015
}
