{
  "ticker": "NVR",
  "valuation": {
    "PE_valuation": 26697.968985, 
    "DFC_valuation": 10086.772395
  },
  "ratios": {
    "ROIC": 36.056561,
    "PB": 4.322096
  },
  "ownerEarnings": 1634376000,
  "growth_rate_revenue": 24.376187,
  "growth_rate_net_income": 78.937967
}
