{
  "ticker": "NVS",
  "valuation": {
    "PE_valuation": 0.000000, 
    "DFC_valuation": 3747.544533
  },
  "ratios": {
    "ROIC": 12.264318,
    "PB": 0.000000
  },
  "ownerEarnings": 19610000000,
  "growth_rate_revenue": 2.811525,
  "growth_rate_net_income": 3.919832
}
