{
  "ticker": "NVST",
  "valuation": {
    "PE_valuation": 20.875957, 
    "DFC_valuation": 30.263053
  },
  "ratios": {
    "ROIC": 4.547495,
    "PB": 1.290167
  },
  "ownerEarnings": 519000000,
  "growth_rate_revenue": -2.069630,
  "growth_rate_net_income": 147.058456
}
