{
  "ticker": "NWE",
  "valuation": {
    "PE_valuation": 183.659407, 
    "DFC_valuation": -1921.058775
  },
  "ratios": {
    "ROIC": 4.973106,
    "PB": 1.125695
  },
  "ownerEarnings": 1068452000,
  "growth_rate_revenue": -2.255086,
  "growth_rate_net_income": 7.247591
}
