{
  "ticker": "NWFL",
  "valuation": {
    "PE_valuation": 358.174524, 
    "DFC_valuation": 28850.355353
  },
  "ratios": {
    "ROIC": 14.065897,
    "PB": 1.640140
  },
  "ownerEarnings": 46854000,
  "growth_rate_revenue": 100.098962,
  "growth_rate_net_income": 21.580104
}
