{
  "ticker": "NWLI",
  "valuation": {
    "PE_valuation": 251.102062, 
    "DFC_valuation": 8556.994866
  },
  "ratios": {
    "ROIC": 12.793409,
    "PB": 0.509023
  },
  "ownerEarnings": 504966000,
  "growth_rate_revenue": 7.891697,
  "growth_rate_net_income": -241.511014
}
