{
  "ticker": "NWN",
  "valuation": {
    "PE_valuation": 56.369385, 
    "DFC_valuation": -553.405682
  },
  "ratios": {
    "ROIC": 4.271365,
    "PB": 1.373884
  },
  "ownerEarnings": 647664000,
  "growth_rate_revenue": -6.892022,
  "growth_rate_net_income": 8.618755
}
