{
  "ticker": "NWPX",
  "valuation": {
    "PE_valuation": 74.465188, 
    "DFC_valuation": -136.334434
  },
  "ratios": {
    "ROIC": 3.485938,
    "PB": 1.049730
  },
  "ownerEarnings": 40636000,
  "growth_rate_revenue": 34.073308,
  "growth_rate_net_income": 65.384897
}
