{
  "ticker": "NX",
  "valuation": {
    "PE_valuation": 23.324317, 
    "DFC_valuation": 223.024210
  },
  "ratios": {
    "ROIC": 13.263741,
    "PB": 1.615221
  },
  "ownerEarnings": 179410000,
  "growth_rate_revenue": 4.927658,
  "growth_rate_net_income": 109.624035
}
