{
  "ticker": "NXST",
  "valuation": {
    "PE_valuation": 1173.483243, 
    "DFC_valuation": 136571.287934
  },
  "ratios": {
    "ROIC": 10.387822,
    "PB": 2.512680
  },
  "ownerEarnings": 2210200000,
  "growth_rate_revenue": 16.152711,
  "growth_rate_net_income": 11.006492
}
