{
  "ticker": "NYMTM",
  "valuation": {
    "PE_valuation": -238.179354, 
    "DFC_valuation": -3766.043509
  },
  "ratios": {
    "ROIC": -6.909230,
    "PB": 0.546540
  },
  "ownerEarnings": 41260000,
  "growth_rate_revenue": 382.709089,
  "growth_rate_net_income": 87.601018
}
