{
  "ticker": "OAK-PB",
  "valuation": {
    "PE_valuation": 0.000000, 
    "DFC_valuation": -2661.781817
  },
  "ratios": {
    "ROIC": 11423.936767,
    "PB": 563.689124
  },
  "ownerEarnings": 381853000,
  "growth_rate_revenue": 23.053579,
  "growth_rate_net_income": -20.216893
}
