{
  "ticker": "OBDC",
  "valuation": {
    "PE_valuation": 54.598925, 
    "DFC_valuation": 15297.330270
  },
  "ratios": {
    "ROIC": 5.830844,
    "PB": 0.773626
  },
  "ownerEarnings": 1047028000,
  "growth_rate_revenue": 165.063286,
  "growth_rate_net_income": 200.939997
}
