{
  "ticker": "OBE",
  "valuation": {
    "PE_valuation": -0.523732, 
    "DFC_valuation": 246.062781
  },
  "ratios": {
    "ROIC": 57.895759,
    "PB": 0.466618
  },
  "ownerEarnings": 1349900000,
  "growth_rate_revenue": 27.204209,
  "growth_rate_net_income": 57.323552
}
