{
  "ticker": "OBK",
  "valuation": {
    "PE_valuation": 49.266530, 
    "DFC_valuation": 37.598422
  },
  "ratios": {
    "ROIC": 3.747002,
    "PB": 1.028723
  },
  "ownerEarnings": 105037000,
  "growth_rate_revenue": 15.713613,
  "growth_rate_net_income": 109.098880
}
