{
  "ticker": "OBT",
  "valuation": {
    "PE_valuation": 80.751522, 
    "DFC_valuation": 516.035053
  },
  "ratios": {
    "ROIC": 6.966404,
    "PB": 1.520265
  },
  "ownerEarnings": 37795000,
  "growth_rate_revenue": 11.759096,
  "growth_rate_net_income": -633.047132
}
