{
  "ticker": "OC",
  "valuation": {
    "PE_valuation": 157.730456, 
    "DFC_valuation": 1426.580606
  },
  "ratios": {
    "ROIC": 16.525263,
    "PB": 1.801089
  },
  "ownerEarnings": 2376000000,
  "growth_rate_revenue": 0.116141,
  "growth_rate_net_income": -245.095418
}
