{
  "ticker": "OCFT",
  "valuation": {
    "PE_valuation": 12.301021, 
    "DFC_valuation": -181.401662
  },
  "ratios": {
    "ROIC": -23.895950,
    "PB": 40.965170
  },
  "ownerEarnings": -760383000,
  "growth_rate_revenue": 70.666496,
  "growth_rate_net_income": 21.442003
}
