{
  "ticker": "ODD",
  "valuation": {
    "PE_valuation": 0.000000, 
    "DFC_valuation": 167.533677
  },
  "ratios": {
    "ROIC": 16.428443,
    "PB": 27.226243
  },
  "ownerEarnings": 24725000,
  "growth_rate_revenue": 0.000000,
  "growth_rate_net_income": 0.000000
}
