{
  "ticker": "ODFL",
  "valuation": {
    "PE_valuation": 2236.315749, 
    "DFC_valuation": 65592.015892
  },
  "ratios": {
    "ROIC": 36.681768,
    "PB": 8.727307
  },
  "ownerEarnings": 2414367000,
  "growth_rate_revenue": 16.435619,
  "growth_rate_net_income": 944.121812
}
