{
  "ticker": "OEC",
  "valuation": {
    "PE_valuation": 14.856558, 
    "DFC_valuation": -183.861651
  },
  "ratios": {
    "ROIC": 8.997178,
    "PB": 2.361046
  },
  "ownerEarnings": 516300000,
  "growth_rate_revenue": -6.422914,
  "growth_rate_net_income": 14.302196
}
