{
  "ticker": "OEPWU",
  "valuation": {
    "PE_valuation": 0.000000, 
    "DFC_valuation": -2.596107
  },
  "ratios": {
    "ROIC": -322.471927,
    "PB": -19654.002980
  },
  "ownerEarnings": 14696621,
  "growth_rate_revenue": 0.000000,
  "growth_rate_net_income": 0.000000
}
