{
  "ticker": "OFIX",
  "valuation": {
    "PE_valuation": 73.899158, 
    "DFC_valuation": -1731.192798
  },
  "ratios": {
    "ROIC": -6.121790,
    "PB": 1.224999
  },
  "ownerEarnings": -24114000,
  "growth_rate_revenue": 37.977362,
  "growth_rate_net_income": -87.170450
}
