{
  "ticker": "OFLX",
  "valuation": {
    "PE_valuation": 178.066894, 
    "DFC_valuation": 171.716269
  },
  "ratios": {
    "ROIC": 30.595823,
    "PB": 13.271512
  },
  "ownerEarnings": 25608000,
  "growth_rate_revenue": 24.541195,
  "growth_rate_net_income": 24.995582
}
