{
  "ticker": "OG",
  "valuation": {
    "PE_valuation": -0.000000, 
    "DFC_valuation": -4077.488849
  },
  "ratios": {
    "ROIC": -34.033005,
    "PB": 1.458079
  },
  "ownerEarnings": -628638000,
  "growth_rate_revenue": 0.000000,
  "growth_rate_net_income": 0.000000
}
