{
  "ticker": "OGCP",
  "valuation": {
    "PE_valuation": 7.520555, 
    "DFC_valuation": 735.428397
  },
  "ratios": {
    "ROIC": 3.110329,
    "PB": 1.041085
  },
  "ownerEarnings": 388583000,
  "growth_rate_revenue": 28.376197,
  "growth_rate_net_income": 49.863581
}
