{
  "ticker": "OGE",
  "valuation": {
    "PE_valuation": 51.797545, 
    "DFC_valuation": -140.191613
  },
  "ratios": {
    "ROIC": 8.928128,
    "PB": 1.793165
  },
  "ownerEarnings": 2486600000,
  "growth_rate_revenue": 3.268660,
  "growth_rate_net_income": 7.228611
}
