{
  "ticker": "OGN",
  "valuation": {
    "PE_valuation": 6.983622, 
    "DFC_valuation": 62.502480
  },
  "ratios": {
    "ROIC": 15.059911,
    "PB": -7.955729
  },
  "ownerEarnings": 2193000000,
  "growth_rate_revenue": -35.137726,
  "growth_rate_net_income": -38.247440
}
