{
  "ticker": "OHPAW",
  "valuation": {
    "PE_valuation": 0.000000, 
    "DFC_valuation": -2.259899
  },
  "ratios": {
    "ROIC": -437.914272,
    "PB": -19743.916775
  },
  "ownerEarnings": 10798092,
  "growth_rate_revenue": 0.000000,
  "growth_rate_net_income": 0.000000
}
