{
  "ticker": "OIBR-C",
  "valuation": {
    "PE_valuation": 1.953833, 
    "DFC_valuation": 152.861863
  },
  "ratios": {
    "ROIC": -2.465178,
    "PB": 0.632525
  },
  "ownerEarnings": 21324402000,
  "growth_rate_revenue": 43.118205,
  "growth_rate_net_income": 1049.405871
}
