{
  "ticker": "OLLI",
  "valuation": {
    "PE_valuation": 57.132737, 
    "DFC_valuation": 96.041974
  },
  "ratios": {
    "ROIC": 4.480951,
    "PB": 2.476273
  },
  "ownerEarnings": 161483000,
  "growth_rate_revenue": 22.624666,
  "growth_rate_net_income": 64.240029
}
