{
  "ticker": "OLN",
  "valuation": {
    "PE_valuation": 31.964218, 
    "DFC_valuation": 5544.248473
  },
  "ratios": {
    "ROIC": 24.064067,
    "PB": 3.015807
  },
  "ownerEarnings": -363400000,
  "growth_rate_revenue": 10.536281,
  "growth_rate_net_income": -30.464016
}
