{
  "ticker": "OLO",
  "valuation": {
    "PE_valuation": 35.031016, 
    "DFC_valuation": -8.702761
  },
  "ratios": {
    "ROIC": -6.813279,
    "PB": 1.330003
  },
  "ownerEarnings": -81204000,
  "growth_rate_revenue": 620675036796.122559,
  "growth_rate_net_income": -434.245644
}
