{
  "ticker": "OLP",
  "valuation": {
    "PE_valuation": 280.176279, 
    "DFC_valuation": 8288.102953
  },
  "ratios": {
    "ROIC": 8.264024,
    "PB": 1.431802
  },
  "ownerEarnings": 89989000,
  "growth_rate_revenue": 12.373722,
  "growth_rate_net_income": 33.758693
}
