{
  "ticker": "OM",
  "valuation": {
    "PE_valuation": 491.947118, 
    "DFC_valuation": -38019.230856
  },
  "ratios": {
    "ROIC": -45.297579,
    "PB": 5.055153
  },
  "ownerEarnings": -175259000,
  "growth_rate_revenue": 240.958243,
  "growth_rate_net_income": 3.716222
}
