{
  "ticker": "OMC",
  "valuation": {
    "PE_valuation": 809.030562, 
    "DFC_valuation": 63323.554326
  },
  "ratios": {
    "ROIC": 14.069099,
    "PB": 5.156912
  },
  "ownerEarnings": 1961000000,
  "growth_rate_revenue": 72.166732,
  "growth_rate_net_income": -268.212765
}
