{
  "ticker": "OMCL",
  "valuation": {
    "PE_valuation": 56.476810, 
    "DFC_valuation": 510.309403
  },
  "ratios": {
    "ROIC": 0.299431,
    "PB": 1.980775
  },
  "ownerEarnings": 97570000,
  "growth_rate_revenue": 16.444043,
  "growth_rate_net_income": -20.546885
}
