{
  "ticker": "OMF",
  "valuation": {
    "PE_valuation": 61.321602, 
    "DFC_valuation": 1692.717926
  },
  "ratios": {
    "ROIC": 6.352017,
    "PB": 1.343968
  },
  "ownerEarnings": 2369000000,
  "growth_rate_revenue": 6.021289,
  "growth_rate_net_income": -127.032130
}
