{
  "ticker": "OMQS",
  "valuation": {
    "PE_valuation": 2385006.847001, 
    "DFC_valuation": 3232934095893538.500000
  },
  "ratios": {
    "ROIC": -118.251283,
    "PB": -3.145451
  },
  "ownerEarnings": -6620000,
  "growth_rate_revenue": 0.0,
  "growth_rate_net_income": 1049.338514
}
