{
  "ticker": "ONDS",
  "valuation": {
    "PE_valuation": 1235.915139, 
    "DFC_valuation": -865845.768680
  },
  "ratios": {
    "ROIC": -66.849628,
    "PB": 1.153594
  },
  "ownerEarnings": -44321770,
  "growth_rate_revenue": 1803.574833,
  "growth_rate_net_income": 6785.626763
}
