{
  "ticker": "ONTXW",
  "valuation": {
    "PE_valuation": -0.000000, 
    "DFC_valuation": -6.436404
  },
  "ratios": {
    "ROIC": 108.216696,
    "PB": 0.000000
  },
  "ownerEarnings": -25178000,
  "growth_rate_revenue": 1028.446774,
  "growth_rate_net_income": 11.085705
}
