{
  "ticker": "ONTX",
  "valuation": {
    "PE_valuation": 0.145115, 
    "DFC_valuation": -47.429556
  },
  "ratios": {
    "ROIC": -66.907418,
    "PB": 0.480072
  },
  "ownerEarnings": -20785000,
  "growth_rate_revenue": 1028.446774,
  "growth_rate_net_income": 11.085705
}
