{
  "ticker": "OPBK",
  "valuation": {
    "PE_valuation": 237.500716, 
    "DFC_valuation": 142321.510691
  },
  "ratios": {
    "ROIC": 19.925625,
    "PB": 0.951743
  },
  "ownerEarnings": 57512000,
  "growth_rate_revenue": 156.869515,
  "growth_rate_net_income": -119.677379
}
