{
  "ticker": "OPEN",
  "valuation": {
    "PE_valuation": 68.329032, 
    "DFC_valuation": 313.020564
  },
  "ratios": {
    "ROIC": -13.095456,
    "PB": 0.669836
  },
  "ownerEarnings": -413000000,
  "growth_rate_revenue": 79.253193,
  "growth_rate_net_income": 47.334096
}
