{
  "ticker": "OPFI",
  "valuation": {
    "PE_valuation": 0.000000, 
    "DFC_valuation": 1097.404886
  },
  "ratios": {
    "ROIC": 75.828835,
    "PB": -349.645693
  },
  "ownerEarnings": 548753000,
  "growth_rate_revenue": 0.000000,
  "growth_rate_net_income": 0.000000
}
