{
  "ticker": "OPHC",
  "valuation": {
    "PE_valuation": 35.619024, 
    "DFC_valuation": 76532.466958
  },
  "ratios": {
    "ROIC": 9.154155,
    "PB": 0.284052
  },
  "ownerEarnings": 12634000,
  "growth_rate_revenue": 285.154378,
  "growth_rate_net_income": -229.063042
}
