{
  "ticker": "OPRT",
  "valuation": {
    "PE_valuation": -7.942061, 
    "DFC_valuation": 508.888273
  },
  "ratios": {
    "ROIC": 0.516658,
    "PB": 0.330296
  },
  "ownerEarnings": 177133000,
  "growth_rate_revenue": 25.957846,
  "growth_rate_net_income": -464.373554
}
