{
  "ticker": "ORAN",
  "valuation": {
    "PE_valuation": 7.895348, 
    "DFC_valuation": 40.732008
  },
  "ratios": {
    "ROIC": 3.756171,
    "PB": 0.773930
  },
  "ownerEarnings": 22793000000,
  "growth_rate_revenue": 18.582716,
  "growth_rate_net_income": -30.203959
}
