{
  "ticker": "ORCC",
  "valuation": {
    "PE_valuation": 61.247461, 
    "DFC_valuation": 848.153922
  },
  "ratios": {
    "ROIC": 5.830844,
    "PB": 0.773626
  },
  "ownerEarnings": 1047028000,
  "growth_rate_revenue": 165.063286,
  "growth_rate_net_income": 200.939997
}
