{
  "ticker": "ORCL",
  "valuation": {
    "PE_valuation": 3636.616107, 
    "DFC_valuation": 8765964.427599
  },
  "ratios": {
    "ROIC": 13.838779,
    "PB": 188.575027
  },
  "ownerEarnings": 28055000000,
  "growth_rate_revenue": 107.741900,
  "growth_rate_net_income": 90.760343
}
