{
  "ticker": "ORRF",
  "valuation": {
    "PE_valuation": 18.324359, 
    "DFC_valuation": 211.002193
  },
  "ratios": {
    "ROIC": 8.831992,
    "PB": 1.067766
  },
  "ownerEarnings": 46961000,
  "growth_rate_revenue": 140.699659,
  "growth_rate_net_income": 22.639631
}
