{
  "ticker": "OSK",
  "valuation": {
    "PE_valuation": 210.779056, 
    "DFC_valuation": 12797.233796
  },
  "ratios": {
    "ROIC": 6.347354,
    "PB": 1.818770
  },
  "ownerEarnings": 694600000,
  "growth_rate_revenue": 10.903862,
  "growth_rate_net_income": -25.740589
}
