{
  "ticker": "OSTK",
  "valuation": {
    "PE_valuation": 15.951643, 
    "DFC_valuation": -12558.444585
  },
  "ratios": {
    "ROIC": 4.036939,
    "PB": 1.328676
  },
  "ownerEarnings": 99771000,
  "growth_rate_revenue": 129.006495,
  "growth_rate_net_income": 99.682417
}
