{
  "ticker": "OTLKW",
  "valuation": {
    "PE_valuation": 0.000095, 
    "DFC_valuation": -15.194506
  },
  "ratios": {
    "ROIC": 620.258405,
    "PB": 2.453933
  },
  "ownerEarnings": -54418783,
  "growth_rate_revenue": 14.100334,
  "growth_rate_net_income": 54.834248
}
