{
  "ticker": "OTLK",
  "valuation": {
    "PE_valuation": 0.000903, 
    "DFC_valuation": -10.449109
  },
  "ratios": {
    "ROIC": -251.538085,
    "PB": -3.829411
  },
  "ownerEarnings": -54337831,
  "growth_rate_revenue": 21.880120,
  "growth_rate_net_income": 55.669271
}
