{
  "ticker": "OTRK",
  "valuation": {
    "PE_valuation": 363.022977, 
    "DFC_valuation": -302.239109
  },
  "ratios": {
    "ROIC": -238.460915,
    "PB": 1.516303
  },
  "ownerEarnings": -39606000,
  "growth_rate_revenue": 218.281603,
  "growth_rate_net_income": -363.813124
}
