{
  "ticker": "OXM",
  "valuation": {
    "PE_valuation": 138.439006, 
    "DFC_valuation": 393.549980
  },
  "ratios": {
    "ROIC": 13.292755,
    "PB": 3.351235
  },
  "ownerEarnings": 255529000,
  "growth_rate_revenue": -1.148099,
  "growth_rate_net_income": -110.285596
}
