{
  "ticker": "OZK",
  "valuation": {
    "PE_valuation": 530.555681, 
    "DFC_valuation": 662276.249630
  },
  "ratios": {
    "ROIC": 11.465075,
    "PB": 1.027431
  },
  "ownerEarnings": 872480000,
  "growth_rate_revenue": 28.234732,
  "growth_rate_net_income": 31.331616
}
