{
  "ticker": "PAAS",
  "valuation": {
    "PE_valuation": -1761.928477, 
    "DFC_valuation": -2398266.944314
  },
  "ratios": {
    "ROIC": -0.944511,
    "PB": 1.566817
  },
  "ownerEarnings": 807567000,
  "growth_rate_revenue": 88.661284,
  "growth_rate_net_income": 326.615506
}
