{
  "ticker": "PAC",
  "valuation": {
    "PE_valuation": 10635.266075, 
    "DFC_valuation": 3787.848639
  },
  "ratios": {
    "ROIC": 19.463721,
    "PB": 7.639637
  },
  "ownerEarnings": 22980490000,
  "growth_rate_revenue": 13.797357,
  "growth_rate_net_income": 25.018434
}
