{
  "ticker": "PACB",
  "valuation": {
    "PE_valuation": 120.182954, 
    "DFC_valuation": -14481.974485
  },
  "ratios": {
    "ROIC": -18.342611,
    "PB": 3.263112
  },
  "ownerEarnings": -332118000,
  "growth_rate_revenue": 724.061889,
  "growth_rate_net_income": 57.000209
}
