{
  "ticker": "PAG",
  "valuation": {
    "PE_valuation": 868.881093, 
    "DFC_valuation": 74635.365144
  },
  "ratios": {
    "ROIC": 8.238552,
    "PB": 2.048049
  },
  "ownerEarnings": 1547400000,
  "growth_rate_revenue": 55.959719,
  "growth_rate_net_income": -1196.525928
}
