{
  "ticker": "PAGS",
  "valuation": {
    "PE_valuation": 3520.037661, 
    "DFC_valuation": 45047.639796
  },
  "ratios": {
    "ROIC": 35.469436,
    "PB": 0.415141
  },
  "ownerEarnings": 10947567000,
  "growth_rate_revenue": 99.802052,
  "growth_rate_net_income": 178.535889
}
