{
  "ticker": "PAX",
  "valuation": {
    "PE_valuation": 28.036969, 
    "DFC_valuation": 105.000837
  },
  "ratios": {
    "ROIC": 17.523829,
    "PB": 3.712560
  },
  "ownerEarnings": 139593000,
  "growth_rate_revenue": 6.158772,
  "growth_rate_net_income": 3.274335
}
