{
  "ticker": "PBH",
  "valuation": {
    "PE_valuation": -347.473898, 
    "DFC_valuation": 270440.181166
  },
  "ratios": {
    "ROIC": 10.677647,
    "PB": 2.159203
  },
  "ownerEarnings": 824460000,
  "growth_rate_revenue": 188.715753,
  "growth_rate_net_income": -680.685430
}
