{
  "ticker": "PCAR",
  "valuation": {
    "PE_valuation": 409.577764, 
    "DFC_valuation": -727.215837
  },
  "ratios": {
    "ROIC": 0.000000,
    "PB": 0.000000
  },
  "ownerEarnings": 5641600000,
  "growth_rate_revenue": 12.591369,
  "growth_rate_net_income": 25.466831
}
