{
  "ticker": "PCB",
  "valuation": {
    "PE_valuation": 992.198385, 
    "DFC_valuation": 3656592.793640
  },
  "ratios": {
    "ROIC": 11.805567,
    "PB": 0.781660
  },
  "ownerEarnings": 67871000,
  "growth_rate_revenue": 747.624133,
  "growth_rate_net_income": -38.252149
}
