{
  "ticker": "PCG",
  "valuation": {
    "PE_valuation": -1.896409, 
    "DFC_valuation": -240.374109
  },
  "ratios": {
    "ROIC": 12.876729,
    "PB": 1.415617
  },
  "ownerEarnings": 19562000000,
  "growth_rate_revenue": 3.409723,
  "growth_rate_net_income": 307.595054
}
