{
  "ticker": "PCRX",
  "valuation": {
    "PE_valuation": 49.431464, 
    "DFC_valuation": 20959.441921
  },
  "ratios": {
    "ROIC": 4.452437,
    "PB": 2.267798
  },
  "ownerEarnings": 152782000,
  "growth_rate_revenue": 70.137705,
  "growth_rate_net_income": 15.966091
}
