{
  "ticker": "PCSA",
  "valuation": {
    "PE_valuation": 1.194064, 
    "DFC_valuation": -24.320932
  },
  "ratios": {
    "ROIC": -694.241543,
    "PB": 45.113087
  },
  "ownerEarnings": -48554794,
  "growth_rate_revenue": 189.590470,
  "growth_rate_net_income": 173.618442
}
