{
  "ticker": "PDCE",
  "valuation": {
    "PE_valuation": 1888.192812, 
    "DFC_valuation": 2206274.922193
  },
  "ratios": {
    "ROIC": 32.855544,
    "PB": 1.510930
  },
  "ownerEarnings": 5086883000,
  "growth_rate_revenue": 0.351065,
  "growth_rate_net_income": -215.151515
}
