{
  "ticker": "PDCO",
  "valuation": {
    "PE_valuation": 169.418559, 
    "DFC_valuation": -22636.423277
  },
  "ratios": {
    "ROIC": 11.455315,
    "PB": 2.351649
  },
  "ownerEarnings": 378425000,
  "growth_rate_revenue": 24.306437,
  "growth_rate_net_income": 40.450567
}
