{
  "ticker": "PDM",
  "valuation": {
    "PE_valuation": 42.814318, 
    "DFC_valuation": 83.309371
  },
  "ratios": {
    "ROIC": 4.202752,
    "PB": 0.612194
  },
  "ownerEarnings": 489338000,
  "growth_rate_revenue": 66.017312,
  "growth_rate_net_income": 43.229030
}
