{
  "ticker": "PDS",
  "valuation": {
    "PE_valuation": 16.822265, 
    "DFC_valuation": 980.351156
  },
  "ratios": {
    "ROIC": 3.223229,
    "PB": 1.143060
  },
  "ownerEarnings": 462324000,
  "growth_rate_revenue": 115.294949,
  "growth_rate_net_income": 204.284612
}
