{
  "ticker": "PEN",
  "valuation": {
    "PE_valuation": -19.124747, 
    "DFC_valuation": -1023.338266
  },
  "ratios": {
    "ROIC": 0.638051,
    "PB": 8.427928
  },
  "ownerEarnings": -40023000,
  "growth_rate_revenue": 44.814860,
  "growth_rate_net_income": 131.820549
}
