{
  "ticker": "PEO",
  "valuation": {
    "PE_valuation": 68.797408, 
    "DFC_valuation": 3306.491051
  },
  "ratios": {
    "ROIC": 31.548414,
    "PB": 0.994417
  },
  "ownerEarnings": 205486314,
  "growth_rate_revenue": -1.013885,
  "growth_rate_net_income": -140.724808
}
