{
  "ticker": "PESI",
  "valuation": {
    "PE_valuation": -335.342989, 
    "DFC_valuation": -203878.146096
  },
  "ratios": {
    "ROIC": -11.059091,
    "PB": 1.248992
  },
  "ownerEarnings": -4193000,
  "growth_rate_revenue": 1540.031334,
  "growth_rate_net_income": 246.540871
}
