{
  "ticker": "PETQ",
  "valuation": {
    "PE_valuation": 107.891838, 
    "DFC_valuation": 146.480147
  },
  "ratios": {
    "ROIC": 3.979875,
    "PB": 1.280682
  },
  "ownerEarnings": 136734000,
  "growth_rate_revenue": 43.231230,
  "growth_rate_net_income": 568.120530
}
