{
  "ticker": "PFG",
  "valuation": {
    "PE_valuation": 194.274668, 
    "DFC_valuation": -170.071983
  },
  "ratios": {
    "ROIC": 34.232229,
    "PB": 2.141755
  },
  "ownerEarnings": 5091900000,
  "growth_rate_revenue": 2.721432,
  "growth_rate_net_income": 85.976599
}
