{
  "ticker": "PFPT",
  "valuation": {
    "PE_valuation": 622.226541, 
    "DFC_valuation": 5841.997491
  },
  "ratios": {
    "ROIC": -17.626198,
    "PB": 17.701580
  },
  "ownerEarnings": -110737000,
  "growth_rate_revenue": 40.321367,
  "growth_rate_net_income": 42.970390
}
