{
  "ticker": "PFS",
  "valuation": {
    "PE_valuation": 142.243661, 
    "DFC_valuation": 4362.956499
  },
  "ratios": {
    "ROIC": 7.170854,
    "PB": 0.998687
  },
  "ownerEarnings": 271864000,
  "growth_rate_revenue": 134.116768,
  "growth_rate_net_income": 38.586426
}
