{
  "ticker": "PFSI",
  "valuation": {
    "PE_valuation": 81.552769, 
    "DFC_valuation": 182639.161833
  },
  "ratios": {
    "ROIC": 2.862367,
    "PB": 0.866212
  },
  "ownerEarnings": 1237893000,
  "growth_rate_revenue": 98.261503,
  "growth_rate_net_income": 186.416721
}
