{
  "ticker": "PGC",
  "valuation": {
    "PE_valuation": 0.330006, 
    "DFC_valuation": 13.126641
  },
  "ratios": {
    "ROIC": 0.000000,
    "PB": 0.000000
  },
  "ownerEarnings": -177573640,
  "growth_rate_revenue": 119.884625,
  "growth_rate_net_income": 27.171524
}
