{
  "ticker": "PGEN",
  "valuation": {
    "PE_valuation": 2.420304, 
    "DFC_valuation": -28.610580
  },
  "ratios": {
    "ROIC": -40.041784,
    "PB": 2.412093
  },
  "ownerEarnings": -71805000,
  "growth_rate_revenue": 124.618529,
  "growth_rate_net_income": 44.412197
}
