{
  "ticker": "PGR",
  "valuation": {
    "PE_valuation": 217.022591, 
    "DFC_valuation": 409980.646990
  },
  "ratios": {
    "ROIC": 4.093609,
    "PB": 4.770154
  },
  "ownerEarnings": 1714400000,
  "growth_rate_revenue": 8.402347,
  "growth_rate_net_income": 48.065520
}
