{
  "ticker": "PHM",
  "valuation": {
    "PE_valuation": 385.449848, 
    "DFC_valuation": 4043.473852
  },
  "ratios": {
    "ROIC": 22.578199,
    "PB": 1.200346
  },
  "ownerEarnings": 2785343000,
  "growth_rate_revenue": 12.488795,
  "growth_rate_net_income": 71.884605
}
