{
  "ticker": "PHR",
  "valuation": {
    "PE_valuation": 62.581910, 
    "DFC_valuation": -229.393360
  },
  "ratios": {
    "ROIC": -59.352373,
    "PB": 6.830606
  },
  "ownerEarnings": -185192000,
  "growth_rate_revenue": 36.087462,
  "growth_rate_net_income": 108.509511
}
