{
  "ticker": "PHX",
  "valuation": {
    "PE_valuation": -2.776190, 
    "DFC_valuation": -308.277324
  },
  "ratios": {
    "ROIC": 12.903753,
    "PB": 1.034226
  },
  "ownerEarnings": 63426379,
  "growth_rate_revenue": 28.865876,
  "growth_rate_net_income": 90.422078
}
