{
  "ticker": "PI",
  "valuation": {
    "PE_valuation": 74.919632, 
    "DFC_valuation": -269.594643
  },
  "ratios": {
    "ROIC": -6.085664,
    "PB": 178.843437
  },
  "ownerEarnings": -39264000,
  "growth_rate_revenue": 57.757874,
  "growth_rate_net_income": 191.346196
}
