{
  "ticker": "PIII",
  "valuation": {
    "PE_valuation": 307.105564, 
    "DFC_valuation": -9.789897
  },
  "ratios": {
    "ROIC": -1267.407028,
    "PB": 13.062303
  },
  "ownerEarnings": -260429882,
  "growth_rate_revenue": 25284.297018,
  "growth_rate_net_income": 595.580382
}
