{
  "ticker": "PINS",
  "valuation": {
    "PE_valuation": 46.574297, 
    "DFC_valuation": 135.291940
  },
  "ratios": {
    "ROIC": -3.079960,
    "PB": 4.925557
  },
  "ownerEarnings": -518220000,
  "growth_rate_revenue": 55.043868,
  "growth_rate_net_income": 360.675553
}
