{
  "ticker": "PIPR",
  "valuation": {
    "PE_valuation": 1455.871619, 
    "DFC_valuation": -372784.950089
  },
  "ratios": {
    "ROIC": 9.097831,
    "PB": 1.726936
  },
  "ownerEarnings": 85178000,
  "growth_rate_revenue": 1100.447316,
  "growth_rate_net_income": 6014.678337
}
