{
  "ticker": "PIRS",
  "valuation": {
    "PE_valuation": 2.603468, 
    "DFC_valuation": -70.776262
  },
  "ratios": {
    "ROIC": -76.638242,
    "PB": 2.761964
  },
  "ownerEarnings": -46835000,
  "growth_rate_revenue": 89.110052,
  "growth_rate_net_income": -3711.522648
}
