{
  "ticker": "PJT",
  "valuation": {
    "PE_valuation": 92.053040, 
    "DFC_valuation": 906.512764
  },
  "ratios": {
    "ROIC": 42.354953,
    "PB": 9.983391
  },
  "ownerEarnings": 87895000,
  "growth_rate_revenue": 9.297729,
  "growth_rate_net_income": 144.431959
}
