{
  "ticker": "PK",
  "valuation": {
    "PE_valuation": 5.376131, 
    "DFC_valuation": 48.385068
  },
  "ratios": {
    "ROIC": 4.281100,
    "PB": 0.619525
  },
  "ownerEarnings": 1069000000,
  "growth_rate_revenue": 4.135545,
  "growth_rate_net_income": 456.336105
}
