{
  "ticker": "PKX",
  "valuation": {
    "PE_valuation": 220503.989335, 
    "DFC_valuation": 1579763.306100
  },
  "ratios": {
    "ROIC": 5.482315,
    "PB": 0.398905
  },
  "ownerEarnings": 15205492000000,
  "growth_rate_revenue": 9.709268,
  "growth_rate_net_income": 36.236515
}
