{
  "ticker": "PLAY",
  "valuation": {
    "PE_valuation": 62.566730, 
    "DFC_valuation": 423.033105
  },
  "ratios": {
    "ROIC": 4.281540,
    "PB": 4.872432
  },
  "ownerEarnings": 698351000,
  "growth_rate_revenue": 9.570205,
  "growth_rate_net_income": 482.764889
}
