{
  "ticker": "PLCE",
  "valuation": {
    "PE_valuation": -1.496639, 
    "DFC_valuation": -2422.385061
  },
  "ratios": {
    "ROIC": 0.045433,
    "PB": 3.587801
  },
  "ownerEarnings": 106241000,
  "growth_rate_revenue": 45.243083,
  "growth_rate_net_income": 41.686887
}
