{
  "ticker": "PLIN",
  "valuation": {
    "PE_valuation": -57.020274, 
    "DFC_valuation": -6.019182
  },
  "ratios": {
    "ROIC": -38.895337,
    "PB": -11.594329
  },
  "ownerEarnings": -13572062,
  "growth_rate_revenue": 31.138707,
  "growth_rate_net_income": 176.288094
}
