{
  "ticker": "PLNT",
  "valuation": {
    "PE_valuation": 102.878622, 
    "DFC_valuation": 184.320168
  },
  "ratios": {
    "ROIC": 6.365275,
    "PB": -33.314552
  },
  "ownerEarnings": 484202000,
  "growth_rate_revenue": 28.021059,
  "growth_rate_net_income": 57.708185
}
