{
  "ticker": "PLOW",
  "valuation": {
    "PE_valuation": 57.753609, 
    "DFC_valuation": 143.263984
  },
  "ratios": {
    "ROIC": 9.926124,
    "PB": 3.494808
  },
  "ownerEarnings": 87509000,
  "growth_rate_revenue": 2.990618,
  "growth_rate_net_income": -76.341283
}
