{
  "ticker": "PLTR",
  "valuation": {
    "PE_valuation": 4.733051, 
    "DFC_valuation": 476.483047
  },
  "ratios": {
    "ROIC": 0.000000,
    "PB": 0.000000
  },
  "ownerEarnings": 55570000,
  "growth_rate_revenue": 18.172472,
  "growth_rate_net_income": -20.603128
}
