{
  "ticker": "PM",
  "valuation": {
    "PE_valuation": 143.261545, 
    "DFC_valuation": 687.316414
  },
  "ratios": {
    "ROIC": 28.929215,
    "PB": -17.514290
  },
  "ownerEarnings": 11667000000,
  "growth_rate_revenue": 78.549354,
  "growth_rate_net_income": 35.364887
}
