{
  "ticker": "PMBC",
  "valuation": {
    "PE_valuation": 37.745378, 
    "DFC_valuation": 2965.967506
  },
  "ratios": {
    "ROIC": -2.881125,
    "PB": 0.761405
  },
  "ownerEarnings": 8175000,
  "growth_rate_revenue": 147.654318,
  "growth_rate_net_income": 347.370764
}
