{
  "ticker": "PMD",
  "valuation": {
    "PE_valuation": 36.120199, 
    "DFC_valuation": 185725.712878
  },
  "ratios": {
    "ROIC": -6.517432,
    "PB": 2.561864
  },
  "ownerEarnings": 1461000,
  "growth_rate_revenue": 209.681373,
  "growth_rate_net_income": -82.420635
}
