{
  "ticker": "PNBK",
  "valuation": {
    "PE_valuation": 362.007293, 
    "DFC_valuation": 784484.942337
  },
  "ratios": {
    "ROIC": 7.737733,
    "PB": 0.702510
  },
  "ownerEarnings": 26499000,
  "growth_rate_revenue": 371.598392,
  "growth_rate_net_income": -34.520911
}
