{
  "ticker": "PNFPP",
  "valuation": {
    "PE_valuation": 13530.522462, 
    "DFC_valuation": 191300560.055667
  },
  "ratios": {
    "ROIC": 11.820118,
    "PB": 1.007172
  },
  "ownerEarnings": 1082631000,
  "growth_rate_revenue": 283.810528,
  "growth_rate_net_income": 61.809434
}
