{
  "ticker": "PNM",
  "valuation": {
    "PE_valuation": 62.278389, 
    "DFC_valuation": -460.110282
  },
  "ratios": {
    "ROIC": 5.202239,
    "PB": 1.906951
  },
  "ownerEarnings": 1784312000,
  "growth_rate_revenue": 4.052668,
  "growth_rate_net_income": -142.621497
}
