{
  "ticker": "PNNTG",
  "valuation": {
    "PE_valuation": -0.000000, 
    "DFC_valuation": 71334.417592
  },
  "ratios": {
    "ROIC": 12.343491,
    "PB": 0.000000
  },
  "ownerEarnings": 74041654000,
  "growth_rate_revenue": 0.000000,
  "growth_rate_net_income": 0.000000
}
