{
  "ticker": "PNW",
  "valuation": {
    "PE_valuation": 110.637936, 
    "DFC_valuation": -600.072796
  },
  "ratios": {
    "ROIC": 4.063576,
    "PB": 1.423033
  },
  "ownerEarnings": 3397259000,
  "growth_rate_revenue": 7.935984,
  "growth_rate_net_income": -3361.564300
}
