{
  "ticker": "POOL",
  "valuation": {
    "PE_valuation": 13121.073399, 
    "DFC_valuation": 1480818.711273
  },
  "ratios": {
    "ROIC": 24.579651,
    "PB": 9.645872
  },
  "ownerEarnings": 897696000,
  "growth_rate_revenue": 48.459079,
  "growth_rate_net_income": -218.489291
}
