{
  "ticker": "POST",
  "valuation": {
    "PE_valuation": 306.015754, 
    "DFC_valuation": 2340.817015
  },
  "ratios": {
    "ROIC": 4.597032,
    "PB": 1.338955
  },
  "ownerEarnings": 531800000,
  "growth_rate_revenue": -3.180496,
  "growth_rate_net_income": -158.271105
}
