{
  "ticker": "PPBI",
  "valuation": {
    "PE_valuation": 1726.965377, 
    "DFC_valuation": 21764.969089
  },
  "ratios": {
    "ROIC": 0.000000,
    "PB": 0.000000
  },
  "ownerEarnings": 30852000,
  "growth_rate_revenue": -19.252457,
  "growth_rate_net_income": -502.800191
}
