{
  "ticker": "PPD",
  "valuation": {
    "PE_valuation": 31.194189, 
    "DFC_valuation": -0.097110
  },
  "ratios": {
    "ROIC": 10.004390,
    "PB": -15.639382
  },
  "ownerEarnings": 1233682000,
  "growth_rate_revenue": -9.855194,
  "growth_rate_net_income": 16.040488
}
