{
  "ticker": "PPIH",
  "valuation": {
    "PE_valuation": 20.317703, 
    "DFC_valuation": -256.081856
  },
  "ratios": {
    "ROIC": 4.919216,
    "PB": 1.401018
  },
  "ownerEarnings": 12510000,
  "growth_rate_revenue": 50.122834,
  "growth_rate_net_income": 11.383616
}
