{
  "ticker": "PRA",
  "valuation": {
    "PE_valuation": -0.249863, 
    "DFC_valuation": -579.265591
  },
  "ratios": {
    "ROIC": 0.039300,
    "PB": 0.512087
  },
  "ownerEarnings": 77929000,
  "growth_rate_revenue": 16.968030,
  "growth_rate_net_income": 17.457065
}
