{
  "ticker": "PRFT",
  "valuation": {
    "PE_valuation": 9133.902639, 
    "DFC_valuation": 12905763.605645
  },
  "ratios": {
    "ROIC": 12.539110,
    "PB": 5.766683
  },
  "ownerEarnings": 133647000,
  "growth_rate_revenue": 216.215240,
  "growth_rate_net_income": -684.724085
}
