{
  "ticker": "PRG",
  "valuation": {
    "PE_valuation": 118.055095, 
    "DFC_valuation": 10010.564325
  },
  "ratios": {
    "ROIC": 106.193892,
    "PB": 1.537258
  },
  "ownerEarnings": 3667575000,
  "growth_rate_revenue": 6.688304,
  "growth_rate_net_income": -29.162283
}
