{
  "ticker": "PRGO",
  "valuation": {
    "PE_valuation": 99.927733, 
    "DFC_valuation": 674.004151
  },
  "ratios": {
    "ROIC": 1.779490,
    "PB": 0.946925
  },
  "ownerEarnings": 873000000,
  "growth_rate_revenue": 20.184668,
  "growth_rate_net_income": 15.635219
}
