{
  "ticker": "PRGS",
  "valuation": {
    "PE_valuation": 240.581547, 
    "DFC_valuation": 19290.779349
  },
  "ratios": {
    "ROIC": 7.918905,
    "PB": 5.091285
  },
  "ownerEarnings": 96970000,
  "growth_rate_revenue": 51.275173,
  "growth_rate_net_income": 59.158386
}
