{
  "ticker": "PRH",
  "valuation": {
    "PE_valuation": -20.788702, 
    "DFC_valuation": -684968909.342129
  },
  "ratios": {
    "ROIC": -2.266331,
    "PB": 2.369902
  },
  "ownerEarnings": 134000000,
  "growth_rate_revenue": 4.666073,
  "growth_rate_net_income": 114.451108
}
