{
  "ticker": "PRI",
  "valuation": {
    "PE_valuation": 99.586248, 
    "DFC_valuation": 919.070301
  },
  "ratios": {
    "ROIC": 8.731584,
    "PB": 3.130257
  },
  "ownerEarnings": 439297000,
  "growth_rate_revenue": -14.186680,
  "growth_rate_net_income": 10.493562
}
