{
  "ticker": "PROS",
  "valuation": {
    "PE_valuation": 6.010014, 
    "DFC_valuation": 152.083804
  },
  "ratios": {
    "ROIC": 2188.929973,
    "PB": 0.725478
  },
  "ownerEarnings": 12745000,
  "growth_rate_revenue": -20.600659,
  "growth_rate_net_income": -112.918573
}
