{
  "ticker": "PROV",
  "valuation": {
    "PE_valuation": 22.053488, 
    "DFC_valuation": 208.390894
  },
  "ratios": {
    "ROIC": 2.355935,
    "PB": 0.702222
  },
  "ownerEarnings": 11336000,
  "growth_rate_revenue": 44.433970,
  "growth_rate_net_income": 58.109717
}
