{
  "ticker": "PRTC",
  "valuation": {
    "PE_valuation": 6.599270, 
    "DFC_valuation": -40.776508
  },
  "ratios": {
    "ROIC": -12.781540,
    "PB": 1.675303
  },
  "ownerEarnings": -264545000,
  "growth_rate_revenue": 63.266464,
  "growth_rate_net_income": 165.470935
}
