{
  "ticker": "PRTS",
  "valuation": {
    "PE_valuation": 10.256548, 
    "DFC_valuation": 893.448563
  },
  "ratios": {
    "ROIC": 1.638823,
    "PB": 3.078872
  },
  "ownerEarnings": 16901000,
  "growth_rate_revenue": 85.553176,
  "growth_rate_net_income": 426.391349
}
