{
  "ticker": "PRTY",
  "valuation": {
    "PE_valuation": 0.020933, 
    "DFC_valuation": -38.898464
  },
  "ratios": {
    "ROIC": 25.968510,
    "PB": 6.788253
  },
  "ownerEarnings": 312474000,
  "growth_rate_revenue": 9.477667,
  "growth_rate_net_income": 549.554431
}
