{
  "ticker": "PSHG",
  "valuation": {
    "PE_valuation": -0.251170, 
    "DFC_valuation": -17574.071738
  },
  "ratios": {
    "ROIC": 10.805901,
    "PB": 0.042062
  },
  "ownerEarnings": 170682000,
  "growth_rate_revenue": 122.742122,
  "growth_rate_net_income": -506.184063
}
