{
  "ticker": "PSMT",
  "valuation": {
    "PE_valuation": 3115.250956, 
    "DFC_valuation": 251550.233646
  },
  "ratios": {
    "ROIC": 7.864014,
    "PB": 2.208625
  },
  "ownerEarnings": 351505000,
  "growth_rate_revenue": 39.742849,
  "growth_rate_net_income": -158.685069
}
