{
  "ticker": "PSO",
  "valuation": {
    "PE_valuation": 9.451770, 
    "DFC_valuation": 31.764941
  },
  "ratios": {
    "ROIC": 3.290233,
    "PB": 1.561851
  },
  "ownerEarnings": 914000000,
  "growth_rate_revenue": 12.742554,
  "growth_rate_net_income": 56.834438
}
