{
  "ticker": "PSXP",
  "valuation": {
    "PE_valuation": 138.084881, 
    "DFC_valuation": 3168.591527
  },
  "ratios": {
    "ROIC": 7.374825,
    "PB": 0.000000
  },
  "ownerEarnings": 1401000000,
  "growth_rate_revenue": 95.186381,
  "growth_rate_net_income": 106.549847
}
