{
  "ticker": "PT",
  "valuation": {
    "PE_valuation": 16.438805, 
    "DFC_valuation": -4.825530
  },
  "ratios": {
    "ROIC": 157.946348,
    "PB": -0.060310
  },
  "ownerEarnings": 29926000,
  "growth_rate_revenue": 229.706674,
  "growth_rate_net_income": 248.372886
}
