{
  "ticker": "PTC",
  "valuation": {
    "PE_valuation": 2571.962734, 
    "DFC_valuation": 632768.953170
  },
  "ratios": {
    "ROIC": 7.098178,
    "PB": 6.286958
  },
  "ownerEarnings": 452213000,
  "growth_rate_revenue": 109.744348,
  "growth_rate_net_income": 149.511133
}
