{
  "ticker": "PTCT",
  "valuation": {
    "PE_valuation": 158.715674, 
    "DFC_valuation": -1586.317326
  },
  "ratios": {
    "ROIC": -85.701582,
    "PB": -7.888195
  },
  "ownerEarnings": -154419000,
  "growth_rate_revenue": 24.073517,
  "growth_rate_net_income": 14.663913
}
