{
  "ticker": "PTON",
  "valuation": {
    "PE_valuation": 437.197048, 
    "DFC_valuation": -878.721209
  },
  "ratios": {
    "ROIC": -43.725722,
    "PB": -9.030819
  },
  "ownerEarnings": -1053100000,
  "growth_rate_revenue": 104.556787,
  "growth_rate_net_income": 441.538938
}
