{
  "ticker": "PTRA",
  "valuation": {
    "PE_valuation": -0.000000, 
    "DFC_valuation": -8771.704478
  },
  "ratios": {
    "ROIC": -34.332492,
    "PB": 1.636068
  },
  "ownerEarnings": -169322000,
  "growth_rate_revenue": 0.000000,
  "growth_rate_net_income": 0.000000
}
