{
  "ticker": "PTSI",
  "valuation": {
    "PE_valuation": 336.353380, 
    "DFC_valuation": 39675.511860
  },
  "ratios": {
    "ROIC": 8.211134,
    "PB": 1.985146
  },
  "ownerEarnings": 101951000,
  "growth_rate_revenue": 40.798878,
  "growth_rate_net_income": 140.409439
}
