{
  "ticker": "PUMP",
  "valuation": {
    "PE_valuation": 0.126139, 
    "DFC_valuation": -15.783382
  },
  "ratios": {
    "ROIC": 4.678856,
    "PB": 1.150748
  },
  "ownerEarnings": 750358000,
  "growth_rate_revenue": 33.472417,
  "growth_rate_net_income": 249.679427
}
