{
  "ticker": "PV-WT",
  "valuation": {
    "PE_valuation": 0.000000, 
    "DFC_valuation": -1.776230
  },
  "ratios": {
    "ROIC": -834.561520,
    "PB": -14146.666107
  },
  "ownerEarnings": 20879042,
  "growth_rate_revenue": 0.000000,
  "growth_rate_net_income": 0.000000
}
