{
  "ticker": "PVH",
  "valuation": {
    "PE_valuation": 131.794088, 
    "DFC_valuation": -4170.199188
  },
  "ratios": {
    "ROIC": 2.928486,
    "PB": 1.143560
  },
  "ownerEarnings": 1141600000,
  "growth_rate_revenue": 10.802977,
  "growth_rate_net_income": 17.725532
}
