{
  "ticker": "PWFL",
  "valuation": {
    "PE_valuation": 13.749470, 
    "DFC_valuation": -305.335202
  },
  "ratios": {
    "ROIC": -4.512296,
    "PB": 0.678587
  },
  "ownerEarnings": 668000,
  "growth_rate_revenue": 132.885409,
  "growth_rate_net_income": -678.504687
}
