{
  "ticker": "PXDT",
  "valuation": {
    "PE_valuation": 0.000000, 
    "DFC_valuation": -707.136642
  },
  "ratios": {
    "ROIC": -66.092026,
    "PB": 0.000000
  },
  "ownerEarnings": -1962562000,
  "growth_rate_revenue": 0.000000,
  "growth_rate_net_income": 0.000000
}
