{
  "ticker": "PYPL",
  "valuation": {
    "PE_valuation": 188.584440, 
    "DFC_valuation": 603.185232
  },
  "ratios": {
    "ROIC": 8.984678,
    "PB": 4.053856
  },
  "ownerEarnings": 4413000000,
  "growth_rate_revenue": 22.838024,
  "growth_rate_net_income": 50.478616
}
