{
  "ticker": "QCOM",
  "valuation": {
    "PE_valuation": 6487.781045, 
    "DFC_valuation": 18182505601677.308594
  },
  "ratios": {
    "ROIC": 20.766325,
    "PB": 5.715690
  },
  "ownerEarnings": 8110000000,
  "growth_rate_revenue": 68.377232,
  "growth_rate_net_income": -93.221394
}
