{
  "ticker": "QCRH",
  "valuation": {
    "PE_valuation": 591.238329, 
    "DFC_valuation": 73843.394844
  },
  "ratios": {
    "ROIC": 6.743826,
    "PB": 1.071646
  },
  "ownerEarnings": 140405000,
  "growth_rate_revenue": 41.136407,
  "growth_rate_net_income": 43.168944
}
