{
  "ticker": "QD",
  "valuation": {
    "PE_valuation": 14.357423, 
    "DFC_valuation": -0.476248
  },
  "ratios": {
    "ROIC": 5.234921,
    "PB": 0.138327
  },
  "ownerEarnings": 1081942389,
  "growth_rate_revenue": 190.662258,
  "growth_rate_net_income": -24.116750
}
