{
  "ticker": "QH",
  "valuation": {
    "PE_valuation": 2.913760, 
    "DFC_valuation": 189.550867
  },
  "ratios": {
    "ROIC": -22.116724,
    "PB": 467.070700
  },
  "ownerEarnings": 4223000,
  "growth_rate_revenue": 60.255453,
  "growth_rate_net_income": 824.814294
}
