{
  "ticker": "QIWI",
  "valuation": {
    "PE_valuation": 2779.132364, 
    "DFC_valuation": 409181.901632
  },
  "ratios": {
    "ROIC": 19.267958,
    "PB": 0.485790
  },
  "ownerEarnings": 18558000000,
  "growth_rate_revenue": 29.792544,
  "growth_rate_net_income": 81.824066
}
