{
  "ticker": "QLYS",
  "valuation": {
    "PE_valuation": 357.180910, 
    "DFC_valuation": 1411.179544
  },
  "ratios": {
    "ROIC": 28.232344,
    "PB": 14.926141
  },
  "ownerEarnings": 110034000,
  "growth_rate_revenue": 23.048922,
  "growth_rate_net_income": 469.881667
}
