{
  "ticker": "QRTEB",
  "valuation": {
    "PE_valuation": -23.960354, 
    "DFC_valuation": -51.753961
  },
  "ratios": {
    "ROIC": 15.413035,
    "PB": 1.503398
  },
  "ownerEarnings": 5010000000,
  "growth_rate_revenue": 8.271295,
  "growth_rate_net_income": -28.689324
}
