{
  "ticker": "QTNT",
  "valuation": {
    "PE_valuation": 8082.144646, 
    "DFC_valuation": -137.470055
  },
  "ratios": {
    "ROIC": -176.303038,
    "PB": -33.947084
  },
  "ownerEarnings": -57110000,
  "growth_rate_revenue": 17.663246,
  "growth_rate_net_income": 139.046453
}
