{
  "ticker": "QTT",
  "valuation": {
    "PE_valuation": 0.487725, 
    "DFC_valuation": -132240.784590
  },
  "ratios": {
    "ROIC": -93.014598,
    "PB": -0.592079
  },
  "ownerEarnings": -1320394000,
  "growth_rate_revenue": 334.492683,
  "growth_rate_net_income": 678.456236
}
