{
  "ticker": "R",
  "valuation": {
    "PE_valuation": 134.104059, 
    "DFC_valuation": -1115.046576
  },
  "ratios": {
    "ROIC": -2.363429,
    "PB": 1.317050
  },
  "ownerEarnings": 2066000000,
  "growth_rate_revenue": 15.940718,
  "growth_rate_net_income": -15.689411
}
