{
  "ticker": "RAVN",
  "valuation": {
    "PE_valuation": 43.430768, 
    "DFC_valuation": 315.101950
  },
  "ratios": {
    "ROIC": 5.923900,
    "PB": 3.552390
  },
  "ownerEarnings": 47232000,
  "growth_rate_revenue": 19.918483,
  "growth_rate_net_income": 30.395058
}
