{
  "ticker": "RBA",
  "valuation": {
    "PE_valuation": 513.755770, 
    "DFC_valuation": 10872.713146
  },
  "ratios": {
    "ROIC": 12.744940,
    "PB": 4.967770
  },
  "ownerEarnings": 310741000,
  "growth_rate_revenue": 23.560137,
  "growth_rate_net_income": 239.609329
}
