{
  "ticker": "RBB",
  "valuation": {
    "PE_valuation": 46.213309, 
    "DFC_valuation": 586.680048
  },
  "ratios": {
    "ROIC": 8.319601,
    "PB": 0.835890
  },
  "ownerEarnings": 117356000,
  "growth_rate_revenue": 31.215727,
  "growth_rate_net_income": 38.925144
}
