{
  "ticker": "RBCAA",
  "valuation": {
    "PE_valuation": 299.070444, 
    "DFC_valuation": 41274.833735
  },
  "ratios": {
    "ROIC": 6.991278,
    "PB": 1.004928
  },
  "ownerEarnings": 106348000,
  "growth_rate_revenue": 66.284721,
  "growth_rate_net_income": 82.142332
}
