{
  "ticker": "RBLX",
  "valuation": {
    "PE_valuation": 491.712195, 
    "DFC_valuation": -26.621213
  },
  "ratios": {
    "ROIC": -39.335717,
    "PB": 55.386174
  },
  "ownerEarnings": -919185000,
  "growth_rate_revenue": 40.460835,
  "growth_rate_net_income": 81.005988
}
