{
  "ticker": "RBNC",
  "valuation": {
    "PE_valuation": 121.721834, 
    "DFC_valuation": -2803.095635
  },
  "ratios": {
    "ROIC": 0.000000,
    "PB": 0.890259
  },
  "ownerEarnings": 82919000,
  "growth_rate_revenue": 76.408795,
  "growth_rate_net_income": 76.783196
}
