{
  "ticker": "RBT",
  "valuation": {
    "PE_valuation": -0.000000, 
    "DFC_valuation": -144.046029
  },
  "ratios": {
    "ROIC": 158.211253,
    "PB": -0.292864
  },
  "ownerEarnings": -314984000,
  "growth_rate_revenue": 0.000000,
  "growth_rate_net_income": 0.000000
}
