{
  "ticker": "RC",
  "valuation": {
    "PE_valuation": 98.316030, 
    "DFC_valuation": 4239.117012
  },
  "ratios": {
    "ROIC": 4.760489,
    "PB": 0.424140
  },
  "ownerEarnings": 999473000,
  "growth_rate_revenue": 81.660417,
  "growth_rate_net_income": -970.626993
}
