{
  "ticker": "RCI",
  "valuation": {
    "PE_valuation": 136.181251, 
    "DFC_valuation": 33.824712
  },
  "ratios": {
    "ROIC": 5.662367,
    "PB": 3.173113
  },
  "ownerEarnings": 10401000000,
  "growth_rate_revenue": 8.808046,
  "growth_rate_net_income": -6.169367
}
