{
  "ticker": "RCII",
  "valuation": {
    "PE_valuation": 42.473762, 
    "DFC_valuation": 86361.588030
  },
  "ratios": {
    "ROIC": 1.206274,
    "PB": 2.449881
  },
  "ownerEarnings": 1452168000,
  "growth_rate_revenue": 104.395194,
  "growth_rate_net_income": 85.481917
}
