{
  "ticker": "RCM",
  "valuation": {
    "PE_valuation": -8.755480, 
    "DFC_valuation": -67.090652
  },
  "ratios": {
    "ROIC": 0.059867,
    "PB": 1.418158
  },
  "ownerEarnings": 268800000,
  "growth_rate_revenue": 14.357703,
  "growth_rate_net_income": 185.351697
}
