{
  "ticker": "RDN",
  "valuation": {
    "PE_valuation": 24.294772, 
    "DFC_valuation": 1807.674321
  },
  "ratios": {
    "ROIC": 6.899455,
    "PB": 0.916539
  },
  "ownerEarnings": -169346000,
  "growth_rate_revenue": 34.003173,
  "growth_rate_net_income": 36.398239
}
