{
  "ticker": "RDNT",
  "valuation": {
    "PE_valuation": 114.208984, 
    "DFC_valuation": -6572.450314
  },
  "ratios": {
    "ROIC": 1.445769,
    "PB": 3.183242
  },
  "ownerEarnings": 462794000,
  "growth_rate_revenue": 18.892892,
  "growth_rate_net_income": 860.935163
}
