{
  "ticker": "RDWR",
  "valuation": {
    "PE_valuation": -3.049238, 
    "DFC_valuation": 6847.062893
  },
  "ratios": {
    "ROIC": 0.030912,
    "PB": 2.672297
  },
  "ownerEarnings": -23117000,
  "growth_rate_revenue": 99.753923,
  "growth_rate_net_income": 313.665982
}
