{
  "ticker": "RDY",
  "valuation": {
    "PE_valuation": 33986.663098, 
    "DFC_valuation": 453319.633046
  },
  "ratios": {
    "ROIC": 28.976368,
    "PB": 3.332613
  },
  "ownerEarnings": 147636000000,
  "growth_rate_revenue": 23.438772,
  "growth_rate_net_income": 272.119164
}
