{
  "ticker": "RE",
  "valuation": {
    "PE_valuation": 899.345610, 
    "DFC_valuation": 57632.277636
  },
  "ratios": {
    "ROIC": 6.069813,
    "PB": 1.530569
  },
  "ownerEarnings": 754000000,
  "growth_rate_revenue": 36.995326,
  "growth_rate_net_income": 3989.642144
}
