{
  "ticker": "REED",
  "valuation": {
    "PE_valuation": 41.643015, 
    "DFC_valuation": -1576.484996
  },
  "ratios": {
    "ROIC": -94.946796,
    "PB": -0.923871
  },
  "ownerEarnings": -9413000,
  "growth_rate_revenue": 22.529454,
  "growth_rate_net_income": 80.423361
}
