{
  "ticker": "REKR",
  "valuation": {
    "PE_valuation": 8.089001, 
    "DFC_valuation": -51.149576
  },
  "ratios": {
    "ROIC": -59.657689,
    "PB": 1.211443
  },
  "ownerEarnings": -13772000,
  "growth_rate_revenue": 37.770798,
  "growth_rate_net_income": 3277.098925
}
