{
  "ticker": "RELX",
  "valuation": {
    "PE_valuation": 37.642268, 
    "DFC_valuation": 127.868828
  },
  "ratios": {
    "ROIC": 16.787013,
    "PB": 11.698193
  },
  "ownerEarnings": 3159000000,
  "growth_rate_revenue": -4.234104,
  "growth_rate_net_income": 41.557713
}
