{
  "ticker": "RENT",
  "valuation": {
    "PE_valuation": 13.859468, 
    "DFC_valuation": -186.231821
  },
  "ratios": {
    "ROIC": -15.538660,
    "PB": -7.808885
  },
  "ownerEarnings": 146900000,
  "growth_rate_revenue": 1.455807,
  "growth_rate_net_income": -73.574512
}
