{
  "ticker": "REPX",
  "valuation": {
    "PE_valuation": -20473.054991, 
    "DFC_valuation": 805486692.077907
  },
  "ratios": {
    "ROIC": 39.936047,
    "PB": 1.738843
  },
  "ownerEarnings": 388635000,
  "growth_rate_revenue": inf,
  "growth_rate_net_income": 25.548325
}
