{
  "ticker": "RES",
  "valuation": {
    "PE_valuation": 38.620602, 
    "DFC_valuation": 351718.515395
  },
  "ratios": {
    "ROIC": 0.000000,
    "PB": 0.000000
  },
  "ownerEarnings": 280650000,
  "growth_rate_revenue": 17.284799,
  "growth_rate_net_income": -49.711621
}
