{
  "ticker": "RETA",
  "valuation": {
    "PE_valuation": 16.787299, 
    "DFC_valuation": -422.378704
  },
  "ratios": {
    "ROIC": -155.936425,
    "PB": -21.003853
  },
  "ownerEarnings": -282690000,
  "growth_rate_revenue": 1.327034,
  "growth_rate_net_income": 162.887791
}
