{
  "ticker": "REVG",
  "valuation": {
    "PE_valuation": 15.146559, 
    "DFC_valuation": 109.645339
  },
  "ratios": {
    "ROIC": 9.540932,
    "PB": 1.676826
  },
  "ownerEarnings": 122100000,
  "growth_rate_revenue": 20.321892,
  "growth_rate_net_income": 330.174861
}
