{
  "ticker": "REXR-PC",
  "valuation": {
    "PE_valuation": 457.852998, 
    "DFC_valuation": 1881.364355
  },
  "ratios": {
    "ROIC": 1.476837,
    "PB": 1.420531
  },
  "ownerEarnings": 513974000,
  "growth_rate_revenue": 44.634402,
  "growth_rate_net_income": 315.489494
}
