{
  "ticker": "REZI",
  "valuation": {
    "PE_valuation": 25.308590, 
    "DFC_valuation": 7.010558
  },
  "ratios": {
    "ROIC": 10.388435,
    "PB": 0.949664
  },
  "ownerEarnings": 698000000,
  "growth_rate_revenue": 5.124420,
  "growth_rate_net_income": -148.328980
}
