{
  "ticker": "RFL",
  "valuation": {
    "PE_valuation": 0.318710, 
    "DFC_valuation": 3275.832388
  },
  "ratios": {
    "ROIC": -14.561688,
    "PB": 0.463905
  },
  "ownerEarnings": -74875000,
  "growth_rate_revenue": -7.104009,
  "growth_rate_net_income": -2094.109377
}
