{
  "ticker": "RFP",
  "valuation": {
    "PE_valuation": 9.490094, 
    "DFC_valuation": 436.568975
  },
  "ratios": {
    "ROIC": 10.804092,
    "PB": 0.801826
  },
  "ownerEarnings": 909000000,
  "growth_rate_revenue": 8.321415,
  "growth_rate_net_income": 97.950203
}
