{
  "ticker": "RGNX",
  "valuation": {
    "PE_valuation": 95.355365, 
    "DFC_valuation": -7082.063809
  },
  "ratios": {
    "ROIC": -37.234324,
    "PB": 1.895964
  },
  "ownerEarnings": -254985000,
  "growth_rate_revenue": 528.476800,
  "growth_rate_net_income": 99.953087
}
