{
  "ticker": "RHI",
  "valuation": {
    "PE_valuation": 912.253451, 
    "DFC_valuation": 128460.231863
  },
  "ratios": {
    "ROIC": 0.000000,
    "PB": 0.000000
  },
  "ownerEarnings": 196383000,
  "growth_rate_revenue": 344.317383,
  "growth_rate_net_income": 22.056930
}
