{
  "ticker": "RHP",
  "valuation": {
    "PE_valuation": 33.759272, 
    "DFC_valuation": 431.042957
  },
  "ratios": {
    "ROIC": 7.916797,
    "PB": 46.956921
  },
  "ownerEarnings": 721948000,
  "growth_rate_revenue": -16.163138,
  "growth_rate_net_income": 184.937704
}
