{
  "ticker": "RIBT",
  "valuation": {
    "PE_valuation": 15.999382, 
    "DFC_valuation": -1751.527450
  },
  "ratios": {
    "ROIC": -29.087977,
    "PB": 0.316125
  },
  "ownerEarnings": -5580000,
  "growth_rate_revenue": 139.654302,
  "growth_rate_net_income": 46.366821
}
