{
  "ticker": "RIG",
  "valuation": {
    "PE_valuation": 9.206594, 
    "DFC_valuation": -226.918618
  },
  "ratios": {
    "ROIC": 0.005938,
    "PB": 0.269180
  },
  "ownerEarnings": 2045000000,
  "growth_rate_revenue": 338.446502,
  "growth_rate_net_income": 4664.537405
}
