{
  "ticker": "RIO",
  "valuation": {
    "PE_valuation": 229.286684, 
    "DFC_valuation": 4413.817526
  },
  "ratios": {
    "ROIC": 21.944126,
    "PB": 2.298550
  },
  "ownerEarnings": 28542000000,
  "growth_rate_revenue": 16.849943,
  "growth_rate_net_income": 57.191561
}
