{
  "ticker": "RIOT",
  "valuation": {
    "PE_valuation": 96.515098, 
    "DFC_valuation": -396458.554946
  },
  "ratios": {
    "ROIC": 26.905008,
    "PB": 0.410512
  },
  "ownerEarnings": 1639865000,
  "growth_rate_revenue": 4.193203,
  "growth_rate_net_income": -299.930740
}
