{
  "ticker": "RKDA",
  "valuation": {
    "PE_valuation": 25.283886, 
    "DFC_valuation": -1073.947303
  },
  "ratios": {
    "ROIC": -77.474030,
    "PB": 0.308913
  },
  "ownerEarnings": -27574000,
  "growth_rate_revenue": -9.274070,
  "growth_rate_net_income": 8.223625
}
