{
  "ticker": "RL",
  "valuation": {
    "PE_valuation": 197.128901, 
    "DFC_valuation": 706.994855
  },
  "ratios": {
    "ROIC": 7.583420,
    "PB": 3.249767
  },
  "ownerEarnings": 990600000,
  "growth_rate_revenue": 18.811186,
  "growth_rate_net_income": 44.494309
}
