{
  "ticker": "RLGY",
  "valuation": {
    "PE_valuation": 14.812069, 
    "DFC_valuation": 313.465197
  },
  "ratios": {
    "ROIC": 8.081054,
    "PB": 0.885870
  },
  "ownerEarnings": 1040000000,
  "growth_rate_revenue": 8.045370,
  "growth_rate_net_income": 14.588869
}
