{
  "ticker": "RM",
  "valuation": {
    "PE_valuation": 96.115887, 
    "DFC_valuation": 5256.704385
  },
  "ratios": {
    "ROIC": 4.124492,
    "PB": 0.912912
  },
  "ownerEarnings": 132999000,
  "growth_rate_revenue": 30.422373,
  "growth_rate_net_income": 20.017321
}
