{
  "ticker": "RMAX",
  "valuation": {
    "PE_valuation": 11.786105, 
    "DFC_valuation": 256.774336
  },
  "ratios": {
    "ROIC": 2.850577,
    "PB": 0.725507
  },
  "ownerEarnings": 107846000,
  "growth_rate_revenue": 6.040327,
  "growth_rate_net_income": 247.424780
}
