{
  "ticker": "RMBI",
  "valuation": {
    "PE_valuation": 15.379333, 
    "DFC_valuation": 107.335369
  },
  "ratios": {
    "ROIC": 6.771379,
    "PB": 1.199875
  },
  "ownerEarnings": 32288660,
  "growth_rate_revenue": 13.579292,
  "growth_rate_net_income": -95.621760
}
