{
  "ticker": "RMPL-P",
  "valuation": {
    "PE_valuation": 0.000000, 
    "DFC_valuation": 29.829911
  },
  "ratios": {
    "ROIC": 4.965351,
    "PB": 0.000000
  },
  "ownerEarnings": 3365349,
  "growth_rate_revenue": -225.571724,
  "growth_rate_net_income": -1866.489955
}
