{
  "ticker": "RMR",
  "valuation": {
    "PE_valuation": 33.697092, 
    "DFC_valuation": 748.335547
  },
  "ratios": {
    "ROIC": 32.359690,
    "PB": 1.677728
  },
  "ownerEarnings": 101047000,
  "growth_rate_revenue": 16.628213,
  "growth_rate_net_income": 97.297416
}
