{
  "ticker": "RMTI",
  "valuation": {
    "PE_valuation": 23.647314, 
    "DFC_valuation": -2566.548789
  },
  "ratios": {
    "ROIC": -49.769642,
    "PB": 0.706473
  },
  "ownerEarnings": -16781000,
  "growth_rate_revenue": 36.682641,
  "growth_rate_net_income": -8.065583
}
