{
  "ticker": "RNA",
  "valuation": {
    "PE_valuation": 205.921227, 
    "DFC_valuation": -4330.508782
  },
  "ratios": {
    "ROIC": -29.153641,
    "PB": 2.002292
  },
  "ownerEarnings": -201842000,
  "growth_rate_revenue": 160.214661,
  "growth_rate_net_income": 79.248805
}
