{
  "ticker": "RNR-PG",
  "valuation": {
    "PE_valuation": -1100.523032, 
    "DFC_valuation": 28437.683769
  },
  "ratios": {
    "ROIC": -15.445367,
    "PB": 1.488986
  },
  "ownerEarnings": -376475900,
  "growth_rate_revenue": 11.969916,
  "growth_rate_net_income": 8.715018
}
