{
  "ticker": "RNW",
  "valuation": {
    "PE_valuation": 430.622972, 
    "DFC_valuation": -8172.475317
  },
  "ratios": {
    "ROIC": 15.249216,
    "PB": 1.628064
  },
  "ownerEarnings": 191490000000,
  "growth_rate_revenue": -8.322212,
  "growth_rate_net_income": -22.437725
}
