{
  "ticker": "ROAD",
  "valuation": {
    "PE_valuation": 45.802744, 
    "DFC_valuation": 109.384629
  },
  "ratios": {
    "ROIC": 6.650976,
    "PB": 3.668003
  },
  "ownerEarnings": 218311000,
  "growth_rate_revenue": 13.963631,
  "growth_rate_net_income": 10.428981
}
