{
  "ticker": "ROOT",
  "valuation": {
    "PE_valuation": -3.223491, 
    "DFC_valuation": -127.209150
  },
  "ratios": {
    "ROIC": 0.957102,
    "PB": 0.228470
  },
  "ownerEarnings": 68800000,
  "growth_rate_revenue": 119.822645,
  "growth_rate_net_income": 44.897018
}
