{
  "ticker": "ROST",
  "valuation": {
    "PE_valuation": 880.356651, 
    "DFC_valuation": 0.000000
  },
  "ratios": {
    "ROIC": 11.432291,
    "PB": 9.568579
  },
  "ownerEarnings": 1912380000,
  "growth_rate_revenue": 21.054970,
  "growth_rate_net_income": -178.292009
}
