{
  "ticker": "RPT-PD",
  "valuation": {
    "PE_valuation": 24.933373, 
    "DFC_valuation": 144.012460
  },
  "ratios": {
    "ROIC": 1.985163,
    "PB": 0.880445
  },
  "ownerEarnings": 93732000,
  "growth_rate_revenue": -4.169842,
  "growth_rate_net_income": -170.177041
}
