{
  "ticker": "RRX",
  "valuation": {
    "PE_valuation": 1550.009401, 
    "DFC_valuation": 169454.635166
  },
  "ratios": {
    "ROIC": 6.528837,
    "PB": 1.252726
  },
  "ownerEarnings": 1028300000,
  "growth_rate_revenue": 32.552939,
  "growth_rate_net_income": 35.663685
}
