{
  "ticker": "RSG",
  "valuation": {
    "PE_valuation": 356.043345, 
    "DFC_valuation": 2051.906587
  },
  "ratios": {
    "ROIC": 8.924735,
    "PB": 4.215280
  },
  "ownerEarnings": 5395900000,
  "growth_rate_revenue": 16.810600,
  "growth_rate_net_income": 15.632769
}
