{
  "ticker": "RTLR",
  "valuation": {
    "PE_valuation": 24.367532, 
    "DFC_valuation": 7503.596099
  },
  "ratios": {
    "ROIC": 23.023885,
    "PB": 46296.116000
  },
  "ownerEarnings": 377488000,
  "growth_rate_revenue": 192.694318,
  "growth_rate_net_income": 183.873991
}
