{
  "ticker": "RTO",
  "valuation": {
    "PE_valuation": 125.541059, 
    "DFC_valuation": 377.711278
  },
  "ratios": {
    "ROIC": 2.494072,
    "PB": 2.487473
  },
  "ownerEarnings": 888000000,
  "growth_rate_revenue": 20.256999,
  "growth_rate_net_income": 44.419845
}
