{
  "ticker": "RUTH",
  "valuation": {
    "PE_valuation": 22.847853, 
    "DFC_valuation": 49.732974
  },
  "ratios": {
    "ROIC": 6.278437,
    "PB": 3.864025
  },
  "ownerEarnings": 109220000,
  "growth_rate_revenue": 7.609879,
  "growth_rate_net_income": 124.185915
}
