{
  "ticker": "RXRX",
  "valuation": {
    "PE_valuation": -0.000000, 
    "DFC_valuation": -1320.839112
  },
  "ratios": {
    "ROIC": -41.838841,
    "PB": 2.785873
  },
  "ownerEarnings": -230717000,
  "growth_rate_revenue": 0.000000,
  "growth_rate_net_income": 0.000000
}
