{
  "ticker": "RXT",
  "valuation": {
    "PE_valuation": 8.167894, 
    "DFC_valuation": 34.679960
  },
  "ratios": {
    "ROIC": -0.147358,
    "PB": 0.989738
  },
  "ownerEarnings": 1432300000,
  "growth_rate_revenue": 9.929567,
  "growth_rate_net_income": 251.283416
}
