{
  "ticker": "RYI",
  "valuation": {
    "PE_valuation": 20.315212, 
    "DFC_valuation": 639.238641
  },
  "ratios": {
    "ROIC": 25.005943,
    "PB": 1.285477
  },
  "ownerEarnings": 572700000,
  "growth_rate_revenue": -5.056779,
  "growth_rate_net_income": -387.202145
}
