{
  "ticker": "RZB",
  "valuation": {
    "PE_valuation": 780.014915, 
    "DFC_valuation": 98278.305450
  },
  "ratios": {
    "ROIC": 8.338136,
    "PB": 2.293322
  },
  "ownerEarnings": 908000000,
  "growth_rate_revenue": 31.247805,
  "growth_rate_net_income": 16.206231
}
