{
  "ticker": "S",
  "valuation": {
    "PE_valuation": -0.000000, 
    "DFC_valuation": -303.424607
  },
  "ratios": {
    "ROIC": -23.189737,
    "PB": 2.530351
  },
  "ownerEarnings": -511066000,
  "growth_rate_revenue": 0.000000,
  "growth_rate_net_income": 0.000000
}
