{
  "ticker": "SAFE",
  "valuation": {
    "PE_valuation": -1604.560564, 
    "DFC_valuation": 2368.646771
  },
  "ratios": {
    "ROIC": -0.235748,
    "PB": 2.071111
  },
  "ownerEarnings": 238099000,
  "growth_rate_revenue": -18.402946,
  "growth_rate_net_income": -254.540455
}
