{
  "ticker": "SAL",
  "valuation": {
    "PE_valuation": 67.344306, 
    "DFC_valuation": 972.932191
  },
  "ratios": {
    "ROIC": 11.624014,
    "PB": 1.378268
  },
  "ownerEarnings": 25730000,
  "growth_rate_revenue": 10.109891,
  "growth_rate_net_income": 9.886286
}
