{
  "ticker": "SANM",
  "valuation": {
    "PE_valuation": 1070.959408, 
    "DFC_valuation": 65069.075359
  },
  "ratios": {
    "ROIC": 13.606479,
    "PB": 1.354223
  },
  "ownerEarnings": 654367000,
  "growth_rate_revenue": 45.074871,
  "growth_rate_net_income": -302.219323
}
