{
  "ticker": "SATS",
  "valuation": {
    "PE_valuation": -717.806647, 
    "DFC_valuation": 86728.577047
  },
  "ratios": {
    "ROIC": 2.551883,
    "PB": 0.421246
  },
  "ownerEarnings": 923579000,
  "growth_rate_revenue": 1320.759399,
  "growth_rate_net_income": 258.343570
}
