{
  "ticker": "SBGI",
  "valuation": {
    "PE_valuation": 94.160551, 
    "DFC_valuation": 56494.298923
  },
  "ratios": {
    "ROIC": 6.767700,
    "PB": 1.465011
  },
  "ownerEarnings": -3179000000,
  "growth_rate_revenue": 57.302594,
  "growth_rate_net_income": -299.841809
}
