{
  "ticker": "SBNYP",
  "valuation": {
    "PE_valuation": 19068.457865, 
    "DFC_valuation": 21502496.772765
  },
  "ratios": {
    "ROIC": 10.327879,
    "PB": 0.895090
  },
  "ownerEarnings": 3382577000,
  "growth_rate_revenue": 190.591770,
  "growth_rate_net_income": 242.542900
}
