{
  "ticker": "SBUX",
  "valuation": {
    "PE_valuation": 5427.589486, 
    "DFC_valuation": 22553018.199793
  },
  "ratios": {
    "ROIC": 17.371510,
    "PB": -13.024108
  },
  "ownerEarnings": 7706900000,
  "growth_rate_revenue": 81.056528,
  "growth_rate_net_income": 103.833860
}
