{
  "ticker": "SCCF",
  "valuation": {
    "PE_valuation": 3778.630102, 
    "DFC_valuation": 9.174873
  },
  "ratios": {
    "ROIC": 8.341033,
    "PB": 3.482826
  },
  "ownerEarnings": 43010051,
  "growth_rate_revenue": 24.887406,
  "growth_rate_net_income": -16.024649
}
