{
  "ticker": "SCR",
  "valuation": {
    "PE_valuation": 11.228036, 
    "DFC_valuation": -2471.930550
  },
  "ratios": {
    "ROIC": 2173.440122,
    "PB": 7.110467
  },
  "ownerEarnings": -17184000,
  "growth_rate_revenue": 56.978370,
  "growth_rate_net_income": 30.729219
}
