{
  "ticker": "SCSC",
  "valuation": {
    "PE_valuation": 3189.890861, 
    "DFC_valuation": -15729009.420782
  },
  "ratios": {
    "ROIC": 7.897635,
    "PB": 0.820942
  },
  "ownerEarnings": 131166000,
  "growth_rate_revenue": 227.344516,
  "growth_rate_net_income": 31.311404
}
