{
  "ticker": "SCX",
  "valuation": {
    "PE_valuation": 10.773448, 
    "DFC_valuation": 181.132807
  },
  "ratios": {
    "ROIC": 11.246264,
    "PB": 0.596569
  },
  "ownerEarnings": 22333000,
  "growth_rate_revenue": 11.391102,
  "growth_rate_net_income": 1.475341
}
