{
  "ticker": "SDIG",
  "valuation": {
    "PE_valuation": -0.000000, 
    "DFC_valuation": -1000.990303
  },
  "ratios": {
    "ROIC": -29.056478,
    "PB": 1.306365
  },
  "ownerEarnings": 226096017,
  "growth_rate_revenue": 0.000000,
  "growth_rate_net_income": 0.000000
}
