{
  "ticker": "SE",
  "valuation": {
    "PE_valuation": 585.634058, 
    "DFC_valuation": -84662.069986
  },
  "ratios": {
    "ROIC": -11.219290,
    "PB": 5.080560
  },
  "ownerEarnings": -547090000,
  "growth_rate_revenue": 95.646228,
  "growth_rate_net_income": 101.716295
}
