{
  "ticker": "SEAL-PA",
  "valuation": {
    "PE_valuation": 0.000000, 
    "DFC_valuation": 15633.103375
  },
  "ratios": {
    "ROIC": 3.516389,
    "PB": 0.000000
  },
  "ownerEarnings": 261309000,
  "growth_rate_revenue": 32.501713,
  "growth_rate_net_income": -1603.144341
}
