{
  "ticker": "SEDG",
  "valuation": {
    "PE_valuation": 1068.957318, 
    "DFC_valuation": -15372.215987
  },
  "ratios": {
    "ROIC": 2.915250,
    "PB": 7.170077
  },
  "ownerEarnings": 145334000,
  "growth_rate_revenue": 73.019041,
  "growth_rate_net_income": 12.770114
}
