{
  "ticker": "SEIC",
  "valuation": {
    "PE_valuation": 264.003874, 
    "DFC_valuation": 25483.704219
  },
  "ratios": {
    "ROIC": 0.000000,
    "PB": 0.000000
  },
  "ownerEarnings": -592103000,
  "growth_rate_revenue": 12.898594,
  "growth_rate_net_income": -121.786068
}
