{
  "ticker": "SES-WT",
  "valuation": {
    "PE_valuation": 0.047797, 
    "DFC_valuation": -12.356715
  },
  "ratios": {
    "ROIC": -19.363715,
    "PB": 2.315860
  },
  "ownerEarnings": -141011000,
  "growth_rate_revenue": 184.385112,
  "growth_rate_net_income": -31.765749
}
