{
  "ticker": "SFET",
  "valuation": {
    "PE_valuation": 43.684225, 
    "DFC_valuation": -1142.813869
  },
  "ratios": {
    "ROIC": -64.230708,
    "PB": 0.795686
  },
  "ownerEarnings": -13375000,
  "growth_rate_revenue": 60.083900,
  "growth_rate_net_income": 108.321383
}
