{
  "ticker": "SFIX",
  "valuation": {
    "PE_valuation": 5.233285, 
    "DFC_valuation": 31.992932
  },
  "ratios": {
    "ROIC": -32.209162,
    "PB": 2.276913
  },
  "ownerEarnings": -222565000,
  "growth_rate_revenue": 29.800234,
  "growth_rate_net_income": -2036.832588
}
