{
  "ticker": "SFL",
  "valuation": {
    "PE_valuation": 7.302860, 
    "DFC_valuation": -117.565307
  },
  "ratios": {
    "ROIC": 4.169098,
    "PB": 1.071262
  },
  "ownerEarnings": 1083453000,
  "growth_rate_revenue": 5.536392,
  "growth_rate_net_income": 402.650151
}
