{
  "ticker": "SFST",
  "valuation": {
    "PE_valuation": 1594.195011, 
    "DFC_valuation": 18098331.475106
  },
  "ratios": {
    "ROIC": 0.000000,
    "PB": 0.000000
  },
  "ownerEarnings": 11689001,
  "growth_rate_revenue": 556.578145,
  "growth_rate_net_income": -163.083649
}
