{
  "ticker": "SG",
  "valuation": {
    "PE_valuation": 17.855806, 
    "DFC_valuation": -93.547675
  },
  "ratios": {
    "ROIC": -15.518226,
    "PB": 1.796722
  },
  "ownerEarnings": -90075000,
  "growth_rate_revenue": -27.086791,
  "growth_rate_net_income": 78.778637
}
