{
  "ticker": "SGBX",
  "valuation": {
    "PE_valuation": 16.247335, 
    "DFC_valuation": -123980.706529
  },
  "ratios": {
    "ROIC": -31.715492,
    "PB": 0.577721
  },
  "ownerEarnings": -7494846,
  "growth_rate_revenue": 35.059867,
  "growth_rate_net_income": -18.913536
}
