{
  "ticker": "SGC",
  "valuation": {
    "PE_valuation": -45.914928, 
    "DFC_valuation": -162.308680
  },
  "ratios": {
    "ROIC": 3.525527,
    "PB": 0.823444
  },
  "ownerEarnings": 93679000,
  "growth_rate_revenue": 5.795064,
  "growth_rate_net_income": 23.312714
}
