{
  "ticker": "SGEN",
  "valuation": {
    "PE_valuation": 89559.851022, 
    "DFC_valuation": -3759960151.145867
  },
  "ratios": {
    "ROIC": -21.485799,
    "PB": 8.464424
  },
  "ownerEarnings": -786230000,
  "growth_rate_revenue": 242.749754,
  "growth_rate_net_income": 53.698131
}
