{
  "ticker": "SGHLU",
  "valuation": {
    "PE_valuation": 0.000000, 
    "DFC_valuation": -4.841777
  },
  "ratios": {
    "ROIC": -1416.214087,
    "PB": 0.000844
  },
  "ownerEarnings": -2022462289,
  "growth_rate_revenue": 0.000000,
  "growth_rate_net_income": 0.000000
}
