{
  "ticker": "SGHT",
  "valuation": {
    "PE_valuation": 163.669180, 
    "DFC_valuation": -567.230162
  },
  "ratios": {
    "ROIC": -42.837359,
    "PB": 3.649748
  },
  "ownerEarnings": -91528000,
  "growth_rate_revenue": 62.818388,
  "growth_rate_net_income": 33.398896
}
