{
  "ticker": "SGTX",
  "valuation": {
    "PE_valuation": 26.884560, 
    "DFC_valuation": -143.830102
  },
  "ratios": {
    "ROIC": -56.885639,
    "PB": 3.766959
  },
  "ownerEarnings": -46635000,
  "growth_rate_revenue": 26.591377,
  "growth_rate_net_income": 4.255300
}
