{
  "ticker": "SHBI",
  "valuation": {
    "PE_valuation": 303.638295, 
    "DFC_valuation": 168290.905942
  },
  "ratios": {
    "ROIC": 8.659883,
    "PB": 0.949622
  },
  "ownerEarnings": 60030000,
  "growth_rate_revenue": 507.274642,
  "growth_rate_net_income": 63.818893
}
