{
  "ticker": "SHC",
  "valuation": {
    "PE_valuation": 112.267812, 
    "DFC_valuation": 13.810484
  },
  "ratios": {
    "ROIC": 9.976910,
    "PB": 6.661755
  },
  "ownerEarnings": 979900000,
  "growth_rate_revenue": -17.241807,
  "growth_rate_net_income": -120.021000
}
