{
  "ticker": "SHCAW",
  "valuation": {
    "PE_valuation": 0.000000, 
    "DFC_valuation": -6.716865
  },
  "ratios": {
    "ROIC": -229.150182,
    "PB": -15248.607172
  },
  "ownerEarnings": 6635716,
  "growth_rate_revenue": 0.000000,
  "growth_rate_net_income": 0.000000
}
