{
  "ticker": "SHG",
  "valuation": {
    "PE_valuation": 270520.689841, 
    "DFC_valuation": 2448370471.996405
  },
  "ratios": {
    "ROIC": 6.161599,
    "PB": 0.391109
  },
  "ownerEarnings": 11523711000000,
  "growth_rate_revenue": 105.847311,
  "growth_rate_net_income": 90.393829
}
