{
  "ticker": "SHO-PH",
  "valuation": {
    "PE_valuation": 12.167283, 
    "DFC_valuation": 115.818990
  },
  "ratios": {
    "ROIC": 3.559846,
    "PB": 0.985074
  },
  "ownerEarnings": 233193000,
  "growth_rate_revenue": 50.935452,
  "growth_rate_net_income": 6.080347
}
