{
  "ticker": "SHQA",
  "valuation": {
    "PE_valuation": 0.000000, 
    "DFC_valuation": -1.995755
  },
  "ratios": {
    "ROIC": -505.860388,
    "PB": -15888.511077
  },
  "ownerEarnings": 6936302,
  "growth_rate_revenue": 0.000000,
  "growth_rate_net_income": 0.000000
}
