{
  "ticker": "SHSP",
  "valuation": {
    "PE_valuation": 12.529296, 
    "DFC_valuation": -137.464478
  },
  "ratios": {
    "ROIC": 607.209887,
    "PB": 5.256258
  },
  "ownerEarnings": -3153115,
  "growth_rate_revenue": 53.468867,
  "growth_rate_net_income": 220.104305
}
