{
  "ticker": "SIBN",
  "valuation": {
    "PE_valuation": 28.570618, 
    "DFC_valuation": -134.800118
  },
  "ratios": {
    "ROIC": -43.109575,
    "PB": 4.731794
  },
  "ownerEarnings": -71991000,
  "growth_rate_revenue": 8.283953,
  "growth_rate_net_income": 73.640100
}
