{
  "ticker": "SIDU",
  "valuation": {
    "PE_valuation": -0.000000, 
    "DFC_valuation": -48.291514
  },
  "ratios": {
    "ROIC": -281.207108,
    "PB": 482.830267
  },
  "ownerEarnings": -16703073,
  "growth_rate_revenue": 0.000000,
  "growth_rate_net_income": 0.000000
}
