{
  "ticker": "SIFY",
  "valuation": {
    "PE_valuation": 3268.082737, 
    "DFC_valuation": -10090071.969179
  },
  "ratios": {
    "ROIC": 3.804584,
    "PB": 1.103117
  },
  "ownerEarnings": 20701423000,
  "growth_rate_revenue": 195.201966,
  "growth_rate_net_income": 175.035603
}
