{
  "ticker": "SIGI",
  "valuation": {
    "PE_valuation": 0.737320, 
    "DFC_valuation": 670.137905
  },
  "ratios": {
    "ROIC": 7.782586,
    "PB": 2.117686
  },
  "ownerEarnings": 314093000,
  "growth_rate_revenue": 14.837754,
  "growth_rate_net_income": -77.363865
}
