{
  "ticker": "SILK",
  "valuation": {
    "PE_valuation": 129.686702, 
    "DFC_valuation": -367.793491
  },
  "ratios": {
    "ROIC": -22.648648,
    "PB": 11.537722
  },
  "ownerEarnings": -69685000,
  "growth_rate_revenue": 78.989088,
  "growth_rate_net_income": 37.105271
}
