{
  "ticker": "SIM",
  "valuation": {
    "PE_valuation": 3573.105015, 
    "DFC_valuation": 151334.284421
  },
  "ratios": {
    "ROIC": 17.647823,
    "PB": 2.277106
  },
  "ownerEarnings": 12360751000,
  "growth_rate_revenue": 22.773882,
  "growth_rate_net_income": -283.155395
}
