{
  "ticker": "SIMO",
  "valuation": {
    "PE_valuation": 921.360145, 
    "DFC_valuation": 7222.547633
  },
  "ratios": {
    "ROIC": 23.491339,
    "PB": 2.950250
  },
  "ownerEarnings": 200640000,
  "growth_rate_revenue": 94.776060,
  "growth_rate_net_income": 64.440186
}
