{
  "ticker": "SJIJ",
  "valuation": {
    "PE_valuation": 124.712828, 
    "DFC_valuation": -614.892875
  },
  "ratios": {
    "ROIC": 3.995622,
    "PB": 1.271812
  },
  "ownerEarnings": 988679000,
  "growth_rate_revenue": 0.199354,
  "growth_rate_net_income": 7.048316
}
