{
  "ticker": "SKY",
  "valuation": {
    "PE_valuation": 219.839632, 
    "DFC_valuation": 1822.584575
  },
  "ratios": {
    "ROIC": 31.318748,
    "PB": 3.476990
  },
  "ownerEarnings": 435390000,
  "growth_rate_revenue": 1.461491,
  "growth_rate_net_income": -8.666611
}
