{
  "ticker": "SLG",
  "valuation": {
    "PE_valuation": -501.415391, 
    "DFC_valuation": -14583.135760
  },
  "ratios": {
    "ROIC": 0.000000,
    "PB": 0.000000
  },
  "ownerEarnings": 1822151000,
  "growth_rate_revenue": 96.386976,
  "growth_rate_net_income": 36.469616
}
