{
  "ticker": "SLGN",
  "valuation": {
    "PE_valuation": 8.567020, 
    "DFC_valuation": 279.193844
  },
  "ratios": {
    "ROIC": 0.000000,
    "PB": 0.000000
  },
  "ownerEarnings": 352400000,
  "growth_rate_revenue": 21.211235,
  "growth_rate_net_income": -39.049296
}
