{
  "ticker": "SLVM",
  "valuation": {
    "PE_valuation": 17.041034, 
    "DFC_valuation": 388.458864
  },
  "ratios": {
    "ROIC": 22.552312,
    "PB": 3.154705
  },
  "ownerEarnings": 728000000,
  "growth_rate_revenue": -26.896889,
  "growth_rate_net_income": -17.178643
}
