{
  "ticker": "SMFG",
  "valuation": {
    "PE_valuation": 217.097692, 
    "DFC_valuation": -345409.910695
  },
  "ratios": {
    "ROIC": 5.564883,
    "PB": 0.114718
  },
  "ownerEarnings": 5486251000000,
  "growth_rate_revenue": 32.687182,
  "growth_rate_net_income": 156.631860
}
