{
  "ticker": "SMLP",
  "valuation": {
    "PE_valuation": 51.431546, 
    "DFC_valuation": 3342.412124
  },
  "ratios": {
    "ROIC": -3.477028,
    "PB": 0.189722
  },
  "ownerEarnings": 122945000,
  "growth_rate_revenue": 95.481133,
  "growth_rate_net_income": 252.208214
}
