{
  "ticker": "SMMT",
  "valuation": {
    "PE_valuation": 55.465015, 
    "DFC_valuation": -31559.220612
  },
  "ratios": {
    "ROIC": -10.473155,
    "PB": 6.487582
  },
  "ownerEarnings": -61033000,
  "growth_rate_revenue": 3031.378209,
  "growth_rate_net_income": 676.361747
}
