{
  "ticker": "SNN",
  "valuation": {
    "PE_valuation": 44.016110, 
    "DFC_valuation": 32.860231
  },
  "ratios": {
    "ROIC": 5.128153,
    "PB": 2.280460
  },
  "ownerEarnings": 1814000000,
  "growth_rate_revenue": 23.809030,
  "growth_rate_net_income": 22.452501
}
