{
  "ticker": "SNOA",
  "valuation": {
    "PE_valuation": 6.763914, 
    "DFC_valuation": -271.093589
  },
  "ratios": {
    "ROIC": -49.122767,
    "PB": 0.416964
  },
  "ownerEarnings": -4199000,
  "growth_rate_revenue": 44.180995,
  "growth_rate_net_income": 341.132339
}
