{
  "ticker": "SNPS",
  "valuation": {
    "PE_valuation": 10513.330301, 
    "DFC_valuation": 2447327.489805
  },
  "ratios": {
    "ROIC": 15.825689,
    "PB": 11.618650
  },
  "ownerEarnings": 1105731000,
  "growth_rate_revenue": 81.795678,
  "growth_rate_net_income": 71.935439
}
