{
  "ticker": "SNY",
  "valuation": {
    "PE_valuation": 149.040001, 
    "DFC_valuation": 1932.786465
  },
  "ratios": {
    "ROIC": 8.764742,
    "PB": 1.518624
  },
  "ownerEarnings": 15733000000,
  "growth_rate_revenue": 34.654923,
  "growth_rate_net_income": 35.764035
}
