{
  "ticker": "SOFIW",
  "valuation": {
    "PE_valuation": 9.598102, 
    "DFC_valuation": -59365.167904
  },
  "ratios": {
    "ROIC": 0.000000,
    "PB": 0.000000
  },
  "ownerEarnings": -299910000,
  "growth_rate_revenue": 64.084835,
  "growth_rate_net_income": 16.126006
}
