{
  "ticker": "SOFO",
  "valuation": {
    "PE_valuation": 7.779595, 
    "DFC_valuation": -390.084422
  },
  "ratios": {
    "ROIC": -2558.743050,
    "PB": -0.572134
  },
  "ownerEarnings": -15412000,
  "growth_rate_revenue": 104.686503,
  "growth_rate_net_income": 353.400320
}
