{
  "ticker": "SOGO",
  "valuation": {
    "PE_valuation": -6.417348, 
    "DFC_valuation": -168.490358
  },
  "ratios": {
    "ROIC": -20.066154,
    "PB": 3.210942
  },
  "ownerEarnings": -126043000,
  "growth_rate_revenue": 32.584534,
  "growth_rate_net_income": -114.365511
}
