{
  "ticker": "SOJD",
  "valuation": {
    "PE_valuation": 0.000000, 
    "DFC_valuation": 295.596266
  },
  "ratios": {
    "ROIC": 5.927106,
    "PB": 0.606520
  },
  "ownerEarnings": 11601000000,
  "growth_rate_revenue": 0.000000,
  "growth_rate_net_income": 0.000000
}
