{
  "ticker": "SOPA",
  "valuation": {
    "PE_valuation": -0.000000, 
    "DFC_valuation": -565623.865293
  },
  "ratios": {
    "ROIC": -130.698635,
    "PB": 1.188590
  },
  "ownerEarnings": -31544932,
  "growth_rate_revenue": 0.000000,
  "growth_rate_net_income": 0.000000
}
