{
  "ticker": "SOS",
  "valuation": {
    "PE_valuation": 57.576511, 
    "DFC_valuation": -3.636569
  },
  "ratios": {
    "ROIC": -52.266089,
    "PB": 0.042439
  },
  "ownerEarnings": -189981000,
  "growth_rate_revenue": 0.494367,
  "growth_rate_net_income": -5750.808803
}
