{
  "ticker": "SP",
  "valuation": {
    "PE_valuation": 83.008752, 
    "DFC_valuation": 918.752379
  },
  "ratios": {
    "ROIC": 6.032643,
    "PB": 3.196907
  },
  "ownerEarnings": 127100000,
  "growth_rate_revenue": 37.297205,
  "growth_rate_net_income": 8.281965
}
