{
  "ticker": "SPB",
  "valuation": {
    "PE_valuation": 219.716484, 
    "DFC_valuation": -5376.802850
  },
  "ratios": {
    "ROIC": -3.882725,
    "PB": 1.107904
  },
  "ownerEarnings": 400900000,
  "growth_rate_revenue": -19.894929,
  "growth_rate_net_income": 69.423908
}
