{
  "ticker": "SPG",
  "valuation": {
    "PE_valuation": 471.076212, 
    "DFC_valuation": 6116.485401
  },
  "ratios": {
    "ROIC": 8.442873,
    "PB": 12.300738
  },
  "ownerEarnings": 5073069000,
  "growth_rate_revenue": 35.733514,
  "growth_rate_net_income": 68.320264
}
