{
  "ticker": "SPGI",
  "valuation": {
    "PE_valuation": 771.735859, 
    "DFC_valuation": 1815.257010
  },
  "ratios": {
    "ROIC": 4.803791,
    "PB": 2.909847
  },
  "ownerEarnings": 1238000000,
  "growth_rate_revenue": 6.845575,
  "growth_rate_net_income": 69.730972
}
