{
  "ticker": "SPNS",
  "valuation": {
    "PE_valuation": 123.960803, 
    "DFC_valuation": 379.296494
  },
  "ratios": {
    "ROIC": 9.640762,
    "PB": 2.513136
  },
  "ownerEarnings": 82147000,
  "growth_rate_revenue": 25.779842,
  "growth_rate_net_income": -618.483898
}
