{
  "ticker": "SPOT",
  "valuation": {
    "PE_valuation": 579.937123, 
    "DFC_valuation": 5.850007
  },
  "ratios": {
    "ROIC": -16.509266,
    "PB": 5.941766
  },
  "ownerEarnings": -989000000,
  "growth_rate_revenue": 41.103428,
  "growth_rate_net_income": 130.154690
}
