{
  "ticker": "SPTN",
  "valuation": {
    "PE_valuation": 29.408908, 
    "DFC_valuation": 1039.198762
  },
  "ratios": {
    "ROIC": 0.000000,
    "PB": 0.000000
  },
  "ownerEarnings": 97348000,
  "growth_rate_revenue": 9.218986,
  "growth_rate_net_income": 11.299491
}
