{
  "ticker": "SPWR",
  "valuation": {
    "PE_valuation": -10.314227, 
    "DFC_valuation": -461824.443901
  },
  "ratios": {
    "ROIC": 11.035433,
    "PB": 5.454908
  },
  "ownerEarnings": 211132000,
  "growth_rate_revenue": 234.336834,
  "growth_rate_net_income": 30.056208
}
