{
  "ticker": "SQFT",
  "valuation": {
    "PE_valuation": 0.048240, 
    "DFC_valuation": -2.547386
  },
  "ratios": {
    "ROIC": 0.473201,
    "PB": 0.064080
  },
  "ownerEarnings": 5011587,
  "growth_rate_revenue": 31395.739068,
  "growth_rate_net_income": 16997.488237
}
