{
  "ticker": "SQL",
  "valuation": {
    "PE_valuation": 238.431046, 
    "DFC_valuation": -16.862846
  },
  "ratios": {
    "ROIC": -46.238788,
    "PB": 31.683321
  },
  "ownerEarnings": -4081212,
  "growth_rate_revenue": -73.076953,
  "growth_rate_net_income": 45.539685
}
