{
  "ticker": "SQM",
  "valuation": {
    "PE_valuation": 2144.149635, 
    "DFC_valuation": 90188.257042
  },
  "ratios": {
    "ROIC": 50.149473,
    "PB": 4.657365
  },
  "ownerEarnings": 4960341000,
  "growth_rate_revenue": 12.661044,
  "growth_rate_net_income": 28.827867
}
