{
  "ticker": "SQNS",
  "valuation": {
    "PE_valuation": 0.739190, 
    "DFC_valuation": -11.478628
  },
  "ratios": {
    "ROIC": -7.801049,
    "PB": 72.817156
  },
  "ownerEarnings": 16596000,
  "growth_rate_revenue": 39.641947,
  "growth_rate_net_income": 1885.354558
}
