{
  "ticker": "SR-PA",
  "valuation": {
    "PE_valuation": 91.358719, 
    "DFC_valuation": -669.177613
  },
  "ratios": {
    "ROIC": 4.684313,
    "PB": 1.018219
  },
  "ownerEarnings": 1273700000,
  "growth_rate_revenue": -5.993217,
  "growth_rate_net_income": -11.529300
}
