{
  "ticker": "SRAX",
  "valuation": {
    "PE_valuation": 9.809659, 
    "DFC_valuation": -879.013058
  },
  "ratios": {
    "ROIC": 9.296718,
    "PB": 5.037052
  },
  "ownerEarnings": 8741000,
  "growth_rate_revenue": 181.686143,
  "growth_rate_net_income": -4658.102956
}
