{
  "ticker": "SRC-PA",
  "valuation": {
    "PE_valuation": 7255.920952, 
    "DFC_valuation": 58220874.538163
  },
  "ratios": {
    "ROIC": 3.990793,
    "PB": 1.177841
  },
  "ownerEarnings": 737912000,
  "growth_rate_revenue": 2368.046291,
  "growth_rate_net_income": -51.938571
}
