{
  "ticker": "SRCL",
  "valuation": {
    "PE_valuation": -163.392054, 
    "DFC_valuation": 42397.203431
  },
  "ratios": {
    "ROIC": 2.307518,
    "PB": 1.898549
  },
  "ownerEarnings": 530800000,
  "growth_rate_revenue": 97.708553,
  "growth_rate_net_income": 62.851723
}
