{
  "ticker": "SREA",
  "valuation": {
    "PE_valuation": 91.914774, 
    "DFC_valuation": -4015.509704
  },
  "ratios": {
    "ROIC": 2.776644,
    "PB": 1.801481
  },
  "ownerEarnings": 10718000000,
  "growth_rate_revenue": 2.011085,
  "growth_rate_net_income": 1.196479
}
