{
  "ticker": "SRGA",
  "valuation": {
    "PE_valuation": 7.304824, 
    "DFC_valuation": -595.620187
  },
  "ratios": {
    "ROIC": 444.859328,
    "PB": -0.507010
  },
  "ownerEarnings": -79406000,
  "growth_rate_revenue": 64.124953,
  "growth_rate_net_income": -44.423615
}
