{
  "ticker": "SRL",
  "valuation": {
    "PE_valuation": -0.863594, 
    "DFC_valuation": 122.334449
  },
  "ratios": {
    "ROIC": 1.410907,
    "PB": 0.475447
  },
  "ownerEarnings": 44521000,
  "growth_rate_revenue": 30.587250,
  "growth_rate_net_income": 38.370788
}
