{
  "ticker": "SRTS",
  "valuation": {
    "PE_valuation": -31.549401, 
    "DFC_valuation": -10.922140
  },
  "ratios": {
    "ROIC": 25.636343,
    "PB": 2.544029
  },
  "ownerEarnings": -1720000,
  "growth_rate_revenue": 35.949354,
  "growth_rate_net_income": -664.836636
}
