{
  "ticker": "SSB",
  "valuation": {
    "PE_valuation": 2518.320991, 
    "DFC_valuation": 8089864.675866
  },
  "ratios": {
    "ROIC": 9.952101,
    "PB": 1.130881
  },
  "ownerEarnings": 633994000,
  "growth_rate_revenue": 125.264948,
  "growth_rate_net_income": 22.690841
}
