{
  "ticker": "SSBI",
  "valuation": {
    "PE_valuation": 226.304257, 
    "DFC_valuation": 9570.799343
  },
  "ratios": {
    "ROIC": 15.953476,
    "PB": 1.193217
  },
  "ownerEarnings": 29978000,
  "growth_rate_revenue": 327.729309,
  "growth_rate_net_income": -0.075907
}
