{
  "ticker": "SSBK",
  "valuation": {
    "PE_valuation": 51.535098, 
    "DFC_valuation": 365.422886
  },
  "ratios": {
    "ROIC": 12.049446,
    "PB": 1.388062
  },
  "ownerEarnings": 53309000,
  "growth_rate_revenue": 1.914663,
  "growth_rate_net_income": 21.978438
}
