{
  "ticker": "SSL",
  "valuation": {
    "PE_valuation": 1240.826103, 
    "DFC_valuation": 1540195.640379
  },
  "ratios": {
    "ROIC": 4.558568,
    "PB": 1.770555
  },
  "ownerEarnings": 93926000000,
  "growth_rate_revenue": 18.694565,
  "growth_rate_net_income": 15.381630
}
