{
  "ticker": "SSTK",
  "valuation": {
    "PE_valuation": 257.426035, 
    "DFC_valuation": 1915.707069
  },
  "ratios": {
    "ROIC": 19.249067,
    "PB": 4.246281
  },
  "ownerEarnings": 248780000,
  "growth_rate_revenue": 49.972472,
  "growth_rate_net_income": 18.131090
}
