{
  "ticker": "SSYS",
  "valuation": {
    "PE_valuation": 326.450446, 
    "DFC_valuation": -367854.174116
  },
  "ratios": {
    "ROIC": -7.504565,
    "PB": 0.821927
  },
  "ownerEarnings": -154823000,
  "growth_rate_revenue": 97.608291,
  "growth_rate_net_income": -49.269481
}
