{
  "ticker": "STAG",
  "valuation": {
    "PE_valuation": 164.090767, 
    "DFC_valuation": 18933.166521
  },
  "ratios": {
    "ROIC": 1.972792,
    "PB": 1.706295
  },
  "ownerEarnings": 466207000,
  "growth_rate_revenue": 78.986463,
  "growth_rate_net_income": -156.186716
}
