{
  "ticker": "STAR-PI",
  "valuation": {
    "PE_valuation": 54.715119, 
    "DFC_valuation": 1702.028961
  },
  "ratios": {
    "ROIC": -3.167893,
    "PB": 0.008328
  },
  "ownerEarnings": 238099000,
  "growth_rate_revenue": -18.402946,
  "growth_rate_net_income": -254.540455
}
