{
  "ticker": "STBA",
  "valuation": {
    "PE_valuation": 119.452654, 
    "DFC_valuation": 2178.115313
  },
  "ratios": {
    "ROIC": 9.878546,
    "PB": 1.135368
  },
  "ownerEarnings": 207282000,
  "growth_rate_revenue": 14.852673,
  "growth_rate_net_income": 18.413343
}
