{
  "ticker": "STCN",
  "valuation": {
    "PE_valuation": -15.360195, 
    "DFC_valuation": 928.214297
  },
  "ratios": {
    "ROIC": 2.089235,
    "PB": 0.203700
  },
  "ownerEarnings": 1676000,
  "growth_rate_revenue": 95.385200,
  "growth_rate_net_income": 925.764660
}
