{
  "ticker": "STE",
  "valuation": {
    "PE_valuation": 2042.436754, 
    "DFC_valuation": 15951784.603417
  },
  "ratios": {
    "ROIC": 1.919367,
    "PB": 3.133107
  },
  "ownerEarnings": 2123655000,
  "growth_rate_revenue": 76.832849,
  "growth_rate_net_income": 0.0
}
