{
  "ticker": "STEL",
  "valuation": {
    "PE_valuation": 36.172813, 
    "DFC_valuation": 186.097707
  },
  "ratios": {
    "ROIC": 5.103213,
    "PB": 0.739878
  },
  "ownerEarnings": 128527000,
  "growth_rate_revenue": 6.900311,
  "growth_rate_net_income": 11.146947
}
