{
  "ticker": "STFC",
  "valuation": {
    "PE_valuation": 54.399076, 
    "DFC_valuation": 781.352267
  },
  "ratios": {
    "ROIC": -1041.912980,
    "PB": 0.767562
  },
  "ownerEarnings": 1996000000,
  "growth_rate_revenue": 26.270480,
  "growth_rate_net_income": 46.976589
}
