{
  "ticker": "STGW",
  "valuation": {
    "PE_valuation": 108.974422, 
    "DFC_valuation": 175125.173096
  },
  "ratios": {
    "ROIC": 10.218065,
    "PB": 1.599187
  },
  "ownerEarnings": 607777000,
  "growth_rate_revenue": 81.056209,
  "growth_rate_net_income": 22.300997
}
