{
  "ticker": "STLA",
  "valuation": {
    "PE_valuation": 33.301003, 
    "DFC_valuation": 482.510133
  },
  "ratios": {
    "ROIC": 16.935135,
    "PB": 0.580028
  },
  "ownerEarnings": 34632967663,
  "growth_rate_revenue": 3.543548,
  "growth_rate_net_income": -121.799627
}
