{
  "ticker": "STM",
  "valuation": {
    "PE_valuation": 175.405298, 
    "DFC_valuation": 298.419494
  },
  "ratios": {
    "ROIC": 24.994051,
    "PB": 2.396759
  },
  "ownerEarnings": 8631000000,
  "growth_rate_revenue": 23.180562,
  "growth_rate_net_income": 45.845956
}
