{
  "ticker": "STR",
  "valuation": {
    "PE_valuation": 16.959370, 
    "DFC_valuation": -3944.744044
  },
  "ratios": {
    "ROIC": 7.034891,
    "PB": 0.229863
  },
  "ownerEarnings": 871727000,
  "growth_rate_revenue": 1428.424469,
  "growth_rate_net_income": 495.546174
}
