{
  "ticker": "STRA",
  "valuation": {
    "PE_valuation": 245.894958, 
    "DFC_valuation": 7087.473766
  },
  "ratios": {
    "ROIC": 2.312226,
    "PB": 1.133727
  },
  "ownerEarnings": 140018000,
  "growth_rate_revenue": 19.556496,
  "growth_rate_net_income": 12.593743
}
