{
  "ticker": "STRR",
  "valuation": {
    "PE_valuation": 1.978019, 
    "DFC_valuation": -319.446141
  },
  "ratios": {
    "ROIC": -5.006929,
    "PB": 0.300284
  },
  "ownerEarnings": 167000,
  "growth_rate_revenue": 100.858496,
  "growth_rate_net_income": -1053.912998
}
