{
  "ticker": "STWD",
  "valuation": {
    "PE_valuation": 1250.560160, 
    "DFC_valuation": 177457.772232
  },
  "ratios": {
    "ROIC": 6.688932,
    "PB": 0.799800
  },
  "ownerEarnings": 2663176000,
  "growth_rate_revenue": 497.741876,
  "growth_rate_net_income": -424.780403
}
