{
  "ticker": "STZ",
  "valuation": {
    "PE_valuation": -44.549902, 
    "DFC_valuation": 169890.282054
  },
  "ratios": {
    "ROIC": -1.334947,
    "PB": 5.119315
  },
  "ownerEarnings": 6230800000,
  "growth_rate_revenue": 8.491014,
  "growth_rate_net_income": -72.769664
}
