{
  "ticker": "SU",
  "valuation": {
    "PE_valuation": 510.409860, 
    "DFC_valuation": 866214.927279
  },
  "ratios": {
    "ROIC": 18.301321,
    "PB": 1.513452
  },
  "ownerEarnings": 26827000000,
  "growth_rate_revenue": 7.864038,
  "growth_rate_net_income": -104.813457
}
