{
  "ticker": "SUI",
  "valuation": {
    "PE_valuation": 3454.051434, 
    "DFC_valuation": 869821.056608
  },
  "ratios": {
    "ROIC": 3.353507,
    "PB": 2.200901
  },
  "ownerEarnings": 1467200000,
  "growth_rate_revenue": 70.753582,
  "growth_rate_net_income": 664.360475
}
