{
  "ticker": "SUMO",
  "valuation": {
    "PE_valuation": 35.523743, 
    "DFC_valuation": -32.293981
  },
  "ratios": {
    "ROIC": -31.745665,
    "PB": 3.716243
  },
  "ownerEarnings": -175413000,
  "growth_rate_revenue": 44.190184,
  "growth_rate_net_income": 45.524543
}
