{
  "ticker": "SUNS",
  "valuation": {
    "PE_valuation": 11.870601, 
    "DFC_valuation": -643.632140
  },
  "ratios": {
    "ROIC": 0.000000,
    "PB": 0.905843
  },
  "ownerEarnings": 25384000,
  "growth_rate_revenue": 47.595815,
  "growth_rate_net_income": -888.838602
}
