{
  "ticker": "SUP",
  "valuation": {
    "PE_valuation": 0.198055, 
    "DFC_valuation": 2103.396139
  },
  "ratios": {
    "ROIC": 8.585282,
    "PB": 0.573471
  },
  "ownerEarnings": 268900000,
  "growth_rate_revenue": 19.362155,
  "growth_rate_net_income": 16.826262
}
