{
  "ticker": "SUPV",
  "valuation": {
    "PE_valuation": -2297.698058, 
    "DFC_valuation": -186397.515761
  },
  "ratios": {
    "ROIC": 95.472405,
    "PB": 0.002127
  },
  "ownerEarnings": 344449421000,
  "growth_rate_revenue": 51.752183,
  "growth_rate_net_income": 69.440592
}
