{
  "ticker": "SURF",
  "valuation": {
    "PE_valuation": 1.919435, 
    "DFC_valuation": -131.934305
  },
  "ratios": {
    "ROIC": -35.320990,
    "PB": 0.489538
  },
  "ownerEarnings": -67227000,
  "growth_rate_revenue": 251.499540,
  "growth_rate_net_income": 83.031284
}
