{
  "ticker": "SWCH",
  "valuation": {
    "PE_valuation": 16.552791, 
    "DFC_valuation": -120.051526
  },
  "ratios": {
    "ROIC": 1.715891,
    "PB": 9.194181
  },
  "ownerEarnings": 696613000,
  "growth_rate_revenue": 17.603465,
  "growth_rate_net_income": -34.526444
}
