{
  "ticker": "SWIR",
  "valuation": {
    "PE_valuation": 440.273995, 
    "DFC_valuation": 18917.432960
  },
  "ratios": {
    "ROIC": 3.438754,
    "PB": 2.755471
  },
  "ownerEarnings": 65840000,
  "growth_rate_revenue": 15.395305,
  "growth_rate_net_income": 42.667484
}
