{
  "ticker": "SWKH",
  "valuation": {
    "PE_valuation": 79.938531, 
    "DFC_valuation": 993.497586
  },
  "ratios": {
    "ROIC": 7.791522,
    "PB": 0.808810
  },
  "ownerEarnings": 28090000,
  "growth_rate_revenue": 322.937799,
  "growth_rate_net_income": 1008.334086
}
