{
  "ticker": "SWVLW",
  "valuation": {
    "PE_valuation": 318.663379, 
    "DFC_valuation": -294.724517
  },
  "ratios": {
    "ROIC": -693.841204,
    "PB": 2.402299
  },
  "ownerEarnings": 20348741,
  "growth_rate_revenue": 0.000000,
  "growth_rate_net_income": 0.000000
}
