{
  "ticker": "SYKE",
  "valuation": {
    "PE_valuation": 184.444228, 
    "DFC_valuation": 8462.129104
  },
  "ratios": {
    "ROIC": 8.378186,
    "PB": 1.685858
  },
  "ownerEarnings": 189862000,
  "growth_rate_revenue": 82.615540,
  "growth_rate_net_income": 207.404082
}
