{
  "ticker": "SYNH",
  "valuation": {
    "PE_valuation": 231.532325, 
    "DFC_valuation": -90.691176
  },
  "ratios": {
    "ROIC": 0.000000,
    "PB": 0.000000
  },
  "ownerEarnings": 740549000,
  "growth_rate_revenue": 24.810238,
  "growth_rate_net_income": -169.110682
}
