{
  "ticker": "SYNL",
  "valuation": {
    "PE_valuation": 35.120177, 
    "DFC_valuation": 347.093312
  },
  "ratios": {
    "ROIC": 9.455613,
    "PB": 1.339695
  },
  "ownerEarnings": 34256000,
  "growth_rate_revenue": 20.640386,
  "growth_rate_net_income": 1232.706755
}
