{
  "ticker": "SYT",
  "valuation": {
    "PE_valuation": 0.000000, 
    "DFC_valuation": -25467.640061
  },
  "ratios": {
    "ROIC": 1.296098,
    "PB": 3.838477
  },
  "ownerEarnings": 3030043000,
  "growth_rate_revenue": 0.000000,
  "growth_rate_net_income": 0.000000
}
