{
  "ticker": "T",
  "valuation": {
    "PE_valuation": 48.597050, 
    "DFC_valuation": 340843.350049
  },
  "ratios": {
    "ROIC": 6.261023,
    "PB": 1.029309
  },
  "ownerEarnings": 58677000000,
  "growth_rate_revenue": 4.085448,
  "growth_rate_net_income": 2.614025
}
