{
  "ticker": "TAC",
  "valuation": {
    "PE_valuation": -4.596381, 
    "DFC_valuation": -913.427210
  },
  "ratios": {
    "ROIC": 4.928452,
    "PB": 2.964785
  },
  "ownerEarnings": 2094000000,
  "growth_rate_revenue": 53.865719,
  "growth_rate_net_income": 9.455866
}
