{
  "ticker": "TALO",
  "valuation": {
    "PE_valuation": 29.004797, 
    "DFC_valuation": 469.605403
  },
  "ratios": {
    "ROIC": 40.978225,
    "PB": 1.335590
  },
  "ownerEarnings": 1909107000,
  "growth_rate_revenue": 31.857803,
  "growth_rate_net_income": -389.073095
}
