{
  "ticker": "TANNL",
  "valuation": {
    "PE_valuation": 84.532343, 
    "DFC_valuation": -189.323788
  },
  "ratios": {
    "ROIC": 7.493182,
    "PB": 0.738311
  },
  "ownerEarnings": 539246000,
  "growth_rate_revenue": 32.616696,
  "growth_rate_net_income": -363.787973
}
