{
  "ticker": "TAP-A",
  "valuation": {
    "PE_valuation": -21.279087, 
    "DFC_valuation": 90494.366927
  },
  "ratios": {
    "ROIC": 28.496661,
    "PB": 0.880611
  },
  "ownerEarnings": 4936700000,
  "growth_rate_revenue": 9.894605,
  "growth_rate_net_income": 28.648980
}
