{
  "ticker": "TBI",
  "valuation": {
    "PE_valuation": 641.295724, 
    "DFC_valuation": 551165.580458
  },
  "ratios": {
    "ROIC": 9.852688,
    "PB": 1.273640
  },
  "ownerEarnings": 110023000,
  "growth_rate_revenue": 468.438864,
  "growth_rate_net_income": 244.255016
}
