{
  "ticker": "TBK",
  "valuation": {
    "PE_valuation": 0.000068, 
    "DFC_valuation": 292.646523
  },
  "ratios": {
    "ROIC": 0.000000,
    "PB": 3.381344
  },
  "ownerEarnings": 37189000,
  "growth_rate_revenue": 63.355869,
  "growth_rate_net_income": 44.385712
}
