{
  "ticker": "TCBIL",
  "valuation": {
    "PE_valuation": 1772.696655, 
    "DFC_valuation": 1023374.718542
  },
  "ratios": {
    "ROIC": 10.137749,
    "PB": 0.996456
  },
  "ownerEarnings": 870058000,
  "growth_rate_revenue": 151.975830,
  "growth_rate_net_income": 24.359690
}
