{
  "ticker": "TCBX",
  "valuation": {
    "PE_valuation": 64.140554, 
    "DFC_valuation": 18740.732104
  },
  "ratios": {
    "ROIC": 0.000000,
    "PB": 0.000000
  },
  "ownerEarnings": 33401000,
  "growth_rate_revenue": 46.374091,
  "growth_rate_net_income": 111.365960
}
