{
  "ticker": "TCFC",
  "valuation": {
    "PE_valuation": 114.110620, 
    "DFC_valuation": 1321.412473
  },
  "ratios": {
    "ROIC": 12.152464,
    "PB": 1.257153
  },
  "ownerEarnings": 55063000,
  "growth_rate_revenue": 12.635570,
  "growth_rate_net_income": 17.606709
}
