{
  "ticker": "TCRT",
  "valuation": {
    "PE_valuation": 1195.887078, 
    "DFC_valuation": -1201781.322072
  },
  "ratios": {
    "ROIC": -57.523603,
    "PB": 54.909105
  },
  "ownerEarnings": -35263000,
  "growth_rate_revenue": 0.0,
  "growth_rate_net_income": 6060.162396
}
