{
  "ticker": "TD",
  "valuation": {
    "PE_valuation": 223.086120, 
    "DFC_valuation": -4564220.402732
  },
  "ratios": {
    "ROIC": 2.000211,
    "PB": 1.259825
  },
  "ownerEarnings": 15401000000,
  "growth_rate_revenue": 26.895845,
  "growth_rate_net_income": 34.499467
}
