{
  "ticker": "TDCX",
  "valuation": {
    "PE_valuation": 49.822213, 
    "DFC_valuation": 730.541932
  },
  "ratios": {
    "ROIC": 16.652551,
    "PB": 3.784770
  },
  "ownerEarnings": 154344000,
  "growth_rate_revenue": 15.298110,
  "growth_rate_net_income": 11.808180
}
