{
  "ticker": "TDG",
  "valuation": {
    "PE_valuation": 4381.965796, 
    "DFC_valuation": 57826.130024
  },
  "ratios": {
    "ROIC": 12.558548,
    "PB": -24.307982
  },
  "ownerEarnings": 2614000000,
  "growth_rate_revenue": 24.341504,
  "growth_rate_net_income": -21.313152
}
