{
  "ticker": "TDS-PV",
  "valuation": {
    "PE_valuation": -10.481128, 
    "DFC_valuation": -44619.769033
  },
  "ratios": {
    "ROIC": 1.613804,
    "PB": 0.204455
  },
  "ownerEarnings": 3140000000,
  "growth_rate_revenue": 25.057238,
  "growth_rate_net_income": 47.121670
}
