{
  "ticker": "TEL",
  "valuation": {
    "PE_valuation": 89.526102, 
    "DFC_valuation": 507.089966
  },
  "ratios": {
    "ROIC": 12.271426,
    "PB": 3.368708
  },
  "ownerEarnings": 3732000000,
  "growth_rate_revenue": 8.224149,
  "growth_rate_net_income": -155.274623
}
