{
  "ticker": "TELA",
  "valuation": {
    "PE_valuation": 31.555128, 
    "DFC_valuation": -837.215755
  },
  "ratios": {
    "ROIC": -71.115471,
    "PB": 13.077826
  },
  "ownerEarnings": -35886000,
  "growth_rate_revenue": 75.463059,
  "growth_rate_net_income": 20.200923
}
