{
  "ticker": "TEN",
  "valuation": {
    "PE_valuation": 22.038547, 
    "DFC_valuation": -287.701362
  },
  "ratios": {
    "ROIC": 2.423942,
    "PB": 10.821412
  },
  "ownerEarnings": 1474000000,
  "growth_rate_revenue": -9.965523,
  "growth_rate_net_income": -47.161954
}
