{
  "ticker": "TER",
  "valuation": {
    "PE_valuation": 176.905999, 
    "DFC_valuation": 73965.542939
  },
  "ratios": {
    "ROIC": 0.000000,
    "PB": 0.000000
  },
  "ownerEarnings": 713057000,
  "growth_rate_revenue": 9.070629,
  "growth_rate_net_income": -2937.893876
}
