{
  "ticker": "TESS",
  "valuation": {
    "PE_valuation": 4.986123, 
    "DFC_valuation": -1015.028681
  },
  "ratios": {
    "ROIC": -1.326865,
    "PB": 0.570074
  },
  "ownerEarnings": 18586000,
  "growth_rate_revenue": 29.355960,
  "growth_rate_net_income": 59.702381
}
