{
  "ticker": "TEVA",
  "valuation": {
    "PE_valuation": 42.930010, 
    "DFC_valuation": 790321.650654
  },
  "ratios": {
    "ROIC": 0.000000,
    "PB": 0.000000
  },
  "ownerEarnings": 1960000000,
  "growth_rate_revenue": 38.477568,
  "growth_rate_net_income": 38.417622
}
