{
  "ticker": "TGH-PB",
  "valuation": {
    "PE_valuation": 151.687616, 
    "DFC_valuation": -1119.937811
  },
  "ratios": {
    "ROIC": 6.147849,
    "PB": 0.721872
  },
  "ownerEarnings": 1847371000,
  "growth_rate_revenue": 19.606987,
  "growth_rate_net_income": 72.168348
}
