{
  "ticker": "TGI",
  "valuation": {
    "PE_valuation": -10.490172, 
    "DFC_valuation": -361.329208
  },
  "ratios": {
    "ROIC": 16.542405,
    "PB": -0.945068
  },
  "ownerEarnings": 267945000,
  "growth_rate_revenue": 27.806206,
  "growth_rate_net_income": 180.452972
}
