{
  "ticker": "TGNA",
  "valuation": {
    "PE_valuation": 20.536796, 
    "DFC_valuation": 233.406568
  },
  "ratios": {
    "ROIC": 11.906753,
    "PB": 1.542843
  },
  "ownerEarnings": 1103890000,
  "growth_rate_revenue": 18.032158,
  "growth_rate_net_income": 17.181238
}
