{
  "ticker": "TGS",
  "valuation": {
    "PE_valuation": 58968.673247, 
    "DFC_valuation": 14150522.617988
  },
  "ratios": {
    "ROIC": 9.376362,
    "PB": 1.184431
  },
  "ownerEarnings": 87229578000,
  "growth_rate_revenue": 24.933755,
  "growth_rate_net_income": -218.420497
}
