{
  "ticker": "THG",
  "valuation": {
    "PE_valuation": 35.961804, 
    "DFC_valuation": 1068.462888
  },
  "ratios": {
    "ROIC": 4.627091,
    "PB": 2.068553
  },
  "ownerEarnings": 185100000,
  "growth_rate_revenue": -1.076965,
  "growth_rate_net_income": 15.407285
}
