{
  "ticker": "THO",
  "valuation": {
    "PE_valuation": 1361.120636, 
    "DFC_valuation": 349922.956206
  },
  "ratios": {
    "ROIC": 8.473149,
    "PB": 1.564220
  },
  "ownerEarnings": 905988000,
  "growth_rate_revenue": 1.678226,
  "growth_rate_net_income": -29.655995
}
