{
  "ticker": "THR",
  "valuation": {
    "PE_valuation": 37.173958, 
    "DFC_valuation": 106.277207
  },
  "ratios": {
    "ROIC": 6.702016,
    "PB": 1.990602
  },
  "ownerEarnings": 71917000,
  "growth_rate_revenue": 10.568975,
  "growth_rate_net_income": 41.187080
}
