{
  "ticker": "THRM",
  "valuation": {
    "PE_valuation": 1170.430525, 
    "DFC_valuation": -726409.512991
  },
  "ratios": {
    "ROIC": 3.195188,
    "PB": 3.217140
  },
  "ownerEarnings": 130359000,
  "growth_rate_revenue": 21.114863,
  "growth_rate_net_income": 50.436521
}
