{
  "ticker": "THRY",
  "valuation": {
    "PE_valuation": 10.885020, 
    "DFC_valuation": 193.038410
  },
  "ratios": {
    "ROIC": 16.408733,
    "PB": 1.706643
  },
  "ownerEarnings": 482603000,
  "growth_rate_revenue": 8.404898,
  "growth_rate_net_income": -610.945147
}
