{
  "ticker": "THTX",
  "valuation": {
    "PE_valuation": 37.330096, 
    "DFC_valuation": -14.887982
  },
  "ratios": {
    "ROIC": -87.459967,
    "PB": -8.988952
  },
  "ownerEarnings": -30097000,
  "growth_rate_revenue": 64.984975,
  "growth_rate_net_income": -1225.677854
}
