{
  "ticker": "THWWW",
  "valuation": {
    "PE_valuation": 0.000000, 
    "DFC_valuation": 1797.812932
  },
  "ratios": {
    "ROIC": 0.000000,
    "PB": 0.000000
  },
  "ownerEarnings": 299171000,
  "growth_rate_revenue": 46.128687,
  "growth_rate_net_income": -477.188867
}
