{
  "ticker": "TIGOR",
  "valuation": {
    "PE_valuation": 9.434779, 
    "DFC_valuation": 37201.692105
  },
  "ratios": {
    "ROIC": 0.494435,
    "PB": 0.487154
  },
  "ownerEarnings": 3737000000,
  "growth_rate_revenue": 62.088671,
  "growth_rate_net_income": -32.682440
}
