{
  "ticker": "TIMB",
  "valuation": {
    "PE_valuation": 289.316938, 
    "DFC_valuation": 1123822.460943
  },
  "ratios": {
    "ROIC": 6.273458,
    "PB": 1.190850
  },
  "ownerEarnings": 17020499000,
  "growth_rate_revenue": 21.387577,
  "growth_rate_net_income": 67.985842
}
