{
  "ticker": "TISI",
  "valuation": {
    "PE_valuation": 215.197010, 
    "DFC_valuation": -38578.382350
  },
  "ratios": {
    "ROIC": -7.087397,
    "PB": 0.186666
  },
  "ownerEarnings": 142253000,
  "growth_rate_revenue": 24.186528,
  "growth_rate_net_income": -19.526220
}
