{
  "ticker": "TMDX",
  "valuation": {
    "PE_valuation": 76.880790, 
    "DFC_valuation": -1540.506424
  },
  "ratios": {
    "ROIC": -11.939229,
    "PB": 9.735746
  },
  "ownerEarnings": -26191000,
  "growth_rate_revenue": 50.284626,
  "growth_rate_net_income": 20.331273
}
