{
  "ticker": "TMST",
  "valuation": {
    "PE_valuation": -2.348824, 
    "DFC_valuation": 150.352469
  },
  "ratios": {
    "ROIC": 13.145040,
    "PB": 1.212216
  },
  "ownerEarnings": 234500000,
  "growth_rate_revenue": -16.461716,
  "growth_rate_net_income": -40.076859
}
