{
  "ticker": "TNK",
  "valuation": {
    "PE_valuation": 71.569287, 
    "DFC_valuation": 1784.459853
  },
  "ratios": {
    "ROIC": 11.490189,
    "PB": 0.978934
  },
  "ownerEarnings": 393378000,
  "growth_rate_revenue": 4.477536,
  "growth_rate_net_income": -15.925152
}
