{
  "ticker": "TNL",
  "valuation": {
    "PE_valuation": 39.304753, 
    "DFC_valuation": 309.984509
  },
  "ratios": {
    "ROIC": 9.639847,
    "PB": -3.325038
  },
  "ownerEarnings": 870000000,
  "growth_rate_revenue": 25.466484,
  "growth_rate_net_income": 1.468029
}
