{
  "ticker": "TNON",
  "valuation": {
    "PE_valuation": -0.000000, 
    "DFC_valuation": -1079.109556
  },
  "ratios": {
    "ROIC": -234.271133,
    "PB": 2.023775
  },
  "ownerEarnings": -20504000,
  "growth_rate_revenue": 0.000000,
  "growth_rate_net_income": 0.000000
}
