{
  "ticker": "TNP-PE",
  "valuation": {
    "PE_valuation": -39.273187, 
    "DFC_valuation": -652.867574
  },
  "ratios": {
    "ROIC": 8.122523,
    "PB": 0.321725
  },
  "ownerEarnings": 762519000,
  "growth_rate_revenue": 41.402649,
  "growth_rate_net_income": 219.773459
}
