{
  "ticker": "TOL",
  "valuation": {
    "PE_valuation": 1848.254825, 
    "DFC_valuation": 10118372.132226
  },
  "ratios": {
    "ROIC": 13.300154,
    "PB": 1.144525
  },
  "ownerEarnings": 1184995000,
  "growth_rate_revenue": 30.060065,
  "growth_rate_net_income": 72.615454
}
