{
  "ticker": "TPL",
  "valuation": {
    "PE_valuation": 16344.960793, 
    "DFC_valuation": 602919.126846
  },
  "ratios": {
    "ROIC": 56.800425,
    "PB": 23.421332
  },
  "ownerEarnings": 461084000,
  "growth_rate_revenue": -14.358757,
  "growth_rate_net_income": -15.423299
}
