{
  "ticker": "TRC",
  "valuation": {
    "PE_valuation": 17.294611, 
    "DFC_valuation": -62.102807
  },
  "ratios": {
    "ROIC": 1.826470,
    "PB": 1.073727
  },
  "ownerEarnings": 21569000,
  "growth_rate_revenue": -9.145257,
  "growth_rate_net_income": 111.293368
}
