{
  "ticker": "TREE",
  "valuation": {
    "PE_valuation": -1399.330223, 
    "DFC_valuation": 2838.659784
  },
  "ratios": {
    "ROIC": -6.886789,
    "PB": 1.312276
  },
  "ownerEarnings": -129878000,
  "growth_rate_revenue": 150.447491,
  "growth_rate_net_income": -1671.410286
}
