{
  "ticker": "TREX",
  "valuation": {
    "PE_valuation": 1293.129244, 
    "DFC_valuation": 49013.907295
  },
  "ratios": {
    "ROIC": 23.411095,
    "PB": 9.122643
  },
  "ownerEarnings": 430463000,
  "growth_rate_revenue": 162.970420,
  "growth_rate_net_income": -107.307511
}
