{
  "ticker": "TRI",
  "valuation": {
    "PE_valuation": 38.343368, 
    "DFC_valuation": 3111.448400
  },
  "ratios": {
    "ROIC": 9.947502,
    "PB": 4.619367
  },
  "ownerEarnings": 3154000000,
  "growth_rate_revenue": -0.791882,
  "growth_rate_net_income": 60.118504
}
