{
  "ticker": "TRIB",
  "valuation": {
    "PE_valuation": 5.947662, 
    "DFC_valuation": -162.881468
  },
  "ratios": {
    "ROIC": -15.512019,
    "PB": -17.337544
  },
  "ownerEarnings": 26417000,
  "growth_rate_revenue": 87.801782,
  "growth_rate_net_income": -45.716355
}
