{
  "ticker": "TRIP",
  "valuation": {
    "PE_valuation": 8.312093, 
    "DFC_valuation": 391.797342
  },
  "ratios": {
    "ROIC": 1.618317,
    "PB": 2.923577
  },
  "ownerEarnings": 163000000,
  "growth_rate_revenue": 32.682068,
  "growth_rate_net_income": 30.034049
}
