{
  "ticker": "TRMR",
  "valuation": {
    "PE_valuation": 25.056713, 
    "DFC_valuation": 481.319623
  },
  "ratios": {
    "ROIC": 3.383597,
    "PB": 1.772427
  },
  "ownerEarnings": 43065000,
  "growth_rate_revenue": 56.850708,
  "growth_rate_net_income": 180.381665
}
