{
  "ticker": "TRN",
  "valuation": {
    "PE_valuation": 40.791344, 
    "DFC_valuation": -28065.100783
  },
  "ratios": {
    "ROIC": -1.092420,
    "PB": 2.392121
  },
  "ownerEarnings": 881600000,
  "growth_rate_revenue": 31.843738,
  "growth_rate_net_income": 199.837213
}
