{
  "ticker": "TROW",
  "valuation": {
    "PE_valuation": 1082.130938, 
    "DFC_valuation": 197849.381259
  },
  "ratios": {
    "ROIC": 17.970579,
    "PB": 2.788343
  },
  "ownerEarnings": 2905600000,
  "growth_rate_revenue": 18.930457,
  "growth_rate_net_income": 31.067488
}
