{
  "ticker": "TRQ",
  "valuation": {
    "PE_valuation": 18227.681688, 
    "DFC_valuation": -2647686997.042224
  },
  "ratios": {
    "ROIC": 5.670345,
    "PB": 0.327697
  },
  "ownerEarnings": 1535395000,
  "growth_rate_revenue": 8004.248034,
  "growth_rate_net_income": 238.207307
}
