{
  "ticker": "TRTX",
  "valuation": {
    "PE_valuation": -5.339587, 
    "DFC_valuation": 41.513892
  },
  "ratios": {
    "ROIC": 1612.785883,
    "PB": 0.393722
  },
  "ownerEarnings": 164256014000,
  "growth_rate_revenue": -8.034899,
  "growth_rate_net_income": -31.033679
}
