{
  "ticker": "TRU",
  "valuation": {
    "PE_valuation": 87.336392, 
    "DFC_valuation": 314.867323
  },
  "ratios": {
    "ROIC": 0.000000,
    "PB": 0.000000
  },
  "ownerEarnings": 1177800000,
  "growth_rate_revenue": 14.030365,
  "growth_rate_net_income": 548.318949
}
