{
  "ticker": "TRUE",
  "valuation": {
    "PE_valuation": 12.229555, 
    "DFC_valuation": -34.000618
  },
  "ratios": {
    "ROIC": -2.472411,
    "PB": 1.163624
  },
  "ownerEarnings": 125974000,
  "growth_rate_revenue": 39.786412,
  "growth_rate_net_income": 190.134503
}
