{
  "ticker": "TRUP",
  "valuation": {
    "PE_valuation": 4001.031247, 
    "DFC_valuation": -4194.264660
  },
  "ratios": {
    "ROIC": -11.529805,
    "PB": 6.346532
  },
  "ownerEarnings": -44341000,
  "growth_rate_revenue": 48.500114,
  "growth_rate_net_income": 42.867070
}
