{
  "ticker": "TRV",
  "valuation": {
    "PE_valuation": 542.111236, 
    "DFC_valuation": 22772.938631
  },
  "ratios": {
    "ROIC": 10.881113,
    "PB": 2.060999
  },
  "ownerEarnings": 4475000000,
  "growth_rate_revenue": 10.704783,
  "growth_rate_net_income": 92.408556
}
