{
  "ticker": "TRVG",
  "valuation": {
    "PE_valuation": 4.558034, 
    "DFC_valuation": 43.339435
  },
  "ratios": {
    "ROIC": 10.420098,
    "PB": 4.023967
  },
  "ownerEarnings": 237335000,
  "growth_rate_revenue": 32.416511,
  "growth_rate_net_income": -23.026375
}
