{
  "ticker": "TSAT",
  "valuation": {
    "PE_valuation": -0.000000, 
    "DFC_valuation": 578.305644
  },
  "ratios": {
    "ROIC": 18.017545,
    "PB": 0.260224
  },
  "ownerEarnings": 797524000,
  "growth_rate_revenue": 0.000000,
  "growth_rate_net_income": 0.000000
}
