{
  "ticker": "TSC",
  "valuation": {
    "PE_valuation": 106.154066, 
    "DFC_valuation": 2171.098591
  },
  "ratios": {
    "ROIC": 0.000000,
    "PB": 1.022293
  },
  "ownerEarnings": 186235000,
  "growth_rate_revenue": 49.187537,
  "growth_rate_net_income": -55.341300
}
