{
  "ticker": "TSE",
  "valuation": {
    "PE_valuation": -54.815862, 
    "DFC_valuation": -277.224023
  },
  "ratios": {
    "ROIC": -4.009664,
    "PB": 1.939779
  },
  "ownerEarnings": 497200000,
  "growth_rate_revenue": 5.144220,
  "growth_rate_net_income": -177.008678
}
