{
  "ticker": "TSEM",
  "valuation": {
    "PE_valuation": 392.193602, 
    "DFC_valuation": 9000.558458
  },
  "ratios": {
    "ROIC": 13.123453,
    "PB": 2.492602
  },
  "ownerEarnings": 792930000,
  "growth_rate_revenue": 13.775412,
  "growth_rate_net_income": 13.468516
}
