{
  "ticker": "TSIBW",
  "valuation": {
    "PE_valuation": 0.000000, 
    "DFC_valuation": -2.008751
  },
  "ratios": {
    "ROIC": -1048.654738,
    "PB": -17111.767519
  },
  "ownerEarnings": 4302374,
  "growth_rate_revenue": 0.000000,
  "growth_rate_net_income": 0.000000
}
