{
  "ticker": "TSLA",
  "valuation": {
    "PE_valuation": 4374710.044074, 
    "DFC_valuation": 7837101521819.755859
  },
  "ratios": {
    "ROIC": 6.548439,
    "PB": 12.591811
  },
  "ownerEarnings": 14562000000,
  "growth_rate_revenue": 5233.860457,
  "growth_rate_net_income": 67.677612
}
