{
  "ticker": "TSVT",
  "valuation": {
    "PE_valuation": 10.182703, 
    "DFC_valuation": -367.954519
  },
  "ratios": {
    "ROIC": -30.899814,
    "PB": 1.075540
  },
  "ownerEarnings": -278087013,
  "growth_rate_revenue": 82.773375,
  "growth_rate_net_income": -0.868935
}
