{
  "ticker": "TT",
  "valuation": {
    "PE_valuation": 337.389678, 
    "DFC_valuation": 935.236427
  },
  "ratios": {
    "ROIC": 18.281673,
    "PB": 6.300137
  },
  "ownerEarnings": 2825600000,
  "growth_rate_revenue": 9.339908,
  "growth_rate_net_income": 25.043094
}
