{
  "ticker": "TTD",
  "valuation": {
    "PE_valuation": 109.996795, 
    "DFC_valuation": 4720.362961
  },
  "ratios": {
    "ROIC": 1.806280,
    "PB": 10.319568
  },
  "ownerEarnings": -326379000,
  "growth_rate_revenue": 94.760353,
  "growth_rate_net_income": 79688.249967
}
