{
  "ticker": "TTOO",
  "valuation": {
    "PE_valuation": 304731.224445, 
    "DFC_valuation": -11926548.265256
  },
  "ratios": {
    "ROIC": -195.904695,
    "PB": -0.181201
  },
  "ownerEarnings": -55871000,
  "growth_rate_revenue": 892.001504,
  "growth_rate_net_income": 43.521246
}
