{
  "ticker": "TTWO",
  "valuation": {
    "PE_valuation": -6582.851082, 
    "DFC_valuation": -334507.872054
  },
  "ratios": {
    "ROIC": -7.369097,
    "PB": 2.109601
  },
  "ownerEarnings": 1034800000,
  "growth_rate_revenue": 271.238199,
  "growth_rate_net_income": 250.173378
}
