{
  "ticker": "TV",
  "valuation": {
    "PE_valuation": -881.638653, 
    "DFC_valuation": -92602.255585
  },
  "ratios": {
    "ROIC": -0.549618,
    "PB": 0.396572
  },
  "ownerEarnings": 50034715000,
  "growth_rate_revenue": 11.209021,
  "growth_rate_net_income": -331.190894
}
