{
  "ticker": "TWI",
  "valuation": {
    "PE_valuation": 71.679934, 
    "DFC_valuation": 3166.143255
  },
  "ratios": {
    "ROIC": 21.874599,
    "PB": 2.533268
  },
  "ownerEarnings": 296943000,
  "growth_rate_revenue": 67.877617,
  "growth_rate_net_income": 43.315180
}
