{
  "ticker": "TWLO",
  "valuation": {
    "PE_valuation": 3701.910706, 
    "DFC_valuation": -39918.355087
  },
  "ratios": {
    "ROIC": -8.658535,
    "PB": 0.848504
  },
  "ownerEarnings": -1095674000,
  "growth_rate_revenue": 84.698293,
  "growth_rate_net_income": 48.576578
}
