{
  "ticker": "TWOU",
  "valuation": {
    "PE_valuation": 196.983515, 
    "DFC_valuation": -3104.363418
  },
  "ratios": {
    "ROIC": -5.372567,
    "PB": 0.966760
  },
  "ownerEarnings": 267510000,
  "growth_rate_revenue": 60.655749,
  "growth_rate_net_income": -3.213389
}
