{
  "ticker": "UAL",
  "valuation": {
    "PE_valuation": 0.000000, 
    "DFC_valuation": -191.687483
  },
  "ratios": {
    "ROIC": 0.000000,
    "PB": 0.000000
  },
  "ownerEarnings": 9038000000,
  "growth_rate_revenue": 12.747856,
  "growth_rate_net_income": 759.935904
}
