{
  "ticker": "UAN",
  "valuation": {
    "PE_valuation": -65.562227, 
    "DFC_valuation": 2316.964571
  },
  "ratios": {
    "ROIC": 28.472804,
    "PB": 3.714924
  },
  "ownerEarnings": 292724000,
  "growth_rate_revenue": 10.139564,
  "growth_rate_net_income": 48.576931
}
