{
  "ticker": "UBOH",
  "valuation": {
    "PE_valuation": 167.122649, 
    "DFC_valuation": 23007.803047
  },
  "ratios": {
    "ROIC": 12.399658,
    "PB": 0.740504
  },
  "ownerEarnings": 19570000,
  "growth_rate_revenue": 142.651868,
  "growth_rate_net_income": 46.278107
}
