{
  "ticker": "UCBI",
  "valuation": {
    "PE_valuation": 696.803674, 
    "DFC_valuation": 287058.477487
  },
  "ratios": {
    "ROIC": 8.699388,
    "PB": 1.334904
  },
  "ownerEarnings": 439893000,
  "growth_rate_revenue": 151.325902,
  "growth_rate_net_income": 37.589132
}
