{
  "ticker": "UDR",
  "valuation": {
    "PE_valuation": 351.408549, 
    "DFC_valuation": 38336.418124
  },
  "ratios": {
    "ROIC": 2.427856,
    "PB": 3.040034
  },
  "ownerEarnings": 620389000,
  "growth_rate_revenue": 22.754470,
  "growth_rate_net_income": 62.785088
}
