{
  "ticker": "UE",
  "valuation": {
    "PE_valuation": 6.306856, 
    "DFC_valuation": 61.967450
  },
  "ratios": {
    "ROIC": 3.601680,
    "PB": 1.692633
  },
  "ownerEarnings": 252537000,
  "growth_rate_revenue": 2.745003,
  "growth_rate_net_income": 22.415360
}
