{
  "ticker": "UFCS",
  "valuation": {
    "PE_valuation": 75.724385, 
    "DFC_valuation": -50.033593
  },
  "ratios": {
    "ROIC": 2.404561,
    "PB": 0.927217
  },
  "ownerEarnings": 28388000,
  "growth_rate_revenue": 14.325858,
  "growth_rate_net_income": 2017.169445
}
