{
  "ticker": "UFS",
  "valuation": {
    "PE_valuation": -20.025897, 
    "DFC_valuation": 308.244956
  },
  "ratios": {
    "ROIC": 0.802349,
    "PB": 0.770243
  },
  "ownerEarnings": 842000000,
  "growth_rate_revenue": 7.609517,
  "growth_rate_net_income": -254.013862
}
