{
  "ticker": "UGIC",
  "valuation": {
    "PE_valuation": -163.280372, 
    "DFC_valuation": 470.609958
  },
  "ratios": {
    "ROIC": -10.147559,
    "PB": 1.100214
  },
  "ownerEarnings": 1203000000,
  "growth_rate_revenue": -5.125154,
  "growth_rate_net_income": -41.322249
}
