{
  "ticker": "UHAL",
  "valuation": {
    "PE_valuation": 107.691105, 
    "DFC_valuation": -8250.478030
  },
  "ratios": {
    "ROIC": 7.689733,
    "PB": 1.791582
  },
  "ownerEarnings": 4789841000,
  "growth_rate_revenue": 8.189962,
  "growth_rate_net_income": 20.501101
}
