{
  "ticker": "UIHC",
  "valuation": {
    "PE_valuation": 2951.958222, 
    "DFC_valuation": -40209225.257229
  },
  "ratios": {
    "ROIC": 1882.062768,
    "PB": -0.252664
  },
  "ownerEarnings": -447114000,
  "growth_rate_revenue": 9403.062297,
  "growth_rate_net_income": 9815.989225
}
