{
  "ticker": "UIS",
  "valuation": {
    "PE_valuation": 1.921814, 
    "DFC_valuation": -84.131786
  },
  "ratios": {
    "ROIC": -9.072555,
    "PB": -23.521643
  },
  "ownerEarnings": 136200000,
  "growth_rate_revenue": 20.569152,
  "growth_rate_net_income": -439.288751
}
