{
  "ticker": "UL",
  "valuation": {
    "PE_valuation": 64.821201, 
    "DFC_valuation": 149.447527
  },
  "ratios": {
    "ROIC": 17.605336,
    "PB": 6.317489
  },
  "ownerEarnings": 12901000000,
  "growth_rate_revenue": 4.855361,
  "growth_rate_net_income": 11.781148
}
