{
  "ticker": "UMC",
  "valuation": {
    "PE_valuation": 1593.238433, 
    "DFC_valuation": 1400.498577
  },
  "ratios": {
    "ROIC": 22.388106,
    "PB": 1.473211
  },
  "ownerEarnings": 209779395000,
  "growth_rate_revenue": 66.787599,
  "growth_rate_net_income": 42.444008
}
