{
  "ticker": "UMPQ",
  "valuation": {
    "PE_valuation": 38.124436, 
    "DFC_valuation": 974.844216
  },
  "ratios": {
    "ROIC": 0.000000,
    "PB": 1.561841
  },
  "ownerEarnings": 334644000,
  "growth_rate_revenue": 74.186854,
  "growth_rate_net_income": 77.379649
}
