{
  "ticker": "UNF",
  "valuation": {
    "PE_valuation": 615.067577, 
    "DFC_valuation": 4893.450530
  },
  "ratios": {
    "ROIC": 4.676196,
    "PB": 1.621804
  },
  "ownerEarnings": 384105000,
  "growth_rate_revenue": 21.671952,
  "growth_rate_net_income": 24.547284
}
