{
  "ticker": "UNFI",
  "valuation": {
    "PE_valuation": 43.506237, 
    "DFC_valuation": 95697.127748
  },
  "ratios": {
    "ROIC": 8.164561,
    "PB": 0.703743
  },
  "ownerEarnings": 768000000,
  "growth_rate_revenue": 30.987108,
  "growth_rate_net_income": -301.604393
}
