{
  "ticker": "UNP",
  "valuation": {
    "PE_valuation": 321.007291, 
    "DFC_valuation": 833.786886
  },
  "ratios": {
    "ROIC": 15.907629,
    "PB": 10.601208
  },
  "ownerEarnings": 14980000000,
  "growth_rate_revenue": -2.233368,
  "growth_rate_net_income": -102.958881
}
