{
  "ticker": "UPWK",
  "valuation": {
    "PE_valuation": 71.601939, 
    "DFC_valuation": -7.139850
  },
  "ratios": {
    "ROIC": -10.981717,
    "PB": 5.474981
  },
  "ownerEarnings": -144309000,
  "growth_rate_revenue": 31.442157,
  "growth_rate_net_income": 118.780032
}
