{
  "ticker": "USDP",
  "valuation": {
    "PE_valuation": -20.372533, 
    "DFC_valuation": 136.849981
  },
  "ratios": {
    "ROIC": 11.751413,
    "PB": -0.938441
  },
  "ownerEarnings": 98000000,
  "growth_rate_revenue": 51.396509,
  "growth_rate_net_income": -84.262370
}
