{
  "ticker": "USFD",
  "valuation": {
    "PE_valuation": 20.639574, 
    "DFC_valuation": 116.913020
  },
  "ratios": {
    "ROIC": 4.446653,
    "PB": 1.695324
  },
  "ownerEarnings": 1357000000,
  "growth_rate_revenue": 2.770887,
  "growth_rate_net_income": -38.427765
}
