{
  "ticker": "USIO",
  "valuation": {
    "PE_valuation": 139.336192, 
    "DFC_valuation": -3648426.991326
  },
  "ratios": {
    "ROIC": -27.588198,
    "PB": 2.413216
  },
  "ownerEarnings": -4015060,
  "growth_rate_revenue": 383.404857,
  "growth_rate_net_income": -73.474848
}
