{
  "ticker": "USLM",
  "valuation": {
    "PE_valuation": 314.977677, 
    "DFC_valuation": 1212.072511
  },
  "ratios": {
    "ROIC": 8.370281,
    "PB": 2.467666
  },
  "ownerEarnings": 47917000,
  "growth_rate_revenue": 0.966390,
  "growth_rate_net_income": 186.961184
}
