{
  "ticker": "USPH",
  "valuation": {
    "PE_valuation": 5709.502526, 
    "DFC_valuation": 11330660.426095
  },
  "ratios": {
    "ROIC": 6.138547,
    "PB": 3.331849
  },
  "ownerEarnings": 72740000,
  "growth_rate_revenue": 182.211654,
  "growth_rate_net_income": 153.544372
}
