{
  "ticker": "UTMD",
  "valuation": {
    "PE_valuation": 237.056248, 
    "DFC_valuation": 1240.757818
  },
  "ratios": {
    "ROIC": 8.816186,
    "PB": 3.200102
  },
  "ownerEarnings": 8288000,
  "growth_rate_revenue": 47.392714,
  "growth_rate_net_income": 113.614519
}
