{
  "ticker": "UVSP",
  "valuation": {
    "PE_valuation": 223.810610, 
    "DFC_valuation": 20106.680125
  },
  "ratios": {
    "ROIC": 8.345601,
    "PB": 0.984082
  },
  "ownerEarnings": 155095000,
  "growth_rate_revenue": 112.065013,
  "growth_rate_net_income": 11.663053
}
