{
  "ticker": "UWMC-WT",
  "valuation": {
    "PE_valuation": 0.000000, 
    "DFC_valuation": 5455.299693
  },
  "ratios": {
    "ROIC": 12.708685,
    "PB": 2.132130
  },
  "ownerEarnings": 1608137000,
  "growth_rate_revenue": 0.000000,
  "growth_rate_net_income": 0.000000
}
