{
  "ticker": "UZC",
  "valuation": {
    "PE_valuation": 15.955797, 
    "DFC_valuation": 10.748013
  },
  "ratios": {
    "ROIC": 1.103301,
    "PB": 0.513500
  },
  "ownerEarnings": 1298000000,
  "growth_rate_revenue": -0.874959,
  "growth_rate_net_income": -193.113924
}
