{
  "ticker": "V",
  "valuation": {
    "PE_valuation": 1023.372503, 
    "DFC_valuation": 12802.539352
  },
  "ratios": {
    "ROIC": 29.128016,
    "PB": 12.388052
  },
  "ownerEarnings": 18436000000,
  "growth_rate_revenue": 37.948711,
  "growth_rate_net_income": -94.242303
}
