{
  "ticker": "VAC",
  "valuation": {
    "PE_valuation": 495.954119, 
    "DFC_valuation": 949.080881
  },
  "ratios": {
    "ROIC": 6.876769,
    "PB": 2.178460
  },
  "ownerEarnings": 1023000000,
  "growth_rate_revenue": 2.159530,
  "growth_rate_net_income": -46.567573
}
