{
  "ticker": "VATE",
  "valuation": {
    "PE_valuation": 4.792956, 
    "DFC_valuation": -151.289571
  },
  "ratios": {
    "ROIC": 2.060712,
    "PB": -1.397541
  },
  "ownerEarnings": 110000000,
  "growth_rate_revenue": 61.063517,
  "growth_rate_net_income": 149.120682
}
