{
  "ticker": "VCNX",
  "valuation": {
    "PE_valuation": 3.098581, 
    "DFC_valuation": -24.043132
  },
  "ratios": {
    "ROIC": -330.871291,
    "PB": 5.195865
  },
  "ownerEarnings": -20050000,
  "growth_rate_revenue": 553.680814,
  "growth_rate_net_income": 17.803189
}
