{
  "ticker": "VCRA",
  "valuation": {
    "PE_valuation": 58.828642, 
    "DFC_valuation": 236.798059
  },
  "ratios": {
    "ROIC": -1.242150,
    "PB": 13.718254
  },
  "ownerEarnings": -23813000,
  "growth_rate_revenue": 24.911371,
  "growth_rate_net_income": -258.722696
}
