{
  "ticker": "VCTR",
  "valuation": {
    "PE_valuation": 0.890310, 
    "DFC_valuation": 285.068677
  },
  "ratios": {
    "ROIC": 15.316898,
    "PB": 1.724543
  },
  "ownerEarnings": 365204000,
  "growth_rate_revenue": 2.579775,
  "growth_rate_net_income": -173.326494
}
