{
  "ticker": "VECO",
  "valuation": {
    "PE_valuation": -10.794128, 
    "DFC_valuation": 1379.596378
  },
  "ratios": {
    "ROIC": 21.467971,
    "PB": 1.604733
  },
  "ownerEarnings": 197192000,
  "growth_rate_revenue": 47.693882,
  "growth_rate_net_income": -11.754394
}
