{
  "ticker": "VEL",
  "valuation": {
    "PE_valuation": 15.980516, 
    "DFC_valuation": 64.998058
  },
  "ratios": {
    "ROIC": 3.435381,
    "PB": 0.817281
  },
  "ownerEarnings": 286448000,
  "growth_rate_revenue": 31.909579,
  "growth_rate_net_income": 53.084586
}
