{
  "ticker": "VERBW",
  "valuation": {
    "PE_valuation": 3888.680888, 
    "DFC_valuation": -983981.142109
  },
  "ratios": {
    "ROIC": -204.314921,
    "PB": 3.081961
  },
  "ownerEarnings": -21621000,
  "growth_rate_revenue": 0.0,
  "growth_rate_net_income": 36.422307
}
