{
  "ticker": "VFC",
  "valuation": {
    "PE_valuation": 21.612686, 
    "DFC_valuation": -650.642188
  },
  "ratios": {
    "ROIC": 41.379977,
    "PB": 3.052053
  },
  "ownerEarnings": 4090653000,
  "growth_rate_revenue": 18.121279,
  "growth_rate_net_income": -6.059279
}
