{
  "ticker": "VFF",
  "valuation": {
    "PE_valuation": 69.557718, 
    "DFC_valuation": -67.337754
  },
  "ratios": {
    "ROIC": -12.227059,
    "PB": 0.363277
  },
  "ownerEarnings": 23392000,
  "growth_rate_revenue": 32.603308,
  "growth_rate_net_income": 16.080615
}
