{
  "ticker": "VGR",
  "valuation": {
    "PE_valuation": 16.167686, 
    "DFC_valuation": 86.905831
  },
  "ratios": {
    "ROIC": 39.185898,
    "PB": -2.242481
  },
  "ownerEarnings": 303125000,
  "growth_rate_revenue": 17.093118,
  "growth_rate_net_income": 291.949175
}
