{
  "ticker": "VICR",
  "valuation": {
    "PE_valuation": 233.462799, 
    "DFC_valuation": -1389.228453
  },
  "ratios": {
    "ROIC": 5.012187,
    "PB": 4.885921
  },
  "ownerEarnings": 89156000,
  "growth_rate_revenue": 37.103570,
  "growth_rate_net_income": 64.146008
}
