{
  "ticker": "VIOT",
  "valuation": {
    "PE_valuation": -154.488580, 
    "DFC_valuation": -976.475481
  },
  "ratios": {
    "ROIC": -18.574545,
    "PB": 0.356851
  },
  "ownerEarnings": -39448000,
  "growth_rate_revenue": 117.630418,
  "growth_rate_net_income": 175.259437
}
