{
  "ticker": "VIST",
  "valuation": {
    "PE_valuation": -13.060966, 
    "DFC_valuation": 390.348471
  },
  "ratios": {
    "ROIC": 22.661443,
    "PB": 1.629965
  },
  "ownerEarnings": 1117238000,
  "growth_rate_revenue": 68.034484,
  "growth_rate_net_income": 47.951805
}
