{
  "ticker": "VIV",
  "valuation": {
    "PE_valuation": 110.918973, 
    "DFC_valuation": 2352.295126
  },
  "ratios": {
    "ROIC": 5.555928,
    "PB": 0.936498
  },
  "ownerEarnings": 31148832000,
  "growth_rate_revenue": 26.638457,
  "growth_rate_net_income": 68.650117
}
