{
  "ticker": "VIVE",
  "valuation": {
    "PE_valuation": 11.249899, 
    "DFC_valuation": -18779.379908
  },
  "ratios": {
    "ROIC": -109.474108,
    "PB": 0.763460
  },
  "ownerEarnings": -24775000,
  "growth_rate_revenue": 637.711247,
  "growth_rate_net_income": 756.012732
}
