{
  "ticker": "VIVO",
  "valuation": {
    "PE_valuation": 166.800315, 
    "DFC_valuation": 28114.318995
  },
  "ratios": {
    "ROIC": 15.053834,
    "PB": 3.705789
  },
  "ownerEarnings": 63063000,
  "growth_rate_revenue": 16.653620,
  "growth_rate_net_income": 13.246753
}
