{
  "ticker": "VLCN",
  "valuation": {
    "PE_valuation": -0.000000, 
    "DFC_valuation": -563.299114
  },
  "ratios": {
    "ROIC": -161.402786,
    "PB": 37.553131
  },
  "ownerEarnings": -33241987,
  "growth_rate_revenue": 0.000000,
  "growth_rate_net_income": 0.000000
}
