{
  "ticker": "VLO",
  "valuation": {
    "PE_valuation": 2999.202649, 
    "DFC_valuation": -43767.945511
  },
  "ratios": {
    "ROIC": 41.245985,
    "PB": 2.126807
  },
  "ownerEarnings": 14566000000,
  "growth_rate_revenue": -6.748170,
  "growth_rate_net_income": -66.959137
}
