{
  "ticker": "VLRS",
  "valuation": {
    "PE_valuation": 15.306198, 
    "DFC_valuation": 41.318601
  },
  "ratios": {
    "ROIC": 0.135644,
    "PB": 3.518978
  },
  "ownerEarnings": 666228000,
  "growth_rate_revenue": 18.592373,
  "growth_rate_net_income": 11.121485
}
