{
  "ticker": "VLTO",
  "valuation": {
    "PE_valuation": 0.000000, 
    "DFC_valuation": 2012.152225
  },
  "ratios": {
    "ROIC": 23.533110,
    "PB": 6.021954
  },
  "ownerEarnings": 936000000,
  "growth_rate_revenue": 0.000000,
  "growth_rate_net_income": 0.000000
}
