{
  "ticker": "VMAR",
  "valuation": {
    "PE_valuation": 14.681623, 
    "DFC_valuation": 0.000000
  },
  "ratios": {
    "ROIC": -118.186967,
    "PB": 4.045326
  },
  "ownerEarnings": -19222614,
  "growth_rate_revenue": 60.337283,
  "growth_rate_net_income": -172.895863
}
