{
  "ticker": "VMC",
  "valuation": {
    "PE_valuation": 336.526335, 
    "DFC_valuation": 950.032414
  },
  "ratios": {
    "ROIC": 5.986193,
    "PB": 3.361376
  },
  "ownerEarnings": 2143000000,
  "growth_rate_revenue": 3.478562,
  "growth_rate_net_income": 15.138155
}
