{
  "ticker": "VMI",
  "valuation": {
    "PE_valuation": 1061.476407, 
    "DFC_valuation": 7925.375325
  },
  "ratios": {
    "ROIC": 10.734205,
    "PB": 4.292414
  },
  "ownerEarnings": 557348000,
  "growth_rate_revenue": 30.201167,
  "growth_rate_net_income": -0.804145
}
