{
  "ticker": "VNDA",
  "valuation": {
    "PE_valuation": 1083.695269, 
    "DFC_valuation": 104125924.587602
  },
  "ratios": {
    "ROIC": 0.642336,
    "PB": 0.791455
  },
  "ownerEarnings": -17751000,
  "growth_rate_revenue": 0.0,
  "growth_rate_net_income": 68.449077
}
