{
  "ticker": "VORBW",
  "valuation": {
    "PE_valuation": -0.000000, 
    "DFC_valuation": -10657.745518
  },
  "ratios": {
    "ROIC": -185.761891,
    "PB": 12.821888
  },
  "ownerEarnings": -219268000,
  "growth_rate_revenue": 0.000000,
  "growth_rate_net_income": 0.000000
}
