{
  "ticker": "VQS",
  "valuation": {
    "PE_valuation": 45.161841, 
    "DFC_valuation": -222538.804377
  },
  "ratios": {
    "ROIC": -40.764737,
    "PB": 0.518315
  },
  "ownerEarnings": -7035738,
  "growth_rate_revenue": 3270.060268,
  "growth_rate_net_income": 1233.091308
}
