{
  "ticker": "VRE",
  "valuation": {
    "PE_valuation": 48.070765, 
    "DFC_valuation": 1183.258155
  },
  "ratios": {
    "ROIC": 2.922940,
    "PB": 1.173732
  },
  "ownerEarnings": 109262000,
  "growth_rate_revenue": 148.218625,
  "growth_rate_net_income": 2122.019165
}
