{
  "ticker": "VRRM",
  "valuation": {
    "PE_valuation": 18.620923, 
    "DFC_valuation": 102.905667
  },
  "ratios": {
    "ROIC": 7.936816,
    "PB": 9.148257
  },
  "ownerEarnings": 352740000,
  "growth_rate_revenue": -11897.264201,
  "growth_rate_net_income": -1466.241163
}
