{
  "ticker": "VRS",
  "valuation": {
    "PE_valuation": 0.225142, 
    "DFC_valuation": 239.010723
  },
  "ratios": {
    "ROIC": -2.369281,
    "PB": 1.323246
  },
  "ownerEarnings": 216000000,
  "growth_rate_revenue": 25.382850,
  "growth_rate_net_income": 900.982938
}
