{
  "ticker": "VRTS",
  "valuation": {
    "PE_valuation": 501.306635, 
    "DFC_valuation": 4006.559687
  },
  "ratios": {
    "ROIC": 0.000000,
    "PB": 0.000000
  },
  "ownerEarnings": 53856000,
  "growth_rate_revenue": 20.819406,
  "growth_rate_net_income": -49.242929
}
