{
  "ticker": "VRTV",
  "valuation": {
    "PE_valuation": 3.025109, 
    "DFC_valuation": 259.372312
  },
  "ratios": {
    "ROIC": 0.000000,
    "PB": 0.000000
  },
  "ownerEarnings": 400400000,
  "growth_rate_revenue": 7.657535,
  "growth_rate_net_income": -2583.234006
}
