{
  "ticker": "VRTX",
  "valuation": {
    "PE_valuation": 57528.722574, 
    "DFC_valuation": 781085250.416719
  },
  "ratios": {
    "ROIC": 22.621609,
    "PB": 5.315759
  },
  "ownerEarnings": 3223200000,
  "growth_rate_revenue": 168.774240,
  "growth_rate_net_income": -249.024751
}
