{
  "ticker": "VSAT",
  "valuation": {
    "PE_valuation": 417.170286, 
    "DFC_valuation": -289364.407823
  },
  "ratios": {
    "ROIC": -2.979384,
    "PB": 0.675800
  },
  "ownerEarnings": 910494000,
  "growth_rate_revenue": 58.291292,
  "growth_rate_net_income": 59.955771
}
