{
  "ticker": "VST",
  "valuation": {
    "PE_valuation": 25.984456, 
    "DFC_valuation": -247.838168
  },
  "ratios": {
    "ROIC": -4.680304,
    "PB": 1.844617
  },
  "ownerEarnings": 2959000000,
  "growth_rate_revenue": -0.712517,
  "growth_rate_net_income": -138.271112
}
