{
  "ticker": "VSTO",
  "valuation": {
    "PE_valuation": -0.000000, 
    "DFC_valuation": 574.866198
  },
  "ratios": {
    "ROIC": 0.000000,
    "PB": 0.000000
  },
  "ownerEarnings": 955000000,
  "growth_rate_revenue": 25.922981,
  "growth_rate_net_income": 92.691113
}
