{
  "ticker": "VTLE",
  "valuation": {
    "PE_valuation": 226.238683, 
    "DFC_valuation": 12928.877902
  },
  "ratios": {
    "ROIC": 46.227759,
    "PB": 0.771800
  },
  "ownerEarnings": 2404077000,
  "growth_rate_revenue": 77.081516,
  "growth_rate_net_income": 12.624645
}
