{
  "ticker": "VTNR",
  "valuation": {
    "PE_valuation": 38.638786, 
    "DFC_valuation": 266068.595478
  },
  "ratios": {
    "ROIC": 0.000000,
    "PB": 0.000000
  },
  "ownerEarnings": 144918000,
  "growth_rate_revenue": -76.601659,
  "growth_rate_net_income": -164.170858
}
