{
  "ticker": "VTSI",
  "valuation": {
    "PE_valuation": 1143.777830, 
    "DFC_valuation": -50741256.897557
  },
  "ratios": {
    "ROIC": 4.508340,
    "PB": 1.509489
  },
  "ownerEarnings": 6272712,
  "growth_rate_revenue": 150131.383573,
  "growth_rate_net_income": 289.286168
}
