{
  "ticker": "VVI",
  "valuation": {
    "PE_valuation": 4.452379, 
    "DFC_valuation": -25.844421
  },
  "ratios": {
    "ROIC": 1.727092,
    "PB": 34.560613
  },
  "ownerEarnings": 98601000,
  "growth_rate_revenue": 10.181664,
  "growth_rate_net_income": 25.380927
}
