{
  "ticker": "VVV",
  "valuation": {
    "PE_valuation": 13.201219, 
    "DFC_valuation": -123.731019
  },
  "ratios": {
    "ROIC": 9.140491,
    "PB": 26.198244
  },
  "ownerEarnings": 472400000,
  "growth_rate_revenue": 3.591741,
  "growth_rate_net_income": -2.793878
}
