{
  "ticker": "VWTR",
  "valuation": {
    "PE_valuation": 0.000000, 
    "DFC_valuation": 74.870569
  },
  "ratios": {
    "ROIC": 15.907667,
    "PB": 0.000000
  },
  "ownerEarnings": 33162000,
  "growth_rate_revenue": 3.459000,
  "growth_rate_net_income": -242.548630
}
