{
  "ticker": "VYNT",
  "valuation": {
    "PE_valuation": 0.974125, 
    "DFC_valuation": -142.364423
  },
  "ratios": {
    "ROIC": -160.353280,
    "PB": 0.416013
  },
  "ownerEarnings": -22626000,
  "growth_rate_revenue": 55.389430,
  "growth_rate_net_income": 51.229424
}
