{
  "ticker": "WAT",
  "valuation": {
    "PE_valuation": 884.966752, 
    "DFC_valuation": 2302.273018
  },
  "ratios": {
    "ROIC": 32.873227,
    "PB": 40.733697
  },
  "ownerEarnings": 1062193000,
  "growth_rate_revenue": 24.027090,
  "growth_rate_net_income": -221.832483
}
