{
  "ticker": "WAVD",
  "valuation": {
    "PE_valuation": 11.037562, 
    "DFC_valuation": -21.519012
  },
  "ratios": {
    "ROIC": -156.585198,
    "PB": 23.238080
  },
  "ownerEarnings": 2962214,
  "growth_rate_revenue": -11.008539,
  "growth_rate_net_income": 333.273651
}
