{
  "ticker": "WBX",
  "valuation": {
    "PE_valuation": -0.000000, 
    "DFC_valuation": -1717.096684
  },
  "ratios": {
    "ROIC": -36.873739,
    "PB": 3.404834
  },
  "ownerEarnings": -151791000,
  "growth_rate_revenue": 0.000000,
  "growth_rate_net_income": 0.000000
}
