{
  "ticker": "WCC",
  "valuation": {
    "PE_valuation": 390.055505, 
    "DFC_valuation": 12235.237713
  },
  "ratios": {
    "ROIC": 0.000000,
    "PB": 0.000000
  },
  "ownerEarnings": 1596690000,
  "growth_rate_revenue": 2.630474,
  "growth_rate_net_income": -94.743228
}
