{
  "ticker": "WCN",
  "valuation": {
    "PE_valuation": 10940.611523, 
    "DFC_valuation": 20100115.676563
  },
  "ratios": {
    "ROIC": 6.871713,
    "PB": 4.799580
  },
  "ownerEarnings": 3017941000,
  "growth_rate_revenue": 282.980535,
  "growth_rate_net_income": 143.051418
}
