{
  "ticker": "WD",
  "valuation": {
    "PE_valuation": 382.927768, 
    "DFC_valuation": 115001.920483
  },
  "ratios": {
    "ROIC": 4.899712,
    "PB": 1.501661
  },
  "ownerEarnings": 427081000,
  "growth_rate_revenue": 58.902407,
  "growth_rate_net_income": 125.428555
}
