{
  "ticker": "WDC",
  "valuation": {
    "PE_valuation": 289.343950, 
    "DFC_valuation": -27241.357679
  },
  "ratios": {
    "ROIC": -17.685160,
    "PB": 13.769110
  },
  "ownerEarnings": 79000000,
  "growth_rate_revenue": 40.470599,
  "growth_rate_net_income": -148.997449
}
