{
  "ticker": "WDFC",
  "valuation": {
    "PE_valuation": 583.497568, 
    "DFC_valuation": 2366.386572
  },
  "ratios": {
    "ROIC": 20.055594,
    "PB": 13.881114
  },
  "ownerEarnings": 78320000,
  "growth_rate_revenue": 12.362686,
  "growth_rate_net_income": 14.794421
}
