{
  "ticker": "WEN",
  "valuation": {
    "PE_valuation": 21.942684, 
    "DFC_valuation": 40.165150
  },
  "ratios": {
    "ROIC": 4.165745,
    "PB": 10.756927
  },
  "ownerEarnings": 606938000,
  "growth_rate_revenue": 3.015784,
  "growth_rate_net_income": 321.957827
}
