{
  "ticker": "WEST",
  "valuation": {
    "PE_valuation": -0.000000, 
    "DFC_valuation": -114.832533
  },
  "ratios": {
    "ROIC": 10.599514,
    "PB": 69.825422
  },
  "ownerEarnings": 188098000,
  "growth_rate_revenue": 0.000000,
  "growth_rate_net_income": 0.000000
}
