{
  "ticker": "WETF",
  "valuation": {
    "PE_valuation": 58.892619, 
    "DFC_valuation": 2292.412029
  },
  "ratios": {
    "ROIC": 0.000000,
    "PB": 0.000000
  },
  "ownerEarnings": 24309000,
  "growth_rate_revenue": -6.297735,
  "growth_rate_net_income": 28.840304
}
