{
  "ticker": "WEYS",
  "valuation": {
    "PE_valuation": 45.891356, 
    "DFC_valuation": -337.444608
  },
  "ratios": {
    "ROIC": 10.549843,
    "PB": 0.902989
  },
  "ownerEarnings": 34462000,
  "growth_rate_revenue": 7.551041,
  "growth_rate_net_income": 8.620585
}
