{
  "ticker": "WHD",
  "valuation": {
    "PE_valuation": 50.001452, 
    "DFC_valuation": 133.554531
  },
  "ratios": {
    "ROIC": 18.380235,
    "PB": 4.267514
  },
  "ownerEarnings": 193298000,
  "growth_rate_revenue": 30.131155,
  "growth_rate_net_income": -244.287036
}
