{
  "ticker": "WHR",
  "valuation": {
    "PE_valuation": 0.000000, 
    "DFC_valuation": 452.090920
  },
  "ratios": {
    "ROIC": 0.000000,
    "PB": 0.000000
  },
  "ownerEarnings": 39305000000,
  "growth_rate_revenue": 17.733167,
  "growth_rate_net_income": -2.602546
}
