{
  "ticker": "WIMI",
  "valuation": {
    "PE_valuation": 7.255857, 
    "DFC_valuation": -1248.629682
  },
  "ratios": {
    "ROIC": -23.501558,
    "PB": 0.418110
  },
  "ownerEarnings": -120265101,
  "growth_rate_revenue": 48.490287,
  "growth_rate_net_income": -20.500923
}
