{
  "ticker": "WING",
  "valuation": {
    "PE_valuation": 467.547028, 
    "DFC_valuation": 364.340856
  },
  "ratios": {
    "ROIC": 21.569376,
    "PB": -10.525160
  },
  "ownerEarnings": 129411000,
  "growth_rate_revenue": 19.246812,
  "growth_rate_net_income": 67.941075
}
