{
  "ticker": "WISA",
  "valuation": {
    "PE_valuation": 123.343009, 
    "DFC_valuation": -777.003140
  },
  "ratios": {
    "ROIC": 1502.600724,
    "PB": -1.073834
  },
  "ownerEarnings": -21815000,
  "growth_rate_revenue": 62.130056,
  "growth_rate_net_income": 60.813278
}
