{
  "ticker": "WKC",
  "valuation": {
    "PE_valuation": 10007.580770, 
    "DFC_valuation": 1899026067.556843
  },
  "ratios": {
    "ROIC": 7.709358,
    "PB": 0.857806
  },
  "ownerEarnings": 430100000,
  "growth_rate_revenue": 153.733471,
  "growth_rate_net_income": 155.454545
}
