{
  "ticker": "WKEY",
  "valuation": {
    "PE_valuation": -2.298974, 
    "DFC_valuation": -176.122662
  },
  "ratios": {
    "ROIC": 37.727955,
    "PB": 344.781382
  },
  "ownerEarnings": 5742000,
  "growth_rate_revenue": 145.791364,
  "growth_rate_net_income": 121.289206
}
