{
  "ticker": "WLFC",
  "valuation": {
    "PE_valuation": 22.427962, 
    "DFC_valuation": -17845.475550
  },
  "ratios": {
    "ROIC": 0.186623,
    "PB": 0.885249
  },
  "ownerEarnings": 368719000,
  "growth_rate_revenue": 29.230976,
  "growth_rate_net_income": 61.970824
}
