{
  "ticker": "WLK",
  "valuation": {
    "PE_valuation": 545.760642, 
    "DFC_valuation": 15164.696982
  },
  "ratios": {
    "ROIC": 15.528856,
    "PB": 1.321326
  },
  "ownerEarnings": 4739000000,
  "growth_rate_revenue": 20.143831,
  "growth_rate_net_income": 33.399090
}
