{
  "ticker": "WLKP",
  "valuation": {
    "PE_valuation": 12.432961, 
    "DFC_valuation": 718.178124
  },
  "ratios": {
    "ROIC": 26.594977,
    "PB": 0.917329
  },
  "ownerEarnings": 535269000,
  "growth_rate_revenue": -16.929471,
  "growth_rate_net_income": 49.248282
}
