{
  "ticker": "WMPN",
  "valuation": {
    "PE_valuation": 138.238791, 
    "DFC_valuation": 15967.564662
  },
  "ratios": {
    "ROIC": 1.261787,
    "PB": 0.799322
  },
  "ownerEarnings": 1062000,
  "growth_rate_revenue": 942.627231,
  "growth_rate_net_income": 194.982562
}
