{
  "ticker": "WNC",
  "valuation": {
    "PE_valuation": 159.988676, 
    "DFC_valuation": 4779.175976
  },
  "ratios": {
    "ROIC": 0.000000,
    "PB": 0.000000
  },
  "ownerEarnings": 254584000,
  "growth_rate_revenue": 43.677015,
  "growth_rate_net_income": 77.125418
}
