{
  "ticker": "WNS",
  "valuation": {
    "PE_valuation": 315.558902, 
    "DFC_valuation": 2497.788452
  },
  "ratios": {
    "ROIC": 10.175308,
    "PB": 5.611591
  },
  "ownerEarnings": 197343000,
  "growth_rate_revenue": 57.348773,
  "growth_rate_net_income": -116.122568
}
