{
  "ticker": "WNW",
  "valuation": {
    "PE_valuation": 39442.466936, 
    "DFC_valuation": -44220.914678
  },
  "ratios": {
    "ROIC": -13.607089,
    "PB": 14.818161
  },
  "ownerEarnings": 3718622,
  "growth_rate_revenue": 786.109058,
  "growth_rate_net_income": -532.290902
}
