{
  "ticker": "WOOF",
  "valuation": {
    "PE_valuation": -24.399998, 
    "DFC_valuation": 192.472570
  },
  "ratios": {
    "ROIC": 2.224255,
    "PB": 1.308947
  },
  "ownerEarnings": 702919000,
  "growth_rate_revenue": 26.451800,
  "growth_rate_net_income": 42.811775
}
