{
  "ticker": "WOR",
  "valuation": {
    "PE_valuation": 72.744669, 
    "DFC_valuation": 2166.408790
  },
  "ratios": {
    "ROIC": 11.843868,
    "PB": 0.991072
  },
  "ownerEarnings": 546822000,
  "growth_rate_revenue": 4.202180,
  "growth_rate_net_income": 3.657846
}
