{
  "ticker": "WORK",
  "valuation": {
    "PE_valuation": 181.580464, 
    "DFC_valuation": 35.131573
  },
  "ratios": {
    "ROIC": -109.672029,
    "PB": 28.118123
  },
  "ownerEarnings": -458988000,
  "growth_rate_revenue": 47.980028,
  "growth_rate_net_income": 38.584321
}
