{
  "ticker": "WOW",
  "valuation": {
    "PE_valuation": 0.088283, 
    "DFC_valuation": -110.166188
  },
  "ratios": {
    "ROIC": 0.413173,
    "PB": 1.329527
  },
  "ownerEarnings": 465600000,
  "growth_rate_revenue": -2.407923,
  "growth_rate_net_income": 33.467235
}
