{
  "ticker": "WPC",
  "valuation": {
    "PE_valuation": 290.346088, 
    "DFC_valuation": 3627.755338
  },
  "ratios": {
    "ROIC": 4.847911,
    "PB": 1.698974
  },
  "ownerEarnings": 1632671000,
  "growth_rate_revenue": 14.551578,
  "growth_rate_net_income": -149.773474
}
