{
  "ticker": "WPM",
  "valuation": {
    "PE_valuation": 4807.024097, 
    "DFC_valuation": 91135957.042938
  },
  "ratios": {
    "ROIC": 7.610000,
    "PB": 2.627003
  },
  "ownerEarnings": 607928000,
  "growth_rate_revenue": 10.598444,
  "growth_rate_net_income": 0.0
}
