{
  "ticker": "WRB-PF",
  "valuation": {
    "PE_valuation": 358.233138, 
    "DFC_valuation": 94901.719834
  },
  "ratios": {
    "ROIC": 15.511063,
    "PB": 2.983413
  },
  "ownerEarnings": 1697063000,
  "growth_rate_revenue": 30.500207,
  "growth_rate_net_income": 94.632992
}
