{
  "ticker": "WRK",
  "valuation": {
    "PE_valuation": -318.943271, 
    "DFC_valuation": 9419.393546
  },
  "ratios": {
    "ROIC": -7.811270,
    "PB": 0.910574
  },
  "ownerEarnings": 3677900000,
  "growth_rate_revenue": 14.839176,
  "growth_rate_net_income": -2.699287
}
