{
  "ticker": "WST",
  "valuation": {
    "PE_valuation": 1331.918530, 
    "DFC_valuation": 5192.658491
  },
  "ratios": {
    "ROIC": 19.608370,
    "PB": 6.521673
  },
  "ownerEarnings": 1054900000,
  "growth_rate_revenue": 14.258967,
  "growth_rate_net_income": -9.833167
}
