{
  "ticker": "WTBA",
  "valuation": {
    "PE_valuation": 105.378271, 
    "DFC_valuation": 1697.664710
  },
  "ratios": {
    "ROIC": 10.200041,
    "PB": 1.993207
  },
  "ownerEarnings": 132034000,
  "growth_rate_revenue": 114.506582,
  "growth_rate_net_income": 8.577802
}
