{
  "ticker": "WTFCM",
  "valuation": {
    "PE_valuation": 0.000000, 
    "DFC_valuation": 47462772.825428
  },
  "ratios": {
    "ROIC": 0.000000,
    "PB": 0.000000
  },
  "ownerEarnings": -960940000,
  "growth_rate_revenue": 70.016023,
  "growth_rate_net_income": -161.813721
}
