{
  "ticker": "WTI",
  "valuation": {
    "PE_valuation": 14.292617, 
    "DFC_valuation": 531.012561
  },
  "ratios": {
    "ROIC": 51.670374,
    "PB": 104.629020
  },
  "ownerEarnings": 774286000,
  "growth_rate_revenue": 58.020252,
  "growth_rate_net_income": 1394.868251
}
