{
  "ticker": "WTM",
  "valuation": {
    "PE_valuation": 213.796553, 
    "DFC_valuation": 7877.061421
  },
  "ratios": {
    "ROIC": 25.840016,
    "PB": 1.066796
  },
  "ownerEarnings": 1862200000,
  "growth_rate_revenue": -20.616745,
  "growth_rate_net_income": -35.874237
}
