{
  "ticker": "WTRU",
  "valuation": {
    "PE_valuation": 470.718709, 
    "DFC_valuation": -2900.343106
  },
  "ratios": {
    "ROIC": 5.770507,
    "PB": 1.968167
  },
  "ownerEarnings": 2155423000,
  "growth_rate_revenue": 3.290503,
  "growth_rate_net_income": -11.616111
}
