{
  "ticker": "WTS",
  "valuation": {
    "PE_valuation": 684.515289, 
    "DFC_valuation": 5691.997901
  },
  "ratios": {
    "ROIC": 17.784173,
    "PB": 3.800226
  },
  "ownerEarnings": 324100000,
  "growth_rate_revenue": 26.210754,
  "growth_rate_net_income": 25.113730
}
