{
  "ticker": "WTTR",
  "valuation": {
    "PE_valuation": 7.631869, 
    "DFC_valuation": -33.191809
  },
  "ratios": {
    "ROIC": 4.229549,
    "PB": 1.156551
  },
  "ownerEarnings": 197848000,
  "growth_rate_revenue": 34.393672,
  "growth_rate_net_income": -2201.327238
}
