{
  "ticker": "WTW",
  "valuation": {
    "PE_valuation": 527.828478, 
    "DFC_valuation": 1030.705447
  },
  "ratios": {
    "ROIC": 6.139239,
    "PB": 2.734920
  },
  "ownerEarnings": 1963000000,
  "growth_rate_revenue": 14.961733,
  "growth_rate_net_income": 2598.190697
}
