{
  "ticker": "WU",
  "valuation": {
    "PE_valuation": 20.657810, 
    "DFC_valuation": 55.524075
  },
  "ratios": {
    "ROIC": 23.252110,
    "PB": 11.158945
  },
  "ownerEarnings": 1031600000,
  "growth_rate_revenue": 17.621452,
  "growth_rate_net_income": 22.484060
}
