{
  "ticker": "WWE",
  "valuation": {
    "PE_valuation": 210.218609, 
    "DFC_valuation": 1171.871926
  },
  "ratios": {
    "ROIC": 13.615409,
    "PB": 9.864522
  },
  "ownerEarnings": 493100000,
  "growth_rate_revenue": 37.885504,
  "growth_rate_net_income": 78.862544
}
