{
  "ticker": "WYNN",
  "valuation": {
    "PE_valuation": 43504.722522, 
    "DFC_valuation": -29438439984.608768
  },
  "ratios": {
    "ROIC": -1.715430,
    "PB": -12.480041
  },
  "ownerEarnings": 1173707000,
  "growth_rate_revenue": 92757.420047,
  "growth_rate_net_income": 116.181321
}
