{
  "ticker": "X",
  "valuation": {
    "PE_valuation": 7.090030, 
    "DFC_valuation": -212.348373
  },
  "ratios": {
    "ROIC": 17.790514,
    "PB": 0.605500
  },
  "ownerEarnings": 1761000000,
  "growth_rate_revenue": 2.440050,
  "growth_rate_net_income": -66.666553
}
