{
  "ticker": "XCUR",
  "valuation": {
    "PE_valuation": 19.409970, 
    "DFC_valuation": -12238.141347
  },
  "ratios": {
    "ROIC": -6.745662,
    "PB": 0.356011
  },
  "ownerEarnings": -1581000,
  "growth_rate_revenue": 704.151634,
  "growth_rate_net_income": 59.886515
}
