{
  "ticker": "XENT",
  "valuation": {
    "PE_valuation": 362.466051, 
    "DFC_valuation": -2278.442013
  },
  "ratios": {
    "ROIC": -228.100825,
    "PB": -13.155805
  },
  "ownerEarnings": -156381000,
  "growth_rate_revenue": 107.697735,
  "growth_rate_net_income": 4.207876
}
