{
  "ticker": "XERS",
  "valuation": {
    "PE_valuation": 19.395925, 
    "DFC_valuation": -28401.422862
  },
  "ratios": {
    "ROIC": -31.753487,
    "PB": 3.991998
  },
  "ownerEarnings": -67165000,
  "growth_rate_revenue": 272.293112,
  "growth_rate_net_income": 72.692636
}
