{
  "ticker": "XGN",
  "valuation": {
    "PE_valuation": 157.174925, 
    "DFC_valuation": -19129.787721
  },
  "ratios": {
    "ROIC": -48.858273,
    "PB": 0.965559
  },
  "ownerEarnings": -32695000,
  "growth_rate_revenue": 158.985373,
  "growth_rate_net_income": 22.048782
}
