{
  "ticker": "XHR",
  "valuation": {
    "PE_valuation": 4.953181, 
    "DFC_valuation": 69.069348
  },
  "ratios": {
    "ROIC": 3.737850,
    "PB": 1.037887
  },
  "ownerEarnings": 355326000,
  "growth_rate_revenue": 20.985292,
  "growth_rate_net_income": -77.271366
}
