{
  "ticker": "XLRN",
  "valuation": {
    "PE_valuation": 34.595394, 
    "DFC_valuation": -132.430484
  },
  "ratios": {
    "ROIC": 40.026687,
    "PB": 8.498342
  },
  "ownerEarnings": -190813000,
  "growth_rate_revenue": 49.184363,
  "growth_rate_net_income": -18.667651
}
