{
  "ticker": "XM",
  "valuation": {
    "PE_valuation": 97.098719, 
    "DFC_valuation": -51.720057
  },
  "ratios": {
    "ROIC": -43.491104,
    "PB": 3.185305
  },
  "ownerEarnings": -1963708000,
  "growth_rate_revenue": 51.964956,
  "growth_rate_net_income": 283.925951
}
