{
  "ticker": "XOS",
  "valuation": {
    "PE_valuation": -0.000000, 
    "DFC_valuation": -609.123479
  },
  "ratios": {
    "ROIC": -65.661240,
    "PB": 19.591493
  },
  "ownerEarnings": -183362000,
  "growth_rate_revenue": 0.000000,
  "growth_rate_net_income": 0.000000
}
