{
  "ticker": "XPO",
  "valuation": {
    "PE_valuation": 2106.573640, 
    "DFC_valuation": 6747856.854143
  },
  "ratios": {
    "ROIC": 8.667197,
    "PB": 3.782955
  },
  "ownerEarnings": 1712000000,
  "growth_rate_revenue": 61.528077,
  "growth_rate_net_income": -503.439164
}
