{
  "ticker": "Y",
  "valuation": {
    "PE_valuation": 27867.474657, 
    "DFC_valuation": 152937.951906
  },
  "ratios": {
    "ROIC": 0.000000,
    "PB": 1.006737
  },
  "ownerEarnings": 1381304000,
  "growth_rate_revenue": 22.133650,
  "growth_rate_net_income": -2.604265
}
