{
  "ticker": "YALA",
  "valuation": {
    "PE_valuation": 20.729313, 
    "DFC_valuation": 184.814518
  },
  "ratios": {
    "ROIC": 17.168396,
    "PB": 1.219607
  },
  "ownerEarnings": 63799206,
  "growth_rate_revenue": 43.992826,
  "growth_rate_net_income": 580.270639
}
