{
  "ticker": "YCBD",
  "valuation": {
    "PE_valuation": 7.551526, 
    "DFC_valuation": -847.177313
  },
  "ratios": {
    "ROIC": -218.906270,
    "PB": 0.230642
  },
  "ownerEarnings": -19541451,
  "growth_rate_revenue": 118.153214,
  "growth_rate_net_income": 2596.689816
}
