{
  "ticker": "YELL",
  "valuation": {
    "PE_valuation": -0.487641, 
    "DFC_valuation": 324.900442
  },
  "ratios": {
    "ROIC": 0.000000,
    "PB": 0.000000
  },
  "ownerEarnings": 505400000,
  "growth_rate_revenue": 10.765770,
  "growth_rate_net_income": 56.888209
}
