{
  "ticker": "YI",
  "valuation": {
    "PE_valuation": 100.778181, 
    "DFC_valuation": -310.447143
  },
  "ratios": {
    "ROIC": 1162.348681,
    "PB": -4.192250
  },
  "ownerEarnings": -512612000,
  "growth_rate_revenue": 94.066755,
  "growth_rate_net_income": 22.160466
}
