{
  "ticker": "YNDX",
  "valuation": {
    "PE_valuation": 14187.660950, 
    "DFC_valuation": -408950.774168
  },
  "ratios": {
    "ROIC": 4.012951,
    "PB": 1.590831
  },
  "ownerEarnings": 58860000000,
  "growth_rate_revenue": 53.224374,
  "growth_rate_net_income": 68.439674
}
