{
  "ticker": "YPF",
  "valuation": {
    "PE_valuation": -87895.611751, 
    "DFC_valuation": 38692517267429.070312
  },
  "ratios": {
    "ROIC": 8.778949,
    "PB": 0.347377
  },
  "ownerEarnings": 1193973000000,
  "growth_rate_revenue": 48.571595,
  "growth_rate_net_income": 112.897858
}
