{
  "ticker": "YQ",
  "valuation": {
    "PE_valuation": 12.681521, 
    "DFC_valuation": -66.408875
  },
  "ratios": {
    "ROIC": -26.000409,
    "PB": 0.903754
  },
  "ownerEarnings": -313215000,
  "growth_rate_revenue": 35.612108,
  "growth_rate_net_income": -24.721134
}
