{
  "ticker": "YRD",
  "valuation": {
    "PE_valuation": 433.263886, 
    "DFC_valuation": 1202323.525674
  },
  "ratios": {
    "ROIC": 17.153483,
    "PB": 0.132417
  },
  "ownerEarnings": 1129363000,
  "growth_rate_revenue": 434.970428,
  "growth_rate_net_income": -219.769242
}
