{
  "ticker": "YSG",
  "valuation": {
    "PE_valuation": 43.123291, 
    "DFC_valuation": 7.045153
  },
  "ratios": {
    "ROIC": -18.696904,
    "PB": 0.444719
  },
  "ownerEarnings": -1282970000,
  "growth_rate_revenue": 81.203426,
  "growth_rate_net_income": -1036.164247
}
