{
  "ticker": "YUM",
  "valuation": {
    "PE_valuation": 64.099269, 
    "DFC_valuation": 205.883136
  },
  "ratios": {
    "ROIC": 45.381232,
    "PB": -4.285687
  },
  "ownerEarnings": 2680000000,
  "growth_rate_revenue": -4.972177,
  "growth_rate_net_income": -114.127135
}
