{
  "ticker": "Z",
  "valuation": {
    "PE_valuation": 274.042156, 
    "DFC_valuation": 3403378.933710
  },
  "ratios": {
    "ROIC": -0.412911,
    "PB": 1.740310
  },
  "ownerEarnings": -101000000,
  "growth_rate_revenue": 100.480513,
  "growth_rate_net_income": 53.967890
}
