{
  "ticker": "ZBRA",
  "valuation": {
    "PE_valuation": 4649.605101, 
    "DFC_valuation": 661221.357887
  },
  "ratios": {
    "ROIC": 22.756944,
    "PB": 4.898144
  },
  "ownerEarnings": 2258000000,
  "growth_rate_revenue": 39.734984,
  "growth_rate_net_income": 36.276426
}
