{
  "ticker": "ZDGE",
  "valuation": {
    "PE_valuation": 3.288944, 
    "DFC_valuation": 416.936023
  },
  "ratios": {
    "ROIC": -15.548347,
    "PB": 0.761671
  },
  "ownerEarnings": 2509000,
  "growth_rate_revenue": 10.262816,
  "growth_rate_net_income": -279.361128
}
