{
  "ticker": "ZDVSV",
  "valuation": {
    "PE_valuation": 1132.416139, 
    "DFC_valuation": 2691198.563052
  },
  "ratios": {
    "ROIC": 3.696060,
    "PB": 1.918096
  },
  "ownerEarnings": 557581000,
  "growth_rate_revenue": 108.169030,
  "growth_rate_net_income": -42.131285
}
