{
  "ticker": "ZEAL",
  "valuation": {
    "PE_valuation": 399.471318, 
    "DFC_valuation": -4079.854153
  },
  "ratios": {
    "ROIC": 408.944798,
    "PB": 5.796645
  },
  "ownerEarnings": -1001089000,
  "growth_rate_revenue": 75.980855,
  "growth_rate_net_income": 45.773794
}
