{
  "ticker": "ZENV",
  "valuation": {
    "PE_valuation": 7.439721, 
    "DFC_valuation": 246.259735
  },
  "ratios": {
    "ROIC": -18.678089,
    "PB": 0.269055
  },
  "ownerEarnings": 61513000,
  "growth_rate_revenue": 3.887621,
  "growth_rate_net_income": 41.887238
}
