{
  "ticker": "ZH",
  "valuation": {
    "PE_valuation": -0.000000, 
    "DFC_valuation": -590.157350
  },
  "ratios": {
    "ROIC": -27.678211,
    "PB": 0.966883
  },
  "ownerEarnings": -1996090000,
  "growth_rate_revenue": 0.000000,
  "growth_rate_net_income": 0.000000
}
