{
  "ticker": "ZIM",
  "valuation": {
    "PE_valuation": 27.290888, 
    "DFC_valuation": 12851.465183
  },
  "ratios": {
    "ROIC": 32.732233,
    "PB": 0.350281
  },
  "ownerEarnings": 6718700000,
  "growth_rate_revenue": 54.369481,
  "growth_rate_net_income": -1370.087624
}
