{
  "ticker": "ZIXI",
  "valuation": {
    "PE_valuation": 19.460002, 
    "DFC_valuation": 1128.318868
  },
  "ratios": {
    "ROIC": 1.614923,
    "PB": 3.050978
  },
  "ownerEarnings": 52688000,
  "growth_rate_revenue": 84.698634,
  "growth_rate_net_income": -51.768066
}
