{
  "ticker": "ZME",
  "valuation": {
    "PE_valuation": -0.000000, 
    "DFC_valuation": -16960.191949
  },
  "ratios": {
    "ROIC": 82.961072,
    "PB": -3.566913
  },
  "ownerEarnings": -1075154000,
  "growth_rate_revenue": 0.000000,
  "growth_rate_net_income": 0.000000
}
