{
  "ticker": "ZUMZ",
  "valuation": {
    "PE_valuation": 46.082032, 
    "DFC_valuation": -672.335871
  },
  "ratios": {
    "ROIC": 2.199802,
    "PB": 1.214270
  },
  "ownerEarnings": 58562000,
  "growth_rate_revenue": 440.143557,
  "growth_rate_net_income": -662.261175
}
