{
  "ticker": "ZUO",
  "valuation": {
    "PE_valuation": 31.040900, 
    "DFC_valuation": -793.605864
  },
  "ratios": {
    "ROIC": -25.537908,
    "PB": 6.011854
  },
  "ownerEarnings": -183147000,
  "growth_rate_revenue": 34.813804,
  "growth_rate_net_income": 15.369832
}
