{
  "ticker": "ZVO",
  "valuation": {
    "PE_valuation": 3.335499, 
    "DFC_valuation": -178.945015
  },
  "ratios": {
    "ROIC": -49.087217,
    "PB": 2.111123
  },
  "ownerEarnings": -36226000,
  "growth_rate_revenue": 137.537085,
  "growth_rate_net_income": 206.189638
}
