{
  "ticker": "ZY",
  "valuation": {
    "PE_valuation": -0.000000, 
    "DFC_valuation": -204.272588
  },
  "ratios": {
    "ROIC": 136.194522,
    "PB": 1.215656
  },
  "ownerEarnings": -299551000,
  "growth_rate_revenue": 0.000000,
  "growth_rate_net_income": 0.000000
}
