{
  "ticker": "ZYME",
  "valuation": {
    "PE_valuation": -573.152939, 
    "DFC_valuation": 439870.888837
  },
  "ratios": {
    "ROIC": 21.853241,
    "PB": 1.039506
  },
  "ownerEarnings": 136043000,
  "growth_rate_revenue": 205.184676,
  "growth_rate_net_income": 151.102439
}
