{
  "ticker": "ZYNE",
  "valuation": {
    "PE_valuation": 0.003683, 
    "DFC_valuation": -26.484419
  },
  "ratios": {
    "ROIC": -74.704190,
    "PB": 0.489117
  },
  "ownerEarnings": -38798036,
  "growth_rate_revenue": 227.263267,
  "growth_rate_net_income": 264.901676
}
