{
  "ticker": "ZYXI",
  "valuation": {
    "PE_valuation": 1286.199901, 
    "DFC_valuation": 3892225.738490
  },
  "ratios": {
    "ROIC": 16.065953,
    "PB": 8.063473
  },
  "ownerEarnings": 19731000,
  "growth_rate_revenue": 0.0,
  "growth_rate_net_income": 1540.440266
}
